[22Mar2025 23:14:33.083] [main/INFO] [cpw.mods.modlauncher.Launcher/MODLAUNCHER]: ModLauncher running: args [--launchTarget, forgeserver, --fml.forgeVersion, 47.3.7, --fml.mcVersion, 1.20.1, --fml.forgeGroup, net.minecraftforge, --fml.mcpVersion, 20230612.114412, nogui]
[22Mar2025 23:14:33.088] [main/INFO] [cpw.mods.modlauncher.Launcher/MODLAUNCHER]: ModLauncher 10.0.9+10.0.9+main.dcd20f30 starting: java version 17.0.14 by Ubuntu; OS Linux arch amd64 version 6.8.0-1021-azure
[22Mar2025 23:14:33.114] [main/DEBUG] [cpw.mods.modlauncher.LaunchServiceHandler/MODLAUNCHER]: Found launch services [fmlclientdev,forgeclient,minecraft,forgegametestserverdev,fmlserveruserdev,fmlclient,fmldatauserdev,forgeserverdev,forgeserveruserdev,forgeclientdev,forgeclientuserdev,forgeserver,forgedatadev,fmlserver,fmlclientuserdev,fmlserverdev,forgedatauserdev,testharness,forgegametestserveruserdev]
[22Mar2025 23:14:33.135] [main/DEBUG] [cpw.mods.modlauncher.NameMappingServiceHandler/MODLAUNCHER]: Found naming services : [srgtomcp]
[22Mar2025 23:14:33.157] [main/DEBUG] [cpw.mods.modlauncher.LaunchPluginHandler/MODLAUNCHER]: Found launch plugins: [mixin,eventbus,slf4jfixer,object_holder_definalize,runtime_enum_extender,capability_token_subclass,accesstransformer,runtimedistcleaner]
[22Mar2025 23:14:33.169] [main/DEBUG] [cpw.mods.modlauncher.TransformationServicesHandler/MODLAUNCHER]: Discovering transformation services
[22Mar2025 23:14:33.175] [main/DEBUG] [net.minecraftforge.fml.loading.FMLPaths/CORE]: Path GAMEDIR is /workspaces/paaapule3/servidor_minecraft
[22Mar2025 23:14:33.175] [main/DEBUG] [net.minecraftforge.fml.loading.FMLPaths/CORE]: Path MODSDIR is /workspaces/paaapule3/servidor_minecraft/mods
[22Mar2025 23:14:33.176] [main/DEBUG] [net.minecraftforge.fml.loading.FMLPaths/CORE]: Path CONFIGDIR is /workspaces/paaapule3/servidor_minecraft/config
[22Mar2025 23:14:33.176] [main/DEBUG] [net.minecraftforge.fml.loading.FMLPaths/CORE]: Path FMLCONFIG is /workspaces/paaapule3/servidor_minecraft/config/fml.toml
[22Mar2025 23:14:34.079] [main/DEBUG] [cpw.mods.modlauncher.TransformationServicesHandler/MODLAUNCHER]: Found additional transformation services from discovery services: 
[22Mar2025 23:14:34.085] [main/INFO] [net.minecraftforge.fml.loading.ImmediateWindowHandler/]: ImmediateWindowProvider not loading because launch target is forgeserver
[22Mar2025 23:14:34.095] [main/DEBUG] [cpw.mods.modlauncher.TransformationServicesHandler/MODLAUNCHER]: Found transformer services : [mixin,fml]
[22Mar2025 23:14:34.095] [main/DEBUG] [cpw.mods.modlauncher.TransformationServicesHandler/MODLAUNCHER]: Transformation services loading
[22Mar2025 23:14:34.096] [main/DEBUG] [cpw.mods.modlauncher.TransformationServiceDecorator/MODLAUNCHER]: Loading service mixin
[22Mar2025 23:14:34.096] [main/DEBUG] [cpw.mods.modlauncher.TransformationServiceDecorator/MODLAUNCHER]: Loaded service mixin
[22Mar2025 23:14:34.097] [main/DEBUG] [cpw.mods.modlauncher.TransformationServiceDecorator/MODLAUNCHER]: Loading service fml
[22Mar2025 23:14:34.097] [main/DEBUG] [net.minecraftforge.fml.loading.LauncherVersion/CORE]: Found FMLLauncher version 1.0
[22Mar2025 23:14:34.098] [main/DEBUG] [net.minecraftforge.fml.loading.FMLLoader/CORE]: FML 1.0 loading
[22Mar2025 23:14:34.098] [main/DEBUG] [net.minecraftforge.fml.loading.FMLLoader/CORE]: FML found ModLauncher version : 10.0.9+10.0.9+main.dcd20f30
[22Mar2025 23:14:34.098] [main/DEBUG] [net.minecraftforge.fml.loading.FMLLoader/CORE]: FML found AccessTransformer version : 8.0.4+66+master.c09db6d7
[22Mar2025 23:14:34.098] [main/DEBUG] [net.minecraftforge.fml.loading.FMLLoader/CORE]: FML found EventBus version : 6.0.5+6.0.5+master.eb8e549b
[22Mar2025 23:14:34.099] [main/DEBUG] [net.minecraftforge.fml.loading.FMLLoader/CORE]: Found Runtime Dist Cleaner
[22Mar2025 23:14:34.101] [main/DEBUG] [net.minecraftforge.fml.loading.FMLLoader/CORE]: FML found CoreMod version : 5.1.6
[22Mar2025 23:14:34.102] [main/DEBUG] [net.minecraftforge.fml.loading.FMLLoader/CORE]: Found ForgeSPI package implementation version 7.0.1+7.0.1+master.d2b38bf6
[22Mar2025 23:14:34.102] [main/DEBUG] [net.minecraftforge.fml.loading.FMLLoader/CORE]: Found ForgeSPI package specification 5
[22Mar2025 23:14:34.102] [main/DEBUG] [cpw.mods.modlauncher.TransformationServiceDecorator/MODLAUNCHER]: Loaded service fml
[22Mar2025 23:14:34.103] [main/DEBUG] [cpw.mods.modlauncher.TransformationServicesHandler/MODLAUNCHER]: Configuring option handling for services
[22Mar2025 23:14:34.113] [main/DEBUG] [cpw.mods.modlauncher.TransformationServicesHandler/MODLAUNCHER]: Transformation services initializing
[22Mar2025 23:14:34.114] [main/DEBUG] [cpw.mods.modlauncher.TransformationServiceDecorator/MODLAUNCHER]: Initializing transformation service mixin
[22Mar2025 23:14:34.131] [main/DEBUG] [mixin/]: MixinService [ModLauncher] was successfully booted in cpw.mods.cl.ModuleClassLoader@7a3d45bd
[22Mar2025 23:14:34.156] [main/INFO] [mixin/]: SpongePowered MIXIN Subsystem Version=0.8.5 Source=union:/workspaces/paaapule3/servidor_minecraft/libraries/org/spongepowered/mixin/0.8.5/mixin-0.8.5.jar%2365!/ Service=ModLauncher Env=SERVER
[22Mar2025 23:14:34.161] [main/DEBUG] [mixin/]: Initialising Mixin Platform Manager
[22Mar2025 23:14:34.161] [main/DEBUG] [mixin/]: Adding mixin platform agents for container ModLauncher Root Container(ModLauncher:4f56a0a2)
[22Mar2025 23:14:34.162] [main/DEBUG] [mixin/]: Instancing new MixinPlatformAgentMinecraftForge for ModLauncher Root Container(ModLauncher:4f56a0a2)
[22Mar2025 23:14:34.162] [main/DEBUG] [mixin/]: MixinPlatformAgentMinecraftForge rejected container ModLauncher Root Container(ModLauncher:4f56a0a2)
[22Mar2025 23:14:34.163] [main/DEBUG] [mixin/]: Instancing new MixinPlatformAgentDefault for ModLauncher Root Container(ModLauncher:4f56a0a2)
[22Mar2025 23:14:34.163] [main/DEBUG] [mixin/]: MixinPlatformAgentDefault accepted container ModLauncher Root Container(ModLauncher:4f56a0a2)
[22Mar2025 23:14:34.166] [main/DEBUG] [cpw.mods.modlauncher.TransformationServiceDecorator/MODLAUNCHER]: Initialized transformation service mixin
[22Mar2025 23:14:34.167] [main/DEBUG] [cpw.mods.modlauncher.TransformationServiceDecorator/MODLAUNCHER]: Initializing transformation service fml
[22Mar2025 23:14:34.167] [main/DEBUG] [net.minecraftforge.fml.loading.FMLServiceProvider/CORE]: Setting up basic FML game directories
[22Mar2025 23:14:34.167] [main/DEBUG] [net.minecraftforge.fml.loading.FMLPaths/CORE]: Path GAMEDIR is /workspaces/paaapule3/servidor_minecraft
[22Mar2025 23:14:34.168] [main/DEBUG] [net.minecraftforge.fml.loading.FMLPaths/CORE]: Path MODSDIR is /workspaces/paaapule3/servidor_minecraft/mods
[22Mar2025 23:14:34.168] [main/DEBUG] [net.minecraftforge.fml.loading.FMLPaths/CORE]: Path CONFIGDIR is /workspaces/paaapule3/servidor_minecraft/config
[22Mar2025 23:14:34.168] [main/DEBUG] [net.minecraftforge.fml.loading.FMLPaths/CORE]: Path FMLCONFIG is /workspaces/paaapule3/servidor_minecraft/config/fml.toml
[22Mar2025 23:14:34.168] [main/DEBUG] [net.minecraftforge.fml.loading.FMLServiceProvider/CORE]: Loading configuration
[22Mar2025 23:14:34.171] [main/DEBUG] [net.minecraftforge.fml.loading.FMLServiceProvider/CORE]: Preparing ModFile
[22Mar2025 23:14:34.173] [main/DEBUG] [net.minecraftforge.fml.loading.FMLServiceProvider/CORE]: Preparing launch handler
[22Mar2025 23:14:34.174] [main/DEBUG] [net.minecraftforge.fml.loading.FMLLoader/CORE]: Using forgeserver as launch service
[22Mar2025 23:14:34.187] [main/DEBUG] [net.minecraftforge.fml.loading.FMLLoader/CORE]: Received command line version data  : VersionInfo[forgeVersion=47.3.7, mcVersion=1.20.1, mcpVersion=20230612.114412, forgeGroup=net.minecraftforge]
[22Mar2025 23:14:34.188] [main/DEBUG] [cpw.mods.modlauncher.TransformationServiceDecorator/MODLAUNCHER]: Initialized transformation service fml
[22Mar2025 23:14:34.189] [main/DEBUG] [cpw.mods.modlauncher.NameMappingServiceHandler/MODLAUNCHER]: Current naming domain is 'srg'
[22Mar2025 23:14:34.189] [main/DEBUG] [cpw.mods.modlauncher.NameMappingServiceHandler/MODLAUNCHER]: Identified name mapping providers {}
[22Mar2025 23:14:34.189] [main/DEBUG] [cpw.mods.modlauncher.TransformationServicesHandler/MODLAUNCHER]: Transformation services begin scanning
[22Mar2025 23:14:34.190] [main/DEBUG] [cpw.mods.modlauncher.TransformationServiceDecorator/MODLAUNCHER]: Beginning scan trigger - transformation service mixin
[22Mar2025 23:14:34.190] [main/DEBUG] [cpw.mods.modlauncher.TransformationServiceDecorator/MODLAUNCHER]: End scan trigger - transformation service mixin
[22Mar2025 23:14:34.190] [main/DEBUG] [cpw.mods.modlauncher.TransformationServiceDecorator/MODLAUNCHER]: Beginning scan trigger - transformation service fml
[22Mar2025 23:14:34.191] [main/DEBUG] [net.minecraftforge.fml.loading.FMLServiceProvider/CORE]: Initiating mod scan
[22Mar2025 23:14:34.201] [main/DEBUG] [net.minecraftforge.fml.loading.moddiscovery.ModListHandler/CORE]: Found mod coordinates from lists: []
[22Mar2025 23:14:34.205] [main/DEBUG] [net.minecraftforge.fml.loading.moddiscovery.ModDiscoverer/CORE]: Found Mod Locators : (mods folder:null),(maven libs:null),(exploded directory:null),(minecraft:null),(userdev classpath:null)
[22Mar2025 23:14:34.206] [main/DEBUG] [net.minecraftforge.fml.loading.moddiscovery.ModDiscoverer/CORE]: Found Dependency Locators : (JarInJar:null)
[22Mar2025 23:14:34.223] [main/DEBUG] [net.minecraftforge.fml.loading.moddiscovery.ModFileParser/LOADING]: Considering mod file candidate /workspaces/paaapule3/servidor_minecraft/mods/alexscaves-2.0.2.jar
[22Mar2025 23:14:34.273] [main/DEBUG] [net.minecraftforge.fml.loading.moddiscovery.ModFileInfo/LOADING]: Found valid mod file alexscaves-2.0.2.jar with {alexscaves} mods - versions {2.0.2}
[22Mar2025 23:14:34.278] [main/DEBUG] [net.minecraftforge.fml.loading.moddiscovery.ModFileParser/LOADING]: Considering mod file candidate /workspaces/paaapule3/servidor_minecraft/mods/alexsmobs-1.22.9.jar
[22Mar2025 23:14:34.279] [main/DEBUG] [net.minecraftforge.fml.loading.moddiscovery.ModFileInfo/LOADING]: Found valid mod file alexsmobs-1.22.9.jar with {alexsmobs} mods - versions {1.22.9}
[22Mar2025 23:14:34.280] [main/DEBUG] [net.minecraftforge.fml.loading.moddiscovery.ModFileParser/LOADING]: Considering mod file candidate /workspaces/paaapule3/servidor_minecraft/mods/AmbientSounds_FORGE_v6.1.4_mc1.20.1.jar
[22Mar2025 23:14:34.282] [main/DEBUG] [net.minecraftforge.fml.loading.moddiscovery.ModFileInfo/LOADING]: Found valid mod file AmbientSounds_FORGE_v6.1.4_mc1.20.1.jar with {ambientsounds} mods - versions {6.1.4}
[22Mar2025 23:14:34.283] [main/DEBUG] [net.minecraftforge.fml.loading.moddiscovery.ModFileParser/LOADING]: Considering mod file candidate /workspaces/paaapule3/servidor_minecraft/mods/architectury-9.2.14-forge.jar
[22Mar2025 23:14:34.284] [main/DEBUG] [net.minecraftforge.fml.loading.moddiscovery.ModFileInfo/LOADING]: Found valid mod file architectury-9.2.14-forge.jar with {architectury} mods - versions {9.2.14}
[22Mar2025 23:14:34.284] [main/DEBUG] [net.minecraftforge.fml.loading.moddiscovery.ModFileParser/LOADING]: Considering mod file candidate /workspaces/paaapule3/servidor_minecraft/mods/artifacts-forge-9.5.13.jar
[22Mar2025 23:14:34.287] [main/DEBUG] [net.minecraftforge.fml.loading.moddiscovery.ModFileInfo/LOADING]: Found valid mod file artifacts-forge-9.5.13.jar with {artifacts} mods - versions {9.5.13}
[22Mar2025 23:14:34.287] [main/DEBUG] [net.minecraftforge.fml.loading.moddiscovery.ModFileParser/LOADING]: Considering mod file candidate /workspaces/paaapule3/servidor_minecraft/mods/badpackets-forge-0.4.3.jar
[22Mar2025 23:14:34.288] [main/DEBUG] [net.minecraftforge.fml.loading.moddiscovery.ModFileInfo/LOADING]: Found valid mod file badpackets-forge-0.4.3.jar with {badpackets} mods - versions {0.4.3}
[22Mar2025 23:14:34.289] [main/DEBUG] [net.minecraftforge.fml.loading.moddiscovery.ModFileParser/LOADING]: Considering mod file candidate /workspaces/paaapule3/servidor_minecraft/mods/balm-forge-1.20.1-7.3.14-all.jar
[22Mar2025 23:14:34.291] [main/DEBUG] [net.minecraftforge.fml.loading.moddiscovery.ModFileInfo/LOADING]: Found valid mod file balm-forge-1.20.1-7.3.14-all.jar with {balm} mods - versions {7.3.14}
[22Mar2025 23:14:34.292] [main/DEBUG] [net.minecraftforge.fml.loading.moddiscovery.ModFileParser/LOADING]: Considering mod file candidate /workspaces/paaapule3/servidor_minecraft/mods/citadel-2.6.1-1.20.1.jar
[22Mar2025 23:14:34.294] [main/DEBUG] [net.minecraftforge.fml.loading.moddiscovery.ModFileInfo/LOADING]: Found valid mod file citadel-2.6.1-1.20.1.jar with {citadel} mods - versions {2.6.1}
[22Mar2025 23:14:34.295] [main/DEBUG] [net.minecraftforge.fml.loading.moddiscovery.ModFileParser/LOADING]: Considering mod file candidate /workspaces/paaapule3/servidor_minecraft/mods/cloth-config-11.1.136-forge.jar
[22Mar2025 23:14:34.296] [main/DEBUG] [net.minecraftforge.fml.loading.moddiscovery.ModFileInfo/LOADING]: Found valid mod file cloth-config-11.1.136-forge.jar with {cloth_config} mods - versions {11.1.136}
[22Mar2025 23:14:34.296] [main/DEBUG] [net.minecraftforge.fml.loading.moddiscovery.ModFileParser/LOADING]: Considering mod file candidate /workspaces/paaapule3/servidor_minecraft/mods/comforts-forge-6.4.0+1.20.1.jar
[22Mar2025 23:14:34.297] [main/DEBUG] [net.minecraftforge.fml.loading.moddiscovery.ModFileInfo/LOADING]: Found valid mod file comforts-forge-6.4.0+1.20.1.jar with {comforts} mods - versions {6.4.0+1.20.1}
[22Mar2025 23:14:34.298] [main/DEBUG] [net.minecraftforge.fml.loading.moddiscovery.ModFileParser/LOADING]: Considering mod file candidate /workspaces/paaapule3/servidor_minecraft/mods/CreativeCore_FORGE_v2.12.31_mc1.20.1.jar
[22Mar2025 23:14:34.299] [main/DEBUG] [net.minecraftforge.fml.loading.moddiscovery.ModFileInfo/LOADING]: Found valid mod file CreativeCore_FORGE_v2.12.31_mc1.20.1.jar with {creativecore} mods - versions {2.12.31}
[22Mar2025 23:14:34.300] [main/DEBUG] [net.minecraftforge.fml.loading.moddiscovery.ModFileParser/LOADING]: Considering mod file candidate /workspaces/paaapule3/servidor_minecraft/mods/curios-forge-5.11.1+1.20.1.jar
[22Mar2025 23:14:34.303] [main/DEBUG] [net.minecraftforge.fml.loading.moddiscovery.ModFileInfo/LOADING]: Found valid mod file curios-forge-5.11.1+1.20.1.jar with {curios} mods - versions {5.11.1+1.20.1}
[22Mar2025 23:14:34.304] [main/DEBUG] [net.minecraftforge.fml.loading.moddiscovery.ModFileParser/LOADING]: Considering mod file candidate /workspaces/paaapule3/servidor_minecraft/mods/Dungeon Crawl-1.20.1-2.3.15.jar
[22Mar2025 23:14:34.305] [main/DEBUG] [net.minecraftforge.fml.loading.moddiscovery.ModFileInfo/LOADING]: Found valid mod file Dungeon Crawl-1.20.1-2.3.15.jar with {dungeoncrawl} mods - versions {2.3.15}
[22Mar2025 23:14:34.306] [main/DEBUG] [net.minecraftforge.fml.loading.moddiscovery.ModFileParser/LOADING]: Considering mod file candidate /workspaces/paaapule3/servidor_minecraft/mods/DungeonsArise-1.20.x-2.1.58-release.jar
[22Mar2025 23:14:34.307] [main/DEBUG] [net.minecraftforge.fml.loading.moddiscovery.ModFileInfo/LOADING]: Found valid mod file DungeonsArise-1.20.x-2.1.58-release.jar with {dungeons_arise} mods - versions {2.1.58-1.20.x}
[22Mar2025 23:14:34.308] [main/DEBUG] [net.minecraftforge.fml.loading.moddiscovery.ModFileParser/LOADING]: Considering mod file candidate /workspaces/paaapule3/servidor_minecraft/mods/dynamiclights-1.20.1.2.jar
[22Mar2025 23:14:34.309] [main/DEBUG] [net.minecraftforge.fml.loading.moddiscovery.ModFileInfo/LOADING]: Found valid mod file dynamiclights-1.20.1.2.jar with {dynamiclights} mods - versions {1.20.1.2}
[22Mar2025 23:14:34.311] [main/DEBUG] [net.minecraftforge.fml.loading.moddiscovery.ModFileParser/LOADING]: Considering mod file candidate /workspaces/paaapule3/servidor_minecraft/mods/EasyMagic-v8.0.1-1.20.1-Forge.jar
[22Mar2025 23:14:34.312] [main/DEBUG] [net.minecraftforge.fml.loading.moddiscovery.ModFileInfo/LOADING]: Found valid mod file EasyMagic-v8.0.1-1.20.1-Forge.jar with {easymagic} mods - versions {8.0.1}
[22Mar2025 23:14:34.315] [main/DEBUG] [net.minecraftforge.fml.loading.moddiscovery.ModFileParser/LOADING]: Considering mod file candidate /workspaces/paaapule3/servidor_minecraft/mods/FallingTree-1.20.1-4.3.4.jar
[22Mar2025 23:14:34.316] [main/DEBUG] [net.minecraftforge.fml.loading.moddiscovery.ModFileInfo/LOADING]: Found valid mod file FallingTree-1.20.1-4.3.4.jar with {fallingtree} mods - versions {4.3.4}
[22Mar2025 23:14:34.320] [main/DEBUG] [net.minecraftforge.fml.loading.moddiscovery.ModFileParser/LOADING]: Considering mod file candidate /workspaces/paaapule3/servidor_minecraft/mods/ferritecore-6.0.1-forge.jar
[22Mar2025 23:14:34.321] [main/DEBUG] [net.minecraftforge.fml.loading.moddiscovery.ModFileInfo/LOADING]: Found valid mod file ferritecore-6.0.1-forge.jar with {ferritecore} mods - versions {6.0.1}
[22Mar2025 23:14:34.324] [main/DEBUG] [net.minecraftforge.fml.loading.moddiscovery.ModFileParser/LOADING]: Considering mod file candidate /workspaces/paaapule3/servidor_minecraft/mods/iceandfire-2.1.13-1.20.1-beta-5.jar
[22Mar2025 23:14:34.325] [main/DEBUG] [net.minecraftforge.fml.loading.moddiscovery.ModFileInfo/LOADING]: Found valid mod file iceandfire-2.1.13-1.20.1-beta-5.jar with {iceandfire} mods - versions {2.1.13-1.20.1}
[22Mar2025 23:14:34.326] [main/DEBUG] [net.minecraftforge.fml.loading.moddiscovery.ModFileParser/LOADING]: Considering mod file candidate /workspaces/paaapule3/servidor_minecraft/mods/infernalmobs-1.20.1.6.jar
[22Mar2025 23:14:34.327] [main/DEBUG] [net.minecraftforge.fml.loading.moddiscovery.ModFileInfo/LOADING]: Found valid mod file infernalmobs-1.20.1.6.jar with {infernalmobs} mods - versions {1.20.1.6}
[22Mar2025 23:14:34.328] [main/DEBUG] [net.minecraftforge.fml.loading.moddiscovery.ModFileParser/LOADING]: Considering mod file candidate /workspaces/paaapule3/servidor_minecraft/mods/inventoryhud.forge.1.20.1-3.4.26.jar
[22Mar2025 23:14:34.329] [main/DEBUG] [net.minecraftforge.fml.loading.moddiscovery.ModFileInfo/LOADING]: Found valid mod file inventoryhud.forge.1.20.1-3.4.26.jar with {inventoryhud} mods - versions {3.4.26}
[22Mar2025 23:14:34.334] [main/DEBUG] [net.minecraftforge.fml.loading.moddiscovery.ModFileParser/LOADING]: Considering mod file candidate /workspaces/paaapule3/servidor_minecraft/mods/jei-1.20.1-forge-15.20.0.106.jar
[22Mar2025 23:14:34.335] [main/DEBUG] [net.minecraftforge.fml.loading.moddiscovery.ModFileInfo/LOADING]: Found valid mod file jei-1.20.1-forge-15.20.0.106.jar with {jei} mods - versions {15.20.0.106}
[22Mar2025 23:14:34.336] [main/DEBUG] [net.minecraftforge.fml.loading.moddiscovery.ModFileParser/LOADING]: Considering mod file candidate /workspaces/paaapule3/servidor_minecraft/mods/jeiintegration_1.20.1-10.0.0.jar
[22Mar2025 23:14:34.337] [main/DEBUG] [net.minecraftforge.fml.loading.moddiscovery.ModFileInfo/LOADING]: Found valid mod file jeiintegration_1.20.1-10.0.0.jar with {jeiintegration} mods - versions {10.0.0}
[22Mar2025 23:14:34.340] [main/DEBUG] [net.minecraftforge.fml.loading.moddiscovery.ModFileParser/LOADING]: Considering mod file candidate /workspaces/paaapule3/servidor_minecraft/mods/journeymap-1.20.1-5.10.3-forge.jar
[22Mar2025 23:14:34.342] [main/DEBUG] [net.minecraftforge.fml.loading.moddiscovery.ModFileInfo/LOADING]: Found valid mod file journeymap-1.20.1-5.10.3-forge.jar with {journeymap} mods - versions {5.10.3}
[22Mar2025 23:14:34.342] [main/DEBUG] [net.minecraftforge.fml.loading.moddiscovery.ModFileParser/LOADING]: Considering mod file candidate /workspaces/paaapule3/servidor_minecraft/mods/JustEnoughResources-1.20.1-1.4.0.247.jar
[22Mar2025 23:14:34.343] [main/DEBUG] [net.minecraftforge.fml.loading.moddiscovery.ModFileInfo/LOADING]: Found valid mod file JustEnoughResources-1.20.1-1.4.0.247.jar with {jeresources} mods - versions {1.4.0.247}
[22Mar2025 23:14:34.344] [main/DEBUG] [net.minecraftforge.fml.loading.moddiscovery.ModFileParser/LOADING]: Considering mod file candidate /workspaces/paaapule3/servidor_minecraft/mods/Ksyxis-1.3.3.jar
[22Mar2025 23:14:34.344] [main/DEBUG] [net.minecraftforge.fml.loading.moddiscovery.ModFileInfo/LOADING]: Found valid mod file Ksyxis-1.3.3.jar with {ksyxis} mods - versions {1.3.3}
[22Mar2025 23:14:34.345] [main/DEBUG] [net.minecraftforge.fml.loading.moddiscovery.ModFileParser/LOADING]: Considering mod file candidate /workspaces/paaapule3/servidor_minecraft/mods/modernfix-forge-5.20.2+mc1.20.1.jar
[22Mar2025 23:14:34.346] [main/DEBUG] [net.minecraftforge.fml.loading.moddiscovery.ModFileInfo/LOADING]: Found valid mod file modernfix-forge-5.20.2+mc1.20.1.jar with {modernfix} mods - versions {5.20.2+mc1.20.1}
[22Mar2025 23:14:34.347] [main/DEBUG] [net.minecraftforge.fml.loading.moddiscovery.ModFileParser/LOADING]: Considering mod file candidate /workspaces/paaapule3/servidor_minecraft/mods/Not Enough Recipe Book-FORGE-0.4.1+1.20.1.jar
[22Mar2025 23:14:34.347] [main/DEBUG] [net.minecraftforge.fml.loading.moddiscovery.ModFileInfo/LOADING]: Found valid mod file Not Enough Recipe Book-FORGE-0.4.1+1.20.1.jar with {nerb} mods - versions {0.4.1}
[22Mar2025 23:14:34.348] [main/DEBUG] [net.minecraftforge.fml.loading.moddiscovery.ModFileParser/LOADING]: Considering mod file candidate /workspaces/paaapule3/servidor_minecraft/mods/OctoLib-FORGE-0.4.2+1.20.1.jar
[22Mar2025 23:14:34.349] [main/DEBUG] [net.minecraftforge.fml.loading.moddiscovery.ModFileInfo/LOADING]: Found valid mod file OctoLib-FORGE-0.4.2+1.20.1.jar with {octolib} mods - versions {0.4.2}
[22Mar2025 23:14:34.354] [main/DEBUG] [net.minecraftforge.fml.loading.moddiscovery.ModFileParser/LOADING]: Considering mod file candidate /workspaces/paaapule3/servidor_minecraft/mods/PuzzlesLib-v8.1.25-1.20.1-Forge.jar
[22Mar2025 23:14:34.355] [main/DEBUG] [net.minecraftforge.fml.loading.moddiscovery.ModFileInfo/LOADING]: Found valid mod file PuzzlesLib-v8.1.25-1.20.1-Forge.jar with {puzzleslib} mods - versions {8.1.25}
[22Mar2025 23:14:34.356] [main/DEBUG] [net.minecraftforge.fml.loading.moddiscovery.ModFileParser/LOADING]: Considering mod file candidate /workspaces/paaapule3/servidor_minecraft/mods/sophisticatedbackpacks-1.20.1-3.23.4.1196.jar
[22Mar2025 23:14:34.357] [main/DEBUG] [net.minecraftforge.fml.loading.moddiscovery.ModFileInfo/LOADING]: Found valid mod file sophisticatedbackpacks-1.20.1-3.23.4.1196.jar with {sophisticatedbackpacks} mods - versions {3.23.4.1196}
[22Mar2025 23:14:34.357] [main/DEBUG] [net.minecraftforge.fml.loading.moddiscovery.ModFileParser/LOADING]: Considering mod file candidate /workspaces/paaapule3/servidor_minecraft/mods/sophisticatedcore-1.20.1-1.2.8.864.jar
[22Mar2025 23:14:34.358] [main/DEBUG] [net.minecraftforge.fml.loading.moddiscovery.ModFileInfo/LOADING]: Found valid mod file sophisticatedcore-1.20.1-1.2.8.864.jar with {sophisticatedcore} mods - versions {1.2.8.864}
[22Mar2025 23:14:34.359] [main/DEBUG] [net.minecraftforge.fml.loading.moddiscovery.ModFileParser/LOADING]: Considering mod file candidate /workspaces/paaapule3/servidor_minecraft/mods/starlight-1.1.2+forge.1cda73c.jar
[22Mar2025 23:14:34.360] [main/DEBUG] [net.minecraftforge.fml.loading.moddiscovery.ModFileInfo/LOADING]: Found valid mod file starlight-1.1.2+forge.1cda73c.jar with {starlight} mods - versions {1.1.2+forge.1cda73c}
[22Mar2025 23:14:34.360] [main/DEBUG] [net.minecraftforge.fml.loading.moddiscovery.ModFileParser/LOADING]: Considering mod file candidate /workspaces/paaapule3/servidor_minecraft/mods/takesapillage-1.0.3-1.20.1.jar
[22Mar2025 23:14:34.361] [main/DEBUG] [net.minecraftforge.fml.loading.moddiscovery.ModFileInfo/LOADING]: Found valid mod file takesapillage-1.0.3-1.20.1.jar with {takesapillage} mods - versions {1.0.3}
[22Mar2025 23:14:34.364] [main/DEBUG] [net.minecraftforge.fml.loading.moddiscovery.ModFileParser/LOADING]: Considering mod file candidate /workspaces/paaapule3/servidor_minecraft/mods/Terralith_1.20.x_v2.5.4.jar
[22Mar2025 23:14:34.364] [main/DEBUG] [net.minecraftforge.fml.loading.moddiscovery.ModFileInfo/LOADING]: Found valid mod file Terralith_1.20.x_v2.5.4.jar with {terralith} mods - versions {2.5.4}
[22Mar2025 23:14:34.365] [main/DEBUG] [net.minecraftforge.fml.loading.moddiscovery.ModFileParser/LOADING]: Considering mod file candidate /workspaces/paaapule3/servidor_minecraft/mods/tombstone-1.20.1-8.9.0.jar
[22Mar2025 23:14:34.366] [main/DEBUG] [net.minecraftforge.fml.loading.moddiscovery.ModFileInfo/LOADING]: Found valid mod file tombstone-1.20.1-8.9.0.jar with {tombstone} mods - versions {8.9.0}
[22Mar2025 23:14:34.366] [main/DEBUG] [net.minecraftforge.fml.loading.moddiscovery.ModFileParser/LOADING]: Considering mod file candidate /workspaces/paaapule3/servidor_minecraft/mods/trashslot-forge-1.20-15.1.1.jar
[22Mar2025 23:14:34.367] [main/DEBUG] [net.minecraftforge.fml.loading.moddiscovery.ModFileInfo/LOADING]: Found valid mod file trashslot-forge-1.20-15.1.1.jar with {trashslot} mods - versions {15.1.1}
[22Mar2025 23:14:34.368] [main/DEBUG] [net.minecraftforge.fml.loading.moddiscovery.ModFileParser/LOADING]: Considering mod file candidate /workspaces/paaapule3/servidor_minecraft/mods/travelersbackpack-forge-1.20.1-9.1.29.jar
[22Mar2025 23:14:34.369] [main/DEBUG] [net.minecraftforge.fml.loading.moddiscovery.ModFileInfo/LOADING]: Found valid mod file travelersbackpack-forge-1.20.1-9.1.29.jar with {travelersbackpack} mods - versions {9.1.29}
[22Mar2025 23:14:34.370] [main/DEBUG] [net.minecraftforge.fml.loading.moddiscovery.ModFileParser/LOADING]: Considering mod file candidate /workspaces/paaapule3/servidor_minecraft/mods/walljump-1.20.1-1.3.2-forge.jar
[22Mar2025 23:14:34.370] [main/DEBUG] [net.minecraftforge.fml.loading.moddiscovery.ModFileInfo/LOADING]: Found valid mod file walljump-1.20.1-1.3.2-forge.jar with {walljump} mods - versions {1.20.1-1.3.2-forge}
[22Mar2025 23:14:34.373] [main/DEBUG] [net.minecraftforge.fml.loading.moddiscovery.ModFileParser/LOADING]: Considering mod file candidate /workspaces/paaapule3/servidor_minecraft/mods/wthit-forge-8.16.1.jar
[22Mar2025 23:14:34.374] [main/DEBUG] [net.minecraftforge.fml.loading.moddiscovery.ModFileInfo/LOADING]: Found valid mod file wthit-forge-8.16.1.jar with {wthit,waila} mods - versions {8.16.1,8.16.1}
[22Mar2025 23:14:34.375] [main/DEBUG] [net.minecraftforge.fml.loading.moddiscovery.ModFileParser/LOADING]: Considering mod file candidate /workspaces/paaapule3/servidor_minecraft/mods/YungsApi-1.20-Forge-4.0.6.jar
[22Mar2025 23:14:34.376] [main/DEBUG] [net.minecraftforge.fml.loading.moddiscovery.ModFileInfo/LOADING]: Found valid mod file YungsApi-1.20-Forge-4.0.6.jar with {yungsapi} mods - versions {1.20-Forge-4.0.6}
[22Mar2025 23:14:34.376] [main/DEBUG] [net.minecraftforge.fml.loading.moddiscovery.ModFileParser/LOADING]: Considering mod file candidate /workspaces/paaapule3/servidor_minecraft/mods/YungsBetterDungeons-1.20-Forge-4.0.4.jar
[22Mar2025 23:14:34.377] [main/DEBUG] [net.minecraftforge.fml.loading.moddiscovery.ModFileInfo/LOADING]: Found valid mod file YungsBetterDungeons-1.20-Forge-4.0.4.jar with {betterdungeons} mods - versions {1.20-Forge-4.0.4}
[22Mar2025 23:14:34.475] [main/DEBUG] [net.minecraftforge.fml.loading.moddiscovery.ModFileInfo/LOADING]: Found valid mod file server-1.20.1-20230612.114412-srg.jar with {minecraft} mods - versions {1.20.1}
[22Mar2025 23:14:34.477] [main/DEBUG] [net.minecraftforge.fml.loading.moddiscovery.ModFileParser/LOADING]: Considering mod file candidate /workspaces/paaapule3/servidor_minecraft/libraries/net/minecraftforge/fmlcore/1.20.1-47.3.7/fmlcore-1.20.1-47.3.7.jar
[22Mar2025 23:14:34.477] [main/WARN] [net.minecraftforge.fml.loading.moddiscovery.ModFileParser/LOADING]: Mod file /workspaces/paaapule3/servidor_minecraft/libraries/net/minecraftforge/fmlcore/1.20.1-47.3.7/fmlcore-1.20.1-47.3.7.jar is missing mods.toml file
[22Mar2025 23:14:34.479] [main/DEBUG] [net.minecraftforge.fml.loading.moddiscovery.ModFileParser/LOADING]: Considering mod file candidate /workspaces/paaapule3/servidor_minecraft/libraries/net/minecraftforge/javafmllanguage/1.20.1-47.3.7/javafmllanguage-1.20.1-47.3.7.jar
[22Mar2025 23:14:34.479] [main/WARN] [net.minecraftforge.fml.loading.moddiscovery.ModFileParser/LOADING]: Mod file /workspaces/paaapule3/servidor_minecraft/libraries/net/minecraftforge/javafmllanguage/1.20.1-47.3.7/javafmllanguage-1.20.1-47.3.7.jar is missing mods.toml file
[22Mar2025 23:14:34.480] [main/DEBUG] [net.minecraftforge.fml.loading.moddiscovery.ModFileParser/LOADING]: Considering mod file candidate /workspaces/paaapule3/servidor_minecraft/libraries/net/minecraftforge/lowcodelanguage/1.20.1-47.3.7/lowcodelanguage-1.20.1-47.3.7.jar
[22Mar2025 23:14:34.481] [main/WARN] [net.minecraftforge.fml.loading.moddiscovery.ModFileParser/LOADING]: Mod file /workspaces/paaapule3/servidor_minecraft/libraries/net/minecraftforge/lowcodelanguage/1.20.1-47.3.7/lowcodelanguage-1.20.1-47.3.7.jar is missing mods.toml file
[22Mar2025 23:14:34.482] [main/DEBUG] [net.minecraftforge.fml.loading.moddiscovery.ModFileParser/LOADING]: Considering mod file candidate /workspaces/paaapule3/servidor_minecraft/libraries/net/minecraftforge/mclanguage/1.20.1-47.3.7/mclanguage-1.20.1-47.3.7.jar
[22Mar2025 23:14:34.482] [main/WARN] [net.minecraftforge.fml.loading.moddiscovery.ModFileParser/LOADING]: Mod file /workspaces/paaapule3/servidor_minecraft/libraries/net/minecraftforge/mclanguage/1.20.1-47.3.7/mclanguage-1.20.1-47.3.7.jar is missing mods.toml file
[22Mar2025 23:14:34.522] [main/DEBUG] [net.minecraftforge.fml.loading.moddiscovery.ModFileParser/LOADING]: Considering mod file candidate /workspaces/paaapule3/servidor_minecraft/libraries/net/minecraftforge/forge/1.20.1-47.3.7/forge-1.20.1-47.3.7-universal.jar
[22Mar2025 23:14:34.523] [main/DEBUG] [net.minecraftforge.fml.loading.moddiscovery.ModFileInfo/LOADING]: Found valid mod file forge-1.20.1-47.3.7-universal.jar with {forge} mods - versions {47.3.7}
[22Mar2025 23:14:34.539] [main/DEBUG] [net.minecraftforge.fml.loading.moddiscovery.AbstractJarFileDependencyLocator/]: Failed to load resource META-INF/jarjar/metadata.json from server-1.20.1-20230612.114412-srg.jar, it does not contain dependency information.
[22Mar2025 23:14:34.539] [main/DEBUG] [net.minecraftforge.fml.loading.moddiscovery.AbstractJarFileDependencyLocator/]: Failed to load resource META-INF/jarjar/metadata.json from alexscaves-2.0.2.jar, it does not contain dependency information.
[22Mar2025 23:14:34.539] [main/DEBUG] [net.minecraftforge.fml.loading.moddiscovery.AbstractJarFileDependencyLocator/]: Failed to load resource META-INF/jarjar/metadata.json from YungsBetterDungeons-1.20-Forge-4.0.4.jar, it does not contain dependency information.
[22Mar2025 23:14:34.539] [main/DEBUG] [net.minecraftforge.fml.loading.moddiscovery.AbstractJarFileDependencyLocator/]: Failed to load resource META-INF/jarjar/metadata.json from AmbientSounds_FORGE_v6.1.4_mc1.20.1.jar, it does not contain dependency information.
[22Mar2025 23:14:34.539] [main/DEBUG] [net.minecraftforge.fml.loading.moddiscovery.AbstractJarFileDependencyLocator/]: Failed to load resource META-INF/jarjar/metadata.json from trashslot-forge-1.20-15.1.1.jar, it does not contain dependency information.
[22Mar2025 23:14:34.540] [main/DEBUG] [net.minecraftforge.fml.loading.moddiscovery.AbstractJarFileDependencyLocator/]: Failed to load resource META-INF/jarjar/metadata.json from alexsmobs-1.22.9.jar, it does not contain dependency information.
[22Mar2025 23:14:34.540] [main/DEBUG] [net.minecraftforge.fml.loading.moddiscovery.AbstractJarFileDependencyLocator/]: Failed to load resource META-INF/jarjar/metadata.json from CreativeCore_FORGE_v2.12.31_mc1.20.1.jar, it does not contain dependency information.
[22Mar2025 23:14:34.540] [main/DEBUG] [net.minecraftforge.fml.loading.moddiscovery.AbstractJarFileDependencyLocator/]: Failed to load resource META-INF/jarjar/metadata.json from jei-1.20.1-forge-15.20.0.106.jar, it does not contain dependency information.
[22Mar2025 23:14:34.540] [main/DEBUG] [net.minecraftforge.fml.loading.moddiscovery.AbstractJarFileDependencyLocator/]: Failed to load resource META-INF/jarjar/metadata.json from Ksyxis-1.3.3.jar, it does not contain dependency information.
[22Mar2025 23:14:34.540] [main/DEBUG] [net.minecraftforge.fml.loading.moddiscovery.AbstractJarFileDependencyLocator/]: Failed to load resource META-INF/jarjar/metadata.json from Not Enough Recipe Book-FORGE-0.4.1+1.20.1.jar, it does not contain dependency information.
[22Mar2025 23:14:34.540] [main/DEBUG] [net.minecraftforge.fml.loading.moddiscovery.AbstractJarFileDependencyLocator/]: Failed to load resource META-INF/jarjar/metadata.json from wthit-forge-8.16.1.jar, it does not contain dependency information.
[22Mar2025 23:14:34.540] [main/DEBUG] [net.minecraftforge.fml.loading.moddiscovery.AbstractJarFileDependencyLocator/]: Failed to load resource META-INF/jarjar/metadata.json from dynamiclights-1.20.1.2.jar, it does not contain dependency information.
[22Mar2025 23:14:34.541] [main/DEBUG] [net.minecraftforge.fml.loading.moddiscovery.AbstractJarFileDependencyLocator/]: Failed to load resource META-INF/jarjar/metadata.json from jeiintegration_1.20.1-10.0.0.jar, it does not contain dependency information.
[22Mar2025 23:14:34.541] [main/DEBUG] [net.minecraftforge.fml.loading.moddiscovery.AbstractJarFileDependencyLocator/]: Failed to load resource META-INF/jarjar/metadata.json from sophisticatedcore-1.20.1-1.2.8.864.jar, it does not contain dependency information.
[22Mar2025 23:14:34.541] [main/DEBUG] [net.minecraftforge.fml.loading.moddiscovery.AbstractJarFileDependencyLocator/]: Failed to load resource META-INF/jarjar/metadata.json from curios-forge-5.11.1+1.20.1.jar, it does not contain dependency information.
[22Mar2025 23:14:34.541] [main/DEBUG] [net.minecraftforge.fml.loading.moddiscovery.AbstractJarFileDependencyLocator/]: Failed to load resource META-INF/jarjar/metadata.json from journeymap-1.20.1-5.10.3-forge.jar, it does not contain dependency information.
[22Mar2025 23:14:34.541] [main/DEBUG] [net.minecraftforge.fml.loading.moddiscovery.AbstractJarFileDependencyLocator/]: Failed to load resource META-INF/jarjar/metadata.json from citadel-2.6.1-1.20.1.jar, it does not contain dependency information.
[22Mar2025 23:14:34.541] [main/DEBUG] [net.minecraftforge.fml.loading.moddiscovery.AbstractJarFileDependencyLocator/]: Failed to load resource META-INF/jarjar/metadata.json from travelersbackpack-forge-1.20.1-9.1.29.jar, it does not contain dependency information.
[22Mar2025 23:14:34.542] [main/DEBUG] [net.minecraftforge.fml.loading.moddiscovery.AbstractJarFileDependencyLocator/]: Failed to load resource META-INF/jarjar/metadata.json from badpackets-forge-0.4.3.jar, it does not contain dependency information.
[22Mar2025 23:14:34.542] [main/DEBUG] [net.minecraftforge.fml.loading.moddiscovery.AbstractJarFileDependencyLocator/]: Failed to load resource META-INF/jarjar/metadata.json from YungsApi-1.20-Forge-4.0.6.jar, it does not contain dependency information.
[22Mar2025 23:14:34.542] [main/DEBUG] [net.minecraftforge.fml.loading.moddiscovery.AbstractJarFileDependencyLocator/]: Failed to load resource META-INF/jarjar/metadata.json from inventoryhud.forge.1.20.1-3.4.26.jar, it does not contain dependency information.
[22Mar2025 23:14:34.542] [main/DEBUG] [net.minecraftforge.fml.loading.moddiscovery.AbstractJarFileDependencyLocator/]: Failed to load resource META-INF/jarjar/metadata.json from tombstone-1.20.1-8.9.0.jar, it does not contain dependency information.
[22Mar2025 23:14:34.542] [main/DEBUG] [net.minecraftforge.fml.loading.moddiscovery.AbstractJarFileDependencyLocator/]: Failed to load resource META-INF/jarjar/metadata.json from Dungeon Crawl-1.20.1-2.3.15.jar, it does not contain dependency information.
[22Mar2025 23:14:34.543] [main/DEBUG] [net.minecraftforge.fml.loading.moddiscovery.AbstractJarFileDependencyLocator/]: Failed to load resource META-INF/jarjar/metadata.json from sophisticatedbackpacks-1.20.1-3.23.4.1196.jar, it does not contain dependency information.
[22Mar2025 23:14:34.543] [main/DEBUG] [net.minecraftforge.fml.loading.moddiscovery.AbstractJarFileDependencyLocator/]: Failed to load resource META-INF/jarjar/metadata.json from starlight-1.1.2+forge.1cda73c.jar, it does not contain dependency information.
[22Mar2025 23:14:34.543] [main/DEBUG] [net.minecraftforge.fml.loading.moddiscovery.AbstractJarFileDependencyLocator/]: Failed to load resource META-INF/jarjar/metadata.json from takesapillage-1.0.3-1.20.1.jar, it does not contain dependency information.
[22Mar2025 23:14:34.543] [main/DEBUG] [net.minecraftforge.fml.loading.moddiscovery.AbstractJarFileDependencyLocator/]: Failed to load resource META-INF/jarjar/metadata.json from architectury-9.2.14-forge.jar, it does not contain dependency information.
[22Mar2025 23:14:34.543] [main/DEBUG] [net.minecraftforge.fml.loading.moddiscovery.AbstractJarFileDependencyLocator/]: Failed to load resource META-INF/jarjar/metadata.json from ferritecore-6.0.1-forge.jar, it does not contain dependency information.
[22Mar2025 23:14:34.543] [main/DEBUG] [net.minecraftforge.fml.loading.moddiscovery.AbstractJarFileDependencyLocator/]: Failed to load resource META-INF/jarjar/metadata.json from iceandfire-2.1.13-1.20.1-beta-5.jar, it does not contain dependency information.
[22Mar2025 23:14:34.544] [main/DEBUG] [net.minecraftforge.fml.loading.moddiscovery.AbstractJarFileDependencyLocator/]: Failed to load resource META-INF/jarjar/metadata.json from Terralith_1.20.x_v2.5.4.jar, it does not contain dependency information.
[22Mar2025 23:14:34.544] [main/DEBUG] [net.minecraftforge.fml.loading.moddiscovery.AbstractJarFileDependencyLocator/]: Failed to load resource META-INF/jarjar/metadata.json from JustEnoughResources-1.20.1-1.4.0.247.jar, it does not contain dependency information.
[22Mar2025 23:14:34.544] [main/DEBUG] [net.minecraftforge.fml.loading.moddiscovery.AbstractJarFileDependencyLocator/]: Failed to load resource META-INF/jarjar/metadata.json from FallingTree-1.20.1-4.3.4.jar, it does not contain dependency information.
[22Mar2025 23:14:34.544] [main/DEBUG] [net.minecraftforge.fml.loading.moddiscovery.AbstractJarFileDependencyLocator/]: Failed to load resource META-INF/jarjar/metadata.json from cloth-config-11.1.136-forge.jar, it does not contain dependency information.
[22Mar2025 23:14:34.544] [main/DEBUG] [net.minecraftforge.fml.loading.moddiscovery.AbstractJarFileDependencyLocator/]: Failed to load resource META-INF/jarjar/metadata.json from forge-1.20.1-47.3.7-universal.jar, it does not contain dependency information.
[22Mar2025 23:14:34.544] [main/DEBUG] [net.minecraftforge.fml.loading.moddiscovery.AbstractJarFileDependencyLocator/]: Failed to load resource META-INF/jarjar/metadata.json from infernalmobs-1.20.1.6.jar, it does not contain dependency information.
[22Mar2025 23:14:34.545] [main/DEBUG] [net.minecraftforge.fml.loading.moddiscovery.AbstractJarFileDependencyLocator/]: Failed to load resource META-INF/jarjar/metadata.json from DungeonsArise-1.20.x-2.1.58-release.jar, it does not contain dependency information.
[22Mar2025 23:14:34.545] [main/DEBUG] [net.minecraftforge.fml.loading.moddiscovery.AbstractJarFileDependencyLocator/]: Failed to load resource META-INF/jarjar/metadata.json from mclanguage-1.20.1-47.3.7.jar, it does not contain dependency information.
[22Mar2025 23:14:34.545] [main/DEBUG] [net.minecraftforge.fml.loading.moddiscovery.AbstractJarFileDependencyLocator/]: Failed to load resource META-INF/jarjar/metadata.json from javafmllanguage-1.20.1-47.3.7.jar, it does not contain dependency information.
[22Mar2025 23:14:34.545] [main/DEBUG] [net.minecraftforge.fml.loading.moddiscovery.AbstractJarFileDependencyLocator/]: Failed to load resource META-INF/jarjar/metadata.json from fmlcore-1.20.1-47.3.7.jar, it does not contain dependency information.
[22Mar2025 23:14:34.545] [main/DEBUG] [net.minecraftforge.fml.loading.moddiscovery.AbstractJarFileDependencyLocator/]: Failed to load resource META-INF/jarjar/metadata.json from lowcodelanguage-1.20.1-47.3.7.jar, it does not contain dependency information.
[22Mar2025 23:14:34.607] [main/DEBUG] [net.minecraftforge.fml.loading.moddiscovery.ModFileParser/LOADING]: Considering mod file candidate 
[22Mar2025 23:14:34.608] [main/DEBUG] [net.minecraftforge.fml.loading.moddiscovery.ModFileInfo/LOADING]: Found valid mod file puzzlesaccessapi-forge-8.0.7.jar with {puzzlesaccessapi} mods - versions {8.0.7}
[22Mar2025 23:14:34.612] [main/DEBUG] [net.minecraftforge.fml.loading.moddiscovery.ModFileParser/LOADING]: Considering mod file candidate 
[22Mar2025 23:14:34.613] [main/DEBUG] [net.minecraftforge.fml.loading.moddiscovery.ModFileInfo/LOADING]: Found valid mod file configlibtxf-4.2.6-forge.jar with {configlibtxf} mods - versions {4.2.6-forge}
[22Mar2025 23:14:34.616] [main/DEBUG] [net.minecraftforge.fml.loading.moddiscovery.ModFileParser/LOADING]: Considering mod file candidate 
[22Mar2025 23:14:34.617] [main/DEBUG] [net.minecraftforge.fml.loading.moddiscovery.ModFileInfo/LOADING]: Found valid mod file mixinextras-forge-0.4.1.jar with {mixinextras} mods - versions {0.4.1}
[22Mar2025 23:14:34.623] [main/DEBUG] [net.minecraftforge.fml.loading.moddiscovery.ModFileParser/LOADING]: Considering mod file candidate 
[22Mar2025 23:14:34.623] [main/DEBUG] [net.minecraftforge.fml.loading.moddiscovery.ModFileInfo/LOADING]: Found valid mod file kuma-api-forge-20.1.9-SNAPSHOT.jar with {kuma_api} mods - versions {20.1.9-SNAPSHOT}
[22Mar2025 23:14:34.645] [main/DEBUG] [net.minecraftforge.fml.loading.moddiscovery.ModFileParser/LOADING]: Considering mod file candidate 
[22Mar2025 23:14:34.646] [main/DEBUG] [net.minecraftforge.fml.loading.moddiscovery.ModFileInfo/LOADING]: Found valid mod file expandability-forge-9.0.4.jar with {expandability} mods - versions {9.0.4}
[22Mar2025 23:14:34.648] [main/DEBUG] [net.minecraftforge.fml.loading.moddiscovery.ModFileParser/LOADING]: Considering mod file candidate 
[22Mar2025 23:14:34.649] [main/DEBUG] [net.minecraftforge.fml.loading.moddiscovery.ModFileInfo/LOADING]: Found valid mod file mixinextras-forge-0.3.5.jar with {mixinextras} mods - versions {0.3.5}
[22Mar2025 23:14:34.652] [main/DEBUG] [net.minecraftforge.fml.loading.moddiscovery.ModFileParser/LOADING]: Considering mod file candidate 
[22Mar2025 23:14:34.653] [main/DEBUG] [net.minecraftforge.fml.loading.moddiscovery.ModFileInfo/LOADING]: Found valid mod file spectrelib-forge-0.13.15+1.20.1.jar with {spectrelib} mods - versions {0.13.15+1.20.1}
[22Mar2025 23:14:34.654] [main/DEBUG] [net.minecraftforge.fml.loading.moddiscovery.AbstractJarFileDependencyLocator/]: Failed to load resource META-INF/jarjar/metadata.json from configlibtxf-4.2.6-forge.jar, it does not contain dependency information.
[22Mar2025 23:14:34.659] [main/DEBUG] [net.minecraftforge.fml.loading.moddiscovery.AbstractJarFileDependencyLocator/]: Failed to load resource META-INF/jarjar/metadata.json from kuma-api-forge-20.1.9-SNAPSHOT.jar, it does not contain dependency information.
[22Mar2025 23:14:34.660] [main/DEBUG] [net.minecraftforge.fml.loading.moddiscovery.AbstractJarFileDependencyLocator/]: Failed to load resource META-INF/jarjar/metadata.json from snakeyaml-2.2.jar, it does not contain dependency information.
[22Mar2025 23:14:34.668] [main/DEBUG] [net.minecraftforge.fml.loading.moddiscovery.AbstractJarFileDependencyLocator/]: Failed to load resource META-INF/jarjar/metadata.json from spectrelib-forge-0.13.15+1.20.1.jar, it does not contain dependency information.
[22Mar2025 23:14:34.670] [main/DEBUG] [net.minecraftforge.fml.loading.moddiscovery.AbstractJarFileDependencyLocator/]: Failed to load resource META-INF/jarjar/metadata.json from MixinExtras-0.4.1.jar, it does not contain dependency information.
[22Mar2025 23:14:34.670] [main/DEBUG] [net.minecraftforge.fml.loading.moddiscovery.AbstractJarFileDependencyLocator/]: Failed to load resource META-INF/jarjar/metadata.json from MixinExtras-0.1.1.jar, it does not contain dependency information.
[22Mar2025 23:14:34.670] [main/DEBUG] [net.minecraftforge.fml.loading.moddiscovery.AbstractJarFileDependencyLocator/]: Failed to load resource META-INF/jarjar/metadata.json from MixinExtras-0.3.5.jar, it does not contain dependency information.
[22Mar2025 23:14:34.702] [main/DEBUG] [net.minecraftforge.fml.loading.moddiscovery.ModFileParser/LOADING]: Considering mod file candidate 
[22Mar2025 23:14:34.702] [main/DEBUG] [net.minecraftforge.fml.loading.moddiscovery.ModFileInfo/LOADING]: Found valid mod file configlibtxf-4.2.6-forge.jar with {configlibtxf} mods - versions {4.2.6-forge}
[22Mar2025 23:14:34.705] [main/DEBUG] [net.minecraftforge.fml.loading.moddiscovery.ModFileParser/LOADING]: Considering mod file candidate 
[22Mar2025 23:14:34.706] [main/DEBUG] [net.minecraftforge.fml.loading.moddiscovery.ModFileInfo/LOADING]: Found valid mod file puzzlesaccessapi-forge-8.0.7.jar with {puzzlesaccessapi} mods - versions {8.0.7}
[22Mar2025 23:14:34.707] [main/DEBUG] [net.minecraftforge.fml.loading.moddiscovery.ModFileParser/LOADING]: Considering mod file candidate 
[22Mar2025 23:14:34.708] [main/DEBUG] [net.minecraftforge.fml.loading.moddiscovery.ModFileInfo/LOADING]: Found valid mod file mixinextras-forge-0.4.1.jar with {mixinextras} mods - versions {0.4.1}
[22Mar2025 23:14:34.709] [main/DEBUG] [net.minecraftforge.fml.loading.moddiscovery.ModFileParser/LOADING]: Considering mod file candidate 
[22Mar2025 23:14:34.710] [main/DEBUG] [net.minecraftforge.fml.loading.moddiscovery.ModFileInfo/LOADING]: Found valid mod file kuma-api-forge-20.1.9-SNAPSHOT.jar with {kuma_api} mods - versions {20.1.9-SNAPSHOT}
[22Mar2025 23:14:34.711] [main/DEBUG] [net.minecraftforge.fml.loading.moddiscovery.ModFileParser/LOADING]: Considering mod file candidate 
[22Mar2025 23:14:34.711] [main/DEBUG] [net.minecraftforge.fml.loading.moddiscovery.ModFileInfo/LOADING]: Found valid mod file expandability-forge-9.0.4.jar with {expandability} mods - versions {9.0.4}
[22Mar2025 23:14:34.714] [main/DEBUG] [net.minecraftforge.fml.loading.moddiscovery.ModFileParser/LOADING]: Considering mod file candidate 
[22Mar2025 23:14:34.714] [main/DEBUG] [net.minecraftforge.fml.loading.moddiscovery.ModFileInfo/LOADING]: Found valid mod file spectrelib-forge-0.13.15+1.20.1.jar with {spectrelib} mods - versions {0.13.15+1.20.1}
[22Mar2025 23:14:34.730] [main/INFO] [net.minecraftforge.fml.loading.moddiscovery.JarInJarDependencyLocator/]: Found 8 dependencies adding them to mods collection
[22Mar2025 23:14:34.732] [main/DEBUG] [net.minecraftforge.fml.loading.moddiscovery.ModFileParser/LOADING]: Considering mod file candidate 
[22Mar2025 23:14:34.733] [main/DEBUG] [net.minecraftforge.fml.loading.moddiscovery.ModFileInfo/LOADING]: Found valid mod file kuma-api-forge-20.1.9-SNAPSHOT.jar with {kuma_api} mods - versions {20.1.9-SNAPSHOT}
[22Mar2025 23:14:34.736] [main/DEBUG] [net.minecraftforge.fml.loading.moddiscovery.ModFile/LOADING]: Loading mod file  with languages [LanguageSpec[languageName=javafml, acceptedVersions=[47,)]]
[22Mar2025 23:14:34.736] [main/DEBUG] [net.minecraftforge.fml.loading.moddiscovery.ModFileParser/LOADING]: Considering mod file candidate /workspaces/paaapule3/servidor_minecraft/mods/YungsBetterDungeons-1.20-Forge-4.0.4.jar
[22Mar2025 23:14:34.737] [main/DEBUG] [net.minecraftforge.fml.loading.moddiscovery.ModFileInfo/LOADING]: Found valid mod file YungsBetterDungeons-1.20-Forge-4.0.4.jar with {betterdungeons} mods - versions {1.20-Forge-4.0.4}
[22Mar2025 23:14:34.737] [main/DEBUG] [net.minecraftforge.fml.loading.moddiscovery.ModFile/LOADING]: Loading mod file /workspaces/paaapule3/servidor_minecraft/mods/YungsBetterDungeons-1.20-Forge-4.0.4.jar with languages [LanguageSpec[languageName=javafml, acceptedVersions=[46,)]]
[22Mar2025 23:14:34.737] [main/DEBUG] [net.minecraftforge.fml.loading.moddiscovery.ModFileParser/LOADING]: Considering mod file candidate /workspaces/paaapule3/servidor_minecraft/mods/alexsmobs-1.22.9.jar
[22Mar2025 23:14:34.738] [main/DEBUG] [net.minecraftforge.fml.loading.moddiscovery.ModFileInfo/LOADING]: Found valid mod file alexsmobs-1.22.9.jar with {alexsmobs} mods - versions {1.22.9}
[22Mar2025 23:14:34.738] [main/DEBUG] [net.minecraftforge.fml.loading.moddiscovery.ModFile/LOADING]: Loading mod file /workspaces/paaapule3/servidor_minecraft/mods/alexsmobs-1.22.9.jar with languages [LanguageSpec[languageName=javafml, acceptedVersions=[46,)]]
[22Mar2025 23:14:34.738] [main/DEBUG] [net.minecraftforge.fml.loading.moddiscovery.ModFileParser/LOADING]: Considering mod file candidate /workspaces/paaapule3/servidor_minecraft/mods/trashslot-forge-1.20-15.1.1.jar
[22Mar2025 23:14:34.739] [main/DEBUG] [net.minecraftforge.fml.loading.moddiscovery.ModFileInfo/LOADING]: Found valid mod file trashslot-forge-1.20-15.1.1.jar with {trashslot} mods - versions {15.1.1}
[22Mar2025 23:14:34.739] [main/DEBUG] [net.minecraftforge.fml.loading.moddiscovery.ModFile/LOADING]: Loading mod file /workspaces/paaapule3/servidor_minecraft/mods/trashslot-forge-1.20-15.1.1.jar with languages [LanguageSpec[languageName=javafml, acceptedVersions=[46,)]]
[22Mar2025 23:14:34.739] [main/DEBUG] [net.minecraftforge.fml.loading.moddiscovery.ModFileParser/LOADING]: Considering mod file candidate /workspaces/paaapule3/servidor_minecraft/mods/OctoLib-FORGE-0.4.2+1.20.1.jar
[22Mar2025 23:14:34.739] [main/DEBUG] [net.minecraftforge.fml.loading.moddiscovery.ModFileInfo/LOADING]: Found valid mod file OctoLib-FORGE-0.4.2+1.20.1.jar with {octolib} mods - versions {0.4.2}
[22Mar2025 23:14:34.739] [main/DEBUG] [net.minecraftforge.fml.loading.moddiscovery.ModFile/LOADING]: Loading mod file /workspaces/paaapule3/servidor_minecraft/mods/OctoLib-FORGE-0.4.2+1.20.1.jar with languages [LanguageSpec[languageName=javafml, acceptedVersions=[47,)]]
[22Mar2025 23:14:34.740] [main/DEBUG] [net.minecraftforge.fml.loading.moddiscovery.ModFileParser/LOADING]: Considering mod file candidate /workspaces/paaapule3/servidor_minecraft/mods/EasyMagic-v8.0.1-1.20.1-Forge.jar
[22Mar2025 23:14:34.740] [main/DEBUG] [net.minecraftforge.fml.loading.moddiscovery.ModFileInfo/LOADING]: Found valid mod file EasyMagic-v8.0.1-1.20.1-Forge.jar with {easymagic} mods - versions {8.0.1}
[22Mar2025 23:14:34.740] [main/DEBUG] [net.minecraftforge.fml.loading.moddiscovery.ModFile/LOADING]: Loading mod file /workspaces/paaapule3/servidor_minecraft/mods/EasyMagic-v8.0.1-1.20.1-Forge.jar with languages [LanguageSpec[languageName=javafml, acceptedVersions=[47,)]]
[22Mar2025 23:14:34.741] [main/DEBUG] [net.minecraftforge.fml.loading.moddiscovery.ModFileParser/LOADING]: Considering mod file candidate /workspaces/paaapule3/servidor_minecraft/mods/jei-1.20.1-forge-15.20.0.106.jar
[22Mar2025 23:14:34.741] [main/DEBUG] [net.minecraftforge.fml.loading.moddiscovery.ModFileInfo/LOADING]: Found valid mod file jei-1.20.1-forge-15.20.0.106.jar with {jei} mods - versions {15.20.0.106}
[22Mar2025 23:14:34.742] [main/DEBUG] [net.minecraftforge.fml.loading.moddiscovery.ModFile/LOADING]: Loading mod file /workspaces/paaapule3/servidor_minecraft/mods/jei-1.20.1-forge-15.20.0.106.jar with languages [LanguageSpec[languageName=javafml, acceptedVersions=[47,)]]
[22Mar2025 23:14:34.742] [main/DEBUG] [net.minecraftforge.fml.loading.moddiscovery.ModFileParser/LOADING]: Considering mod file candidate 
[22Mar2025 23:14:34.742] [main/DEBUG] [net.minecraftforge.fml.loading.moddiscovery.ModFileInfo/LOADING]: Found valid mod file configlibtxf-4.2.6-forge.jar with {configlibtxf} mods - versions {4.2.6-forge}
[22Mar2025 23:14:34.742] [main/DEBUG] [net.minecraftforge.fml.loading.moddiscovery.ModFile/LOADING]: Loading mod file  with languages [LanguageSpec[languageName=javafml, acceptedVersions=[38,)]]
[22Mar2025 23:14:34.742] [main/DEBUG] [net.minecraftforge.fml.loading.moddiscovery.ModFileParser/LOADING]: Considering mod file candidate /workspaces/paaapule3/servidor_minecraft/mods/Not Enough Recipe Book-FORGE-0.4.1+1.20.1.jar
[22Mar2025 23:14:34.743] [main/DEBUG] [net.minecraftforge.fml.loading.moddiscovery.ModFileInfo/LOADING]: Found valid mod file Not Enough Recipe Book-FORGE-0.4.1+1.20.1.jar with {nerb} mods - versions {0.4.1}
[22Mar2025 23:14:34.743] [main/DEBUG] [net.minecraftforge.fml.loading.moddiscovery.ModFile/LOADING]: Loading mod file /workspaces/paaapule3/servidor_minecraft/mods/Not Enough Recipe Book-FORGE-0.4.1+1.20.1.jar with languages [LanguageSpec[languageName=javafml, acceptedVersions=[46,)]]
[22Mar2025 23:14:34.743] [main/DEBUG] [net.minecraftforge.fml.loading.moddiscovery.ModFileParser/LOADING]: Considering mod file candidate /workspaces/paaapule3/servidor_minecraft/mods/dynamiclights-1.20.1.2.jar
[22Mar2025 23:14:34.744] [main/DEBUG] [net.minecraftforge.fml.loading.moddiscovery.ModFileInfo/LOADING]: Found valid mod file dynamiclights-1.20.1.2.jar with {dynamiclights} mods - versions {1.20.1.2}
[22Mar2025 23:14:34.744] [main/DEBUG] [net.minecraftforge.fml.loading.moddiscovery.ModFile/LOADING]: Loading mod file /workspaces/paaapule3/servidor_minecraft/mods/dynamiclights-1.20.1.2.jar with languages [LanguageSpec[languageName=javafml, acceptedVersions=[37,)]]
[22Mar2025 23:14:34.744] [main/DEBUG] [net.minecraftforge.fml.loading.moddiscovery.ModFileParser/LOADING]: Considering mod file candidate /workspaces/paaapule3/servidor_minecraft/mods/sophisticatedcore-1.20.1-1.2.8.864.jar
[22Mar2025 23:14:34.744] [main/DEBUG] [net.minecraftforge.fml.loading.moddiscovery.ModFileInfo/LOADING]: Found valid mod file sophisticatedcore-1.20.1-1.2.8.864.jar with {sophisticatedcore} mods - versions {1.2.8.864}
[22Mar2025 23:14:34.744] [main/DEBUG] [net.minecraftforge.fml.loading.moddiscovery.ModFile/LOADING]: Loading mod file /workspaces/paaapule3/servidor_minecraft/mods/sophisticatedcore-1.20.1-1.2.8.864.jar with languages [LanguageSpec[languageName=javafml, acceptedVersions=[47,)]]
[22Mar2025 23:14:34.745] [main/DEBUG] [net.minecraftforge.fml.loading.moddiscovery.ModFileParser/LOADING]: Considering mod file candidate /workspaces/paaapule3/servidor_minecraft/mods/journeymap-1.20.1-5.10.3-forge.jar
[22Mar2025 23:14:34.745] [main/DEBUG] [net.minecraftforge.fml.loading.moddiscovery.ModFileInfo/LOADING]: Found valid mod file journeymap-1.20.1-5.10.3-forge.jar with {journeymap} mods - versions {5.10.3}
[22Mar2025 23:14:34.745] [main/DEBUG] [net.minecraftforge.fml.loading.moddiscovery.ModFile/LOADING]: Loading mod file /workspaces/paaapule3/servidor_minecraft/mods/journeymap-1.20.1-5.10.3-forge.jar with languages [LanguageSpec[languageName=javafml, acceptedVersions=[44,)]]
[22Mar2025 23:14:34.749] [main/DEBUG] [net.minecraftforge.fml.loading.moddiscovery.ModFileParser/LOADING]: Found coremod journeymap potion effect transformer with Javascript path potion-effects-shift.js
[22Mar2025 23:14:34.749] [main/DEBUG] [net.minecraftforge.fml.loading.moddiscovery.ModFile/LOADING]: Found coremod potion-effects-shift.js
[22Mar2025 23:14:34.749] [main/DEBUG] [net.minecraftforge.fml.loading.moddiscovery.ModFileParser/LOADING]: Considering mod file candidate /workspaces/paaapule3/servidor_minecraft/mods/citadel-2.6.1-1.20.1.jar
[22Mar2025 23:14:34.750] [main/DEBUG] [net.minecraftforge.fml.loading.moddiscovery.ModFileInfo/LOADING]: Found valid mod file citadel-2.6.1-1.20.1.jar with {citadel} mods - versions {2.6.1}
[22Mar2025 23:14:34.750] [main/DEBUG] [net.minecraftforge.fml.loading.moddiscovery.ModFile/LOADING]: Loading mod file /workspaces/paaapule3/servidor_minecraft/mods/citadel-2.6.1-1.20.1.jar with languages [LanguageSpec[languageName=javafml, acceptedVersions=[47,)]]
[22Mar2025 23:14:34.750] [main/DEBUG] [net.minecraftforge.fml.loading.moddiscovery.ModFileParser/LOADING]: Considering mod file candidate /workspaces/paaapule3/servidor_minecraft/mods/comforts-forge-6.4.0+1.20.1.jar
[22Mar2025 23:14:34.750] [main/DEBUG] [net.minecraftforge.fml.loading.moddiscovery.ModFileInfo/LOADING]: Found valid mod file comforts-forge-6.4.0+1.20.1.jar with {comforts} mods - versions {6.4.0+1.20.1}
[22Mar2025 23:14:34.750] [main/DEBUG] [net.minecraftforge.fml.loading.moddiscovery.ModFile/LOADING]: Loading mod file /workspaces/paaapule3/servidor_minecraft/mods/comforts-forge-6.4.0+1.20.1.jar with languages [LanguageSpec[languageName=javafml, acceptedVersions=[46,)]]
[22Mar2025 23:14:34.751] [main/DEBUG] [net.minecraftforge.fml.loading.moddiscovery.ModFileParser/LOADING]: Considering mod file candidate /workspaces/paaapule3/servidor_minecraft/mods/modernfix-forge-5.20.2+mc1.20.1.jar
[22Mar2025 23:14:34.751] [main/DEBUG] [net.minecraftforge.fml.loading.moddiscovery.ModFileInfo/LOADING]: Found valid mod file modernfix-forge-5.20.2+mc1.20.1.jar with {modernfix} mods - versions {5.20.2+mc1.20.1}
[22Mar2025 23:14:34.751] [main/DEBUG] [net.minecraftforge.fml.loading.moddiscovery.ModFile/LOADING]: Loading mod file /workspaces/paaapule3/servidor_minecraft/mods/modernfix-forge-5.20.2+mc1.20.1.jar with languages [LanguageSpec[languageName=javafml, acceptedVersions=[46,)]]
[22Mar2025 23:14:34.752] [main/DEBUG] [net.minecraftforge.fml.loading.moddiscovery.ModFileParser/LOADING]: Considering mod file candidate /workspaces/paaapule3/servidor_minecraft/mods/artifacts-forge-9.5.13.jar
[22Mar2025 23:14:34.752] [main/DEBUG] [net.minecraftforge.fml.loading.moddiscovery.ModFileInfo/LOADING]: Found valid mod file artifacts-forge-9.5.13.jar with {artifacts} mods - versions {9.5.13}
[22Mar2025 23:14:34.752] [main/DEBUG] [net.minecraftforge.fml.loading.moddiscovery.ModFile/LOADING]: Loading mod file /workspaces/paaapule3/servidor_minecraft/mods/artifacts-forge-9.5.13.jar with languages [LanguageSpec[languageName=javafml, acceptedVersions=[47,)]]
[22Mar2025 23:14:34.752] [main/DEBUG] [net.minecraftforge.fml.loading.moddiscovery.ModFileParser/LOADING]: Considering mod file candidate /workspaces/paaapule3/servidor_minecraft/mods/travelersbackpack-forge-1.20.1-9.1.29.jar
[22Mar2025 23:14:34.753] [main/DEBUG] [net.minecraftforge.fml.loading.moddiscovery.ModFileInfo/LOADING]: Found valid mod file travelersbackpack-forge-1.20.1-9.1.29.jar with {travelersbackpack} mods - versions {9.1.29}
[22Mar2025 23:14:34.753] [main/DEBUG] [net.minecraftforge.fml.loading.moddiscovery.ModFile/LOADING]: Loading mod file /workspaces/paaapule3/servidor_minecraft/mods/travelersbackpack-forge-1.20.1-9.1.29.jar with languages [LanguageSpec[languageName=javafml, acceptedVersions=[46,)]]
[22Mar2025 23:14:34.753] [main/DEBUG] [net.minecraftforge.fml.loading.moddiscovery.ModFileParser/LOADING]: Considering mod file candidate /workspaces/paaapule3/servidor_minecraft/mods/badpackets-forge-0.4.3.jar
[22Mar2025 23:14:34.754] [main/DEBUG] [net.minecraftforge.fml.loading.moddiscovery.ModFileInfo/LOADING]: Found valid mod file badpackets-forge-0.4.3.jar with {badpackets} mods - versions {0.4.3}
[22Mar2025 23:14:34.754] [main/DEBUG] [net.minecraftforge.fml.loading.moddiscovery.ModFile/LOADING]: Loading mod file /workspaces/paaapule3/servidor_minecraft/mods/badpackets-forge-0.4.3.jar with languages [LanguageSpec[languageName=javafml, acceptedVersions=[38,)]]
[22Mar2025 23:14:34.754] [main/DEBUG] [net.minecraftforge.fml.loading.moddiscovery.ModFileParser/LOADING]: Considering mod file candidate /workspaces/paaapule3/servidor_minecraft/mods/YungsApi-1.20-Forge-4.0.6.jar
[22Mar2025 23:14:34.754] [main/DEBUG] [net.minecraftforge.fml.loading.moddiscovery.ModFileInfo/LOADING]: Found valid mod file YungsApi-1.20-Forge-4.0.6.jar with {yungsapi} mods - versions {1.20-Forge-4.0.6}
[22Mar2025 23:14:34.754] [main/DEBUG] [net.minecraftforge.fml.loading.moddiscovery.ModFile/LOADING]: Loading mod file /workspaces/paaapule3/servidor_minecraft/mods/YungsApi-1.20-Forge-4.0.6.jar with languages [LanguageSpec[languageName=javafml, acceptedVersions=[46,)]]
[22Mar2025 23:14:34.755] [main/DEBUG] [net.minecraftforge.fml.loading.moddiscovery.ModFileParser/LOADING]: Considering mod file candidate /workspaces/paaapule3/servidor_minecraft/mods/Dungeon Crawl-1.20.1-2.3.15.jar
[22Mar2025 23:14:34.755] [main/DEBUG] [net.minecraftforge.fml.loading.moddiscovery.ModFileInfo/LOADING]: Found valid mod file Dungeon Crawl-1.20.1-2.3.15.jar with {dungeoncrawl} mods - versions {2.3.15}
[22Mar2025 23:14:34.755] [main/DEBUG] [net.minecraftforge.fml.loading.moddiscovery.ModFile/LOADING]: Loading mod file /workspaces/paaapule3/servidor_minecraft/mods/Dungeon Crawl-1.20.1-2.3.15.jar with languages [LanguageSpec[languageName=javafml, acceptedVersions=[47,)]]
[22Mar2025 23:14:34.755] [main/DEBUG] [net.minecraftforge.fml.loading.moddiscovery.ModFileParser/LOADING]: Considering mod file candidate /workspaces/paaapule3/servidor_minecraft/mods/sophisticatedbackpacks-1.20.1-3.23.4.1196.jar
[22Mar2025 23:14:34.756] [main/DEBUG] [net.minecraftforge.fml.loading.moddiscovery.ModFileInfo/LOADING]: Found valid mod file sophisticatedbackpacks-1.20.1-3.23.4.1196.jar with {sophisticatedbackpacks} mods - versions {3.23.4.1196}
[22Mar2025 23:14:34.756] [main/DEBUG] [net.minecraftforge.fml.loading.moddiscovery.ModFile/LOADING]: Loading mod file /workspaces/paaapule3/servidor_minecraft/mods/sophisticatedbackpacks-1.20.1-3.23.4.1196.jar with languages [LanguageSpec[languageName=javafml, acceptedVersions=[47,)]]
[22Mar2025 23:14:34.756] [main/DEBUG] [net.minecraftforge.fml.loading.moddiscovery.ModFileParser/LOADING]: Considering mod file candidate /workspaces/paaapule3/servidor_minecraft/mods/starlight-1.1.2+forge.1cda73c.jar
[22Mar2025 23:14:34.757] [main/DEBUG] [net.minecraftforge.fml.loading.moddiscovery.ModFileInfo/LOADING]: Found valid mod file starlight-1.1.2+forge.1cda73c.jar with {starlight} mods - versions {1.1.2+forge.1cda73c}
[22Mar2025 23:14:34.757] [main/DEBUG] [net.minecraftforge.fml.loading.moddiscovery.ModFile/LOADING]: Loading mod file /workspaces/paaapule3/servidor_minecraft/mods/starlight-1.1.2+forge.1cda73c.jar with languages [LanguageSpec[languageName=javafml, acceptedVersions=[46,)]]
[22Mar2025 23:14:34.757] [main/DEBUG] [net.minecraftforge.fml.loading.moddiscovery.ModFileParser/LOADING]: Considering mod file candidate /workspaces/paaapule3/servidor_minecraft/mods/takesapillage-1.0.3-1.20.1.jar
[22Mar2025 23:14:34.757] [main/DEBUG] [net.minecraftforge.fml.loading.moddiscovery.ModFileInfo/LOADING]: Found valid mod file takesapillage-1.0.3-1.20.1.jar with {takesapillage} mods - versions {1.0.3}
[22Mar2025 23:14:34.758] [main/DEBUG] [net.minecraftforge.fml.loading.moddiscovery.ModFile/LOADING]: Loading mod file /workspaces/paaapule3/servidor_minecraft/mods/takesapillage-1.0.3-1.20.1.jar with languages [LanguageSpec[languageName=javafml, acceptedVersions=[46,)]]
[22Mar2025 23:14:34.758] [main/DEBUG] [net.minecraftforge.fml.loading.moddiscovery.ModFileParser/LOADING]: Considering mod file candidate /workspaces/paaapule3/servidor_minecraft/mods/iceandfire-2.1.13-1.20.1-beta-5.jar
[22Mar2025 23:14:34.758] [main/DEBUG] [net.minecraftforge.fml.loading.moddiscovery.ModFileInfo/LOADING]: Found valid mod file iceandfire-2.1.13-1.20.1-beta-5.jar with {iceandfire} mods - versions {2.1.13-1.20.1}
[22Mar2025 23:14:34.758] [main/DEBUG] [net.minecraftforge.fml.loading.moddiscovery.ModFile/LOADING]: Loading mod file /workspaces/paaapule3/servidor_minecraft/mods/iceandfire-2.1.13-1.20.1-beta-5.jar with languages [LanguageSpec[languageName=javafml, acceptedVersions=[37.0,)]]
[22Mar2025 23:14:34.759] [main/DEBUG] [net.minecraftforge.fml.loading.moddiscovery.ModFileParser/LOADING]: Considering mod file candidate /workspaces/paaapule3/servidor_minecraft/mods/balm-forge-1.20.1-7.3.14-all.jar
[22Mar2025 23:14:34.759] [main/DEBUG] [net.minecraftforge.fml.loading.moddiscovery.ModFileInfo/LOADING]: Found valid mod file balm-forge-1.20.1-7.3.14-all.jar with {balm} mods - versions {7.3.14}
[22Mar2025 23:14:34.759] [main/DEBUG] [net.minecraftforge.fml.loading.moddiscovery.ModFile/LOADING]: Loading mod file /workspaces/paaapule3/servidor_minecraft/mods/balm-forge-1.20.1-7.3.14-all.jar with languages [LanguageSpec[languageName=javafml, acceptedVersions=[46,)]]
[22Mar2025 23:14:34.759] [main/DEBUG] [net.minecraftforge.fml.loading.moddiscovery.ModFileParser/LOADING]: Considering mod file candidate /workspaces/paaapule3/servidor_minecraft/mods/walljump-1.20.1-1.3.2-forge.jar
[22Mar2025 23:14:34.760] [main/DEBUG] [net.minecraftforge.fml.loading.moddiscovery.ModFileInfo/LOADING]: Found valid mod file walljump-1.20.1-1.3.2-forge.jar with {walljump} mods - versions {1.20.1-1.3.2-forge}
[22Mar2025 23:14:34.760] [main/DEBUG] [net.minecraftforge.fml.loading.moddiscovery.ModFile/LOADING]: Loading mod file /workspaces/paaapule3/servidor_minecraft/mods/walljump-1.20.1-1.3.2-forge.jar with languages [LanguageSpec[languageName=javafml, acceptedVersions=[46,)]]
[22Mar2025 23:14:34.760] [main/DEBUG] [net.minecraftforge.fml.loading.moddiscovery.ModFileParser/LOADING]: Considering mod file candidate /workspaces/paaapule3/servidor_minecraft/mods/Terralith_1.20.x_v2.5.4.jar
[22Mar2025 23:14:34.761] [main/DEBUG] [net.minecraftforge.fml.loading.moddiscovery.ModFileInfo/LOADING]: Found valid mod file Terralith_1.20.x_v2.5.4.jar with {terralith} mods - versions {2.5.4}
[22Mar2025 23:14:34.761] [main/DEBUG] [net.minecraftforge.fml.loading.moddiscovery.ModFile/LOADING]: Loading mod file /workspaces/paaapule3/servidor_minecraft/mods/Terralith_1.20.x_v2.5.4.jar with languages [LanguageSpec[languageName=lowcodefml, acceptedVersions=[1,)]]
[22Mar2025 23:14:34.761] [main/DEBUG] [net.minecraftforge.fml.loading.moddiscovery.ModFileParser/LOADING]: Considering mod file candidate /workspaces/paaapule3/servidor_minecraft/mods/JustEnoughResources-1.20.1-1.4.0.247.jar
[22Mar2025 23:14:34.761] [main/DEBUG] [net.minecraftforge.fml.loading.moddiscovery.ModFileInfo/LOADING]: Found valid mod file JustEnoughResources-1.20.1-1.4.0.247.jar with {jeresources} mods - versions {1.4.0.247}
[22Mar2025 23:14:34.762] [main/DEBUG] [net.minecraftforge.fml.loading.moddiscovery.ModFile/LOADING]: Loading mod file /workspaces/paaapule3/servidor_minecraft/mods/JustEnoughResources-1.20.1-1.4.0.247.jar with languages [LanguageSpec[languageName=javafml, acceptedVersions=[47,)]]
[22Mar2025 23:14:34.762] [main/DEBUG] [net.minecraftforge.fml.loading.moddiscovery.ModFileParser/LOADING]: Considering mod file candidate 
[22Mar2025 23:14:34.762] [main/DEBUG] [net.minecraftforge.fml.loading.moddiscovery.ModFileInfo/LOADING]: Found valid mod file puzzlesaccessapi-forge-8.0.7.jar with {puzzlesaccessapi} mods - versions {8.0.7}
[22Mar2025 23:14:34.762] [main/DEBUG] [net.minecraftforge.fml.loading.moddiscovery.ModFile/LOADING]: Loading mod file  with languages [LanguageSpec[languageName=javafml, acceptedVersions=[47,)]]
[22Mar2025 23:14:34.762] [main/DEBUG] [net.minecraftforge.fml.loading.moddiscovery.ModFileParser/LOADING]: Considering mod file candidate /workspaces/paaapule3/servidor_minecraft/mods/cloth-config-11.1.136-forge.jar
[22Mar2025 23:14:34.763] [main/DEBUG] [net.minecraftforge.fml.loading.moddiscovery.ModFileInfo/LOADING]: Found valid mod file cloth-config-11.1.136-forge.jar with {cloth_config} mods - versions {11.1.136}
[22Mar2025 23:14:34.763] [main/DEBUG] [net.minecraftforge.fml.loading.moddiscovery.ModFile/LOADING]: Loading mod file /workspaces/paaapule3/servidor_minecraft/mods/cloth-config-11.1.136-forge.jar with languages [LanguageSpec[languageName=javafml, acceptedVersions=[34,)]]
[22Mar2025 23:14:34.763] [main/DEBUG] [net.minecraftforge.fml.loading.moddiscovery.ModFileParser/LOADING]: Considering mod file candidate /workspaces/paaapule3/servidor_minecraft/libraries/net/minecraftforge/forge/1.20.1-47.3.7/forge-1.20.1-47.3.7-universal.jar
[22Mar2025 23:14:34.763] [main/DEBUG] [net.minecraftforge.fml.loading.moddiscovery.ModFileInfo/LOADING]: Found valid mod file forge-1.20.1-47.3.7-universal.jar with {forge} mods - versions {47.3.7}
[22Mar2025 23:14:34.764] [main/DEBUG] [net.minecraftforge.fml.loading.moddiscovery.ModFile/LOADING]: Loading mod file /workspaces/paaapule3/servidor_minecraft/libraries/net/minecraftforge/forge/1.20.1-47.3.7/forge-1.20.1-47.3.7-universal.jar with languages [LanguageSpec[languageName=javafml, acceptedVersions=[24,]]]
[22Mar2025 23:14:34.764] [main/DEBUG] [net.minecraftforge.fml.loading.moddiscovery.ModFileParser/LOADING]: Found coremod field_to_method with Javascript path coremods/field_to_method.js
[22Mar2025 23:14:34.764] [main/DEBUG] [net.minecraftforge.fml.loading.moddiscovery.ModFileParser/LOADING]: Found coremod field_to_instanceof with Javascript path coremods/field_to_instanceof.js
[22Mar2025 23:14:34.764] [main/DEBUG] [net.minecraftforge.fml.loading.moddiscovery.ModFileParser/LOADING]: Found coremod add_bouncer_method with Javascript path coremods/add_bouncer_method.js
[22Mar2025 23:14:34.764] [main/DEBUG] [net.minecraftforge.fml.loading.moddiscovery.ModFileParser/LOADING]: Found coremod method_redirector with Javascript path coremods/method_redirector.js
[22Mar2025 23:14:34.764] [main/DEBUG] [net.minecraftforge.fml.loading.moddiscovery.ModFile/LOADING]: Found coremod coremods/field_to_method.js
[22Mar2025 23:14:34.764] [main/DEBUG] [net.minecraftforge.fml.loading.moddiscovery.ModFile/LOADING]: Found coremod coremods/field_to_instanceof.js
[22Mar2025 23:14:34.766] [main/DEBUG] [net.minecraftforge.fml.loading.moddiscovery.ModFile/LOADING]: Found coremod coremods/add_bouncer_method.js
[22Mar2025 23:14:34.766] [main/DEBUG] [net.minecraftforge.fml.loading.moddiscovery.ModFile/LOADING]: Found coremod coremods/method_redirector.js
[22Mar2025 23:14:34.766] [main/DEBUG] [net.minecraftforge.fml.loading.moddiscovery.ModFileParser/LOADING]: Considering mod file candidate /workspaces/paaapule3/servidor_minecraft/mods/infernalmobs-1.20.1.6.jar
[22Mar2025 23:14:34.767] [main/DEBUG] [net.minecraftforge.fml.loading.moddiscovery.ModFileInfo/LOADING]: Found valid mod file infernalmobs-1.20.1.6.jar with {infernalmobs} mods - versions {1.20.1.6}
[22Mar2025 23:14:34.767] [main/DEBUG] [net.minecraftforge.fml.loading.moddiscovery.ModFile/LOADING]: Loading mod file /workspaces/paaapule3/servidor_minecraft/mods/infernalmobs-1.20.1.6.jar with languages [LanguageSpec[languageName=javafml, acceptedVersions=[37,)]]
[22Mar2025 23:14:34.767] [main/DEBUG] [net.minecraftforge.fml.loading.moddiscovery.ModFileParser/LOADING]: Considering mod file candidate /workspaces/paaapule3/servidor_minecraft/mods/DungeonsArise-1.20.x-2.1.58-release.jar
[22Mar2025 23:14:34.767] [main/DEBUG] [net.minecraftforge.fml.loading.moddiscovery.ModFileInfo/LOADING]: Found valid mod file DungeonsArise-1.20.x-2.1.58-release.jar with {dungeons_arise} mods - versions {2.1.58-1.20.x}
[22Mar2025 23:14:34.767] [main/DEBUG] [net.minecraftforge.fml.loading.moddiscovery.ModFile/LOADING]: Loading mod file /workspaces/paaapule3/servidor_minecraft/mods/DungeonsArise-1.20.x-2.1.58-release.jar with languages [LanguageSpec[languageName=javafml, acceptedVersions=[41,)]]
[22Mar2025 23:14:34.768] [main/DEBUG] [net.minecraftforge.fml.loading.moddiscovery.ModFileInfo/LOADING]: Found valid mod file server-1.20.1-20230612.114412-srg.jar with {minecraft} mods - versions {1.20.1}
[22Mar2025 23:14:34.768] [main/DEBUG] [net.minecraftforge.fml.loading.moddiscovery.ModFile/LOADING]: Loading mod file /workspaces/paaapule3/servidor_minecraft/libraries/net/minecraft/server/1.20.1-20230612.114412/server-1.20.1-20230612.114412-srg.jar with languages [LanguageSpec[languageName=minecraft, acceptedVersions=1]]
[22Mar2025 23:14:34.768] [main/DEBUG] [net.minecraftforge.fml.loading.moddiscovery.ModFileParser/LOADING]: Considering mod file candidate /workspaces/paaapule3/servidor_minecraft/mods/alexscaves-2.0.2.jar
[22Mar2025 23:14:34.768] [main/DEBUG] [net.minecraftforge.fml.loading.moddiscovery.ModFileInfo/LOADING]: Found valid mod file alexscaves-2.0.2.jar with {alexscaves} mods - versions {2.0.2}
[22Mar2025 23:14:34.768] [main/DEBUG] [net.minecraftforge.fml.loading.moddiscovery.ModFile/LOADING]: Loading mod file /workspaces/paaapule3/servidor_minecraft/mods/alexscaves-2.0.2.jar with languages [LanguageSpec[languageName=javafml, acceptedVersions=[46,)]]
[22Mar2025 23:14:34.769] [main/DEBUG] [net.minecraftforge.fml.loading.moddiscovery.ModFileParser/LOADING]: Considering mod file candidate /workspaces/paaapule3/servidor_minecraft/mods/AmbientSounds_FORGE_v6.1.4_mc1.20.1.jar
[22Mar2025 23:14:34.769] [main/DEBUG] [net.minecraftforge.fml.loading.moddiscovery.ModFileInfo/LOADING]: Found valid mod file AmbientSounds_FORGE_v6.1.4_mc1.20.1.jar with {ambientsounds} mods - versions {6.1.4}
[22Mar2025 23:14:34.769] [main/DEBUG] [net.minecraftforge.fml.loading.moddiscovery.ModFile/LOADING]: Loading mod file /workspaces/paaapule3/servidor_minecraft/mods/AmbientSounds_FORGE_v6.1.4_mc1.20.1.jar with languages [LanguageSpec[languageName=javafml, acceptedVersions=[46,)]]
[22Mar2025 23:14:34.769] [main/DEBUG] [net.minecraftforge.fml.loading.moddiscovery.ModFileParser/LOADING]: Considering mod file candidate /workspaces/paaapule3/servidor_minecraft/mods/CreativeCore_FORGE_v2.12.31_mc1.20.1.jar
[22Mar2025 23:14:34.770] [main/DEBUG] [net.minecraftforge.fml.loading.moddiscovery.ModFileInfo/LOADING]: Found valid mod file CreativeCore_FORGE_v2.12.31_mc1.20.1.jar with {creativecore} mods - versions {2.12.31}
[22Mar2025 23:14:34.770] [main/DEBUG] [net.minecraftforge.fml.loading.moddiscovery.ModFile/LOADING]: Loading mod file /workspaces/paaapule3/servidor_minecraft/mods/CreativeCore_FORGE_v2.12.31_mc1.20.1.jar with languages [LanguageSpec[languageName=javafml, acceptedVersions=[46,)]]
[22Mar2025 23:14:34.770] [main/DEBUG] [net.minecraftforge.fml.loading.moddiscovery.ModFileParser/LOADING]: Considering mod file candidate 
[22Mar2025 23:14:34.770] [main/DEBUG] [net.minecraftforge.fml.loading.moddiscovery.ModFileInfo/LOADING]: Found valid mod file spectrelib-forge-0.13.15+1.20.1.jar with {spectrelib} mods - versions {0.13.15+1.20.1}
[22Mar2025 23:14:34.770] [main/DEBUG] [net.minecraftforge.fml.loading.moddiscovery.ModFile/LOADING]: Loading mod file  with languages [LanguageSpec[languageName=javafml, acceptedVersions=[41,)]]
[22Mar2025 23:14:34.770] [main/DEBUG] [net.minecraftforge.fml.loading.moddiscovery.ModFileParser/LOADING]: Considering mod file candidate /workspaces/paaapule3/servidor_minecraft/mods/Ksyxis-1.3.3.jar
[22Mar2025 23:14:34.771] [main/DEBUG] [net.minecraftforge.fml.loading.moddiscovery.ModFileInfo/LOADING]: Found valid mod file Ksyxis-1.3.3.jar with {ksyxis} mods - versions {1.3.3}
[22Mar2025 23:14:34.771] [main/DEBUG] [net.minecraftforge.fml.loading.moddiscovery.ModFile/LOADING]: Loading mod file /workspaces/paaapule3/servidor_minecraft/mods/Ksyxis-1.3.3.jar with languages [LanguageSpec[languageName=javafml, acceptedVersions=[1,)]]
[22Mar2025 23:14:34.771] [main/DEBUG] [net.minecraftforge.fml.loading.moddiscovery.ModFileParser/LOADING]: Considering mod file candidate /workspaces/paaapule3/servidor_minecraft/mods/wthit-forge-8.16.1.jar
[22Mar2025 23:14:34.772] [main/DEBUG] [net.minecraftforge.fml.loading.moddiscovery.ModFileInfo/LOADING]: Found valid mod file wthit-forge-8.16.1.jar with {wthit,waila} mods - versions {8.16.1,8.16.1}
[22Mar2025 23:14:34.772] [main/DEBUG] [net.minecraftforge.fml.loading.moddiscovery.ModFile/LOADING]: Loading mod file /workspaces/paaapule3/servidor_minecraft/mods/wthit-forge-8.16.1.jar with languages [LanguageSpec[languageName=javafml, acceptedVersions=[38,)]]
[22Mar2025 23:14:34.772] [main/DEBUG] [net.minecraftforge.fml.loading.moddiscovery.ModFileParser/LOADING]: Considering mod file candidate /workspaces/paaapule3/servidor_minecraft/mods/jeiintegration_1.20.1-10.0.0.jar
[22Mar2025 23:14:34.772] [main/DEBUG] [net.minecraftforge.fml.loading.moddiscovery.ModFileInfo/LOADING]: Found valid mod file jeiintegration_1.20.1-10.0.0.jar with {jeiintegration} mods - versions {10.0.0}
[22Mar2025 23:14:34.772] [main/DEBUG] [net.minecraftforge.fml.loading.moddiscovery.ModFile/LOADING]: Loading mod file /workspaces/paaapule3/servidor_minecraft/mods/jeiintegration_1.20.1-10.0.0.jar with languages [LanguageSpec[languageName=javafml, acceptedVersions=[43,)]]
[22Mar2025 23:14:34.773] [main/DEBUG] [net.minecraftforge.fml.loading.moddiscovery.ModFileParser/LOADING]: Considering mod file candidate /workspaces/paaapule3/servidor_minecraft/mods/curios-forge-5.11.1+1.20.1.jar
[22Mar2025 23:14:34.773] [main/DEBUG] [net.minecraftforge.fml.loading.moddiscovery.ModFileInfo/LOADING]: Found valid mod file curios-forge-5.11.1+1.20.1.jar with {curios} mods - versions {5.11.1+1.20.1}
[22Mar2025 23:14:34.773] [main/DEBUG] [net.minecraftforge.fml.loading.moddiscovery.ModFile/LOADING]: Loading mod file /workspaces/paaapule3/servidor_minecraft/mods/curios-forge-5.11.1+1.20.1.jar with languages [LanguageSpec[languageName=javafml, acceptedVersions=[41,)]]
[22Mar2025 23:14:34.773] [main/DEBUG] [net.minecraftforge.fml.loading.moddiscovery.ModFileParser/LOADING]: Considering mod file candidate /workspaces/paaapule3/servidor_minecraft/mods/inventoryhud.forge.1.20.1-3.4.26.jar
[22Mar2025 23:14:34.774] [main/DEBUG] [net.minecraftforge.fml.loading.moddiscovery.ModFileInfo/LOADING]: Found valid mod file inventoryhud.forge.1.20.1-3.4.26.jar with {inventoryhud} mods - versions {3.4.26}
[22Mar2025 23:14:34.774] [main/DEBUG] [net.minecraftforge.fml.loading.moddiscovery.ModFile/LOADING]: Loading mod file /workspaces/paaapule3/servidor_minecraft/mods/inventoryhud.forge.1.20.1-3.4.26.jar with languages [LanguageSpec[languageName=javafml, acceptedVersions=[46,50)]]
[22Mar2025 23:14:34.774] [main/DEBUG] [net.minecraftforge.fml.loading.moddiscovery.ModFileParser/LOADING]: Considering mod file candidate /workspaces/paaapule3/servidor_minecraft/mods/tombstone-1.20.1-8.9.0.jar
[22Mar2025 23:14:34.775] [main/DEBUG] [net.minecraftforge.fml.loading.moddiscovery.ModFileInfo/LOADING]: Found valid mod file tombstone-1.20.1-8.9.0.jar with {tombstone} mods - versions {8.9.0}
[22Mar2025 23:14:34.775] [main/DEBUG] [net.minecraftforge.fml.loading.moddiscovery.ModFile/LOADING]: Loading mod file /workspaces/paaapule3/servidor_minecraft/mods/tombstone-1.20.1-8.9.0.jar with languages [LanguageSpec[languageName=javafml, acceptedVersions=[46,)]]
[22Mar2025 23:14:34.775] [main/DEBUG] [net.minecraftforge.fml.loading.moddiscovery.ModFileParser/LOADING]: Considering mod file candidate /workspaces/paaapule3/servidor_minecraft/mods/architectury-9.2.14-forge.jar
[22Mar2025 23:14:34.775] [main/DEBUG] [net.minecraftforge.fml.loading.moddiscovery.ModFileInfo/LOADING]: Found valid mod file architectury-9.2.14-forge.jar with {architectury} mods - versions {9.2.14}
[22Mar2025 23:14:34.775] [main/DEBUG] [net.minecraftforge.fml.loading.moddiscovery.ModFile/LOADING]: Loading mod file /workspaces/paaapule3/servidor_minecraft/mods/architectury-9.2.14-forge.jar with languages [LanguageSpec[languageName=javafml, acceptedVersions=[46,)]]
[22Mar2025 23:14:34.776] [main/DEBUG] [net.minecraftforge.fml.loading.moddiscovery.ModFileParser/LOADING]: Considering mod file candidate /workspaces/paaapule3/servidor_minecraft/mods/ferritecore-6.0.1-forge.jar
[22Mar2025 23:14:34.776] [main/DEBUG] [net.minecraftforge.fml.loading.moddiscovery.ModFileInfo/LOADING]: Found valid mod file ferritecore-6.0.1-forge.jar with {ferritecore} mods - versions {6.0.1}
[22Mar2025 23:14:34.776] [main/DEBUG] [net.minecraftforge.fml.loading.moddiscovery.ModFile/LOADING]: Loading mod file /workspaces/paaapule3/servidor_minecraft/mods/ferritecore-6.0.1-forge.jar with languages [LanguageSpec[languageName=javafml, acceptedVersions=[28,)]]
[22Mar2025 23:14:34.776] [main/DEBUG] [net.minecraftforge.fml.loading.moddiscovery.ModFileParser/LOADING]: Considering mod file candidate /workspaces/paaapule3/servidor_minecraft/mods/PuzzlesLib-v8.1.25-1.20.1-Forge.jar
[22Mar2025 23:14:34.777] [main/DEBUG] [net.minecraftforge.fml.loading.moddiscovery.ModFileInfo/LOADING]: Found valid mod file PuzzlesLib-v8.1.25-1.20.1-Forge.jar with {puzzleslib} mods - versions {8.1.25}
[22Mar2025 23:14:34.777] [main/DEBUG] [net.minecraftforge.fml.loading.moddiscovery.ModFile/LOADING]: Loading mod file /workspaces/paaapule3/servidor_minecraft/mods/PuzzlesLib-v8.1.25-1.20.1-Forge.jar with languages [LanguageSpec[languageName=javafml, acceptedVersions=[47,)]]
[22Mar2025 23:14:34.777] [main/DEBUG] [net.minecraftforge.fml.loading.moddiscovery.ModFileParser/LOADING]: Considering mod file candidate /workspaces/paaapule3/servidor_minecraft/mods/FallingTree-1.20.1-4.3.4.jar
[22Mar2025 23:14:34.778] [main/DEBUG] [net.minecraftforge.fml.loading.moddiscovery.ModFileInfo/LOADING]: Found valid mod file FallingTree-1.20.1-4.3.4.jar with {fallingtree} mods - versions {4.3.4}
[22Mar2025 23:14:34.778] [main/DEBUG] [net.minecraftforge.fml.loading.moddiscovery.ModFile/LOADING]: Loading mod file /workspaces/paaapule3/servidor_minecraft/mods/FallingTree-1.20.1-4.3.4.jar with languages [LanguageSpec[languageName=javafml, acceptedVersions=[47,)]]
[22Mar2025 23:14:34.778] [main/DEBUG] [net.minecraftforge.fml.loading.moddiscovery.ModFileParser/LOADING]: Considering mod file candidate 
[22Mar2025 23:14:34.778] [main/DEBUG] [net.minecraftforge.fml.loading.moddiscovery.ModFileInfo/LOADING]: Found valid mod file expandability-forge-9.0.4.jar with {expandability} mods - versions {9.0.4}
[22Mar2025 23:14:34.779] [main/DEBUG] [net.minecraftforge.fml.loading.moddiscovery.ModFile/LOADING]: Loading mod file  with languages [LanguageSpec[languageName=javafml, acceptedVersions=[46,)]]
[22Mar2025 23:14:34.779] [main/DEBUG] [net.minecraftforge.fml.loading.moddiscovery.ModFileParser/LOADING]: Considering mod file candidate 
[22Mar2025 23:14:34.779] [main/DEBUG] [net.minecraftforge.fml.loading.moddiscovery.ModFileInfo/LOADING]: Found valid mod file mixinextras-forge-0.4.1.jar with {mixinextras} mods - versions {0.4.1}
[22Mar2025 23:14:34.779] [main/DEBUG] [net.minecraftforge.fml.loading.moddiscovery.ModFile/LOADING]: Loading mod file  with languages [LanguageSpec[languageName=javafml, acceptedVersions=*]]
[22Mar2025 23:14:34.779] [main/DEBUG] [net.minecraftforge.fml.loading.moddiscovery.ModFile/LOADING]: Loading mod file  with languages []
[22Mar2025 23:14:34.779] [main/DEBUG] [net.minecraftforge.fml.loading.moddiscovery.ModFile/LOADING]: Loading mod file  with languages []
[22Mar2025 23:14:34.780] [main/DEBUG] [net.minecraftforge.fml.loading.moddiscovery.ModFileParser/LOADING]: Considering mod file candidate 
[22Mar2025 23:14:34.780] [main/DEBUG] [net.minecraftforge.fml.loading.moddiscovery.ModFileInfo/LOADING]: Found valid mod file mixinextras-forge-0.4.1.jar with {mixinextras} mods - versions {0.4.1}
[22Mar2025 23:14:34.780] [main/DEBUG] [net.minecraftforge.fml.loading.moddiscovery.ModFile/LOADING]: Loading mod file  with languages [LanguageSpec[languageName=javafml, acceptedVersions=*]]
[22Mar2025 23:14:34.780] [main/DEBUG] [net.minecraftforge.fml.loading.moddiscovery.ModFile/LOADING]: Loading mod file  with languages []
[22Mar2025 23:14:34.780] [main/DEBUG] [net.minecraftforge.fml.loading.moddiscovery.ModFile/LOADING]: Loading mod file  with languages []
[22Mar2025 23:14:34.782] [main/DEBUG] [cpw.mods.modlauncher.TransformationServiceDecorator/MODLAUNCHER]: End scan trigger - transformation service fml
[22Mar2025 23:14:34.796] [main/DEBUG] [net.minecraftforge.fml.loading.LanguageLoadingProvider/CORE]: Found 3 language providers
[22Mar2025 23:14:34.797] [main/DEBUG] [net.minecraftforge.fml.loading.LanguageLoadingProvider/CORE]: Found language provider minecraft, version 1.0
[22Mar2025 23:14:34.797] [main/DEBUG] [net.minecraftforge.fml.loading.LanguageLoadingProvider/CORE]: Found language provider lowcodefml, version 47
[22Mar2025 23:14:34.798] [main/DEBUG] [net.minecraftforge.fml.loading.LanguageLoadingProvider/CORE]: Found language provider javafml, version 47
[22Mar2025 23:14:34.802] [main/DEBUG] [net.minecraftforge.fml.loading.UniqueModListBuilder/]: Found 2 mods for first modid mixinextras, selecting most recent based on version data
[22Mar2025 23:14:34.802] [main/DEBUG] [net.minecraftforge.fml.loading.UniqueModListBuilder/]: Selected file mixinextras-forge-0.4.1.jar for modid mixinextras with version 0.4.1
[22Mar2025 23:14:34.803] [main/DEBUG] [net.minecraftforge.fml.loading.UniqueModListBuilder/]: Found 2 mods for first modid org.yaml.snakeyaml, selecting most recent based on version data
[22Mar2025 23:14:34.803] [main/DEBUG] [net.minecraftforge.fml.loading.UniqueModListBuilder/]: Selected file snakeyaml-2.2.jar for modid org.yaml.snakeyaml with version 0.0NONE
[22Mar2025 23:14:34.803] [main/DEBUG] [net.minecraftforge.fml.loading.UniqueModListBuilder/]: Found 2 mods for first modid MixinExtras, selecting most recent based on version data
[22Mar2025 23:14:34.803] [main/DEBUG] [net.minecraftforge.fml.loading.UniqueModListBuilder/]: Selected file MixinExtras-0.4.1.jar for modid MixinExtras with version 0.0NONE
[22Mar2025 23:14:34.805] [main/DEBUG] [net.minecraftforge.fml.loading.ModSorter/]: Configured system mods: [minecraft, forge]
[22Mar2025 23:14:34.805] [main/DEBUG] [net.minecraftforge.fml.loading.ModSorter/]: Found system mod: minecraft
[22Mar2025 23:14:34.805] [main/DEBUG] [net.minecraftforge.fml.loading.ModSorter/]: Found system mod: forge
[22Mar2025 23:14:34.808] [main/DEBUG] [net.minecraftforge.fml.loading.ModSorter/LOADING]: Found 92 mod requirements (89 mandatory, 3 optional)
[22Mar2025 23:14:34.808] [main/DEBUG] [net.minecraftforge.fml.loading.ModSorter/LOADING]: Found 0 mod requirements missing (0 mandatory, 0 optional)
[22Mar2025 23:14:35.412] [main/DEBUG] [cpw.mods.modlauncher.TransformationServicesHandler/MODLAUNCHER]: Transformation services loading transformers
[22Mar2025 23:14:35.412] [main/DEBUG] [cpw.mods.modlauncher.TransformationServiceDecorator/MODLAUNCHER]: Initializing transformers for transformation service mixin
[22Mar2025 23:14:35.413] [main/DEBUG] [cpw.mods.modlauncher.TransformationServiceDecorator/MODLAUNCHER]: Initialized transformers for transformation service mixin
[22Mar2025 23:14:35.413] [main/DEBUG] [cpw.mods.modlauncher.TransformationServiceDecorator/MODLAUNCHER]: Initializing transformers for transformation service fml
[22Mar2025 23:14:35.413] [main/DEBUG] [net.minecraftforge.fml.loading.FMLServiceProvider/CORE]: Loading coremod transformers
[22Mar2025 23:14:35.413] [main/DEBUG] [net.minecraftforge.coremod.CoreModEngine/COREMOD]: Loading CoreMod from potion-effects-shift.js
[22Mar2025 23:14:35.698] [main/DEBUG] [net.minecraftforge.coremod.CoreModEngine/COREMOD]: CoreMod loaded successfully
[22Mar2025 23:14:35.698] [main/DEBUG] [net.minecraftforge.coremod.CoreModEngine/COREMOD]: Loading CoreMod from coremods/field_to_method.js
[22Mar2025 23:14:35.753] [main/DEBUG] [net.minecraftforge.coremod.CoreModEngine/COREMOD]: CoreMod loaded successfully
[22Mar2025 23:14:35.754] [main/DEBUG] [net.minecraftforge.coremod.CoreModEngine/COREMOD]: Loading CoreMod from coremods/field_to_instanceof.js
[22Mar2025 23:14:35.807] [main/DEBUG] [net.minecraftforge.coremod.CoreModEngine/COREMOD]: CoreMod loaded successfully
[22Mar2025 23:14:35.807] [main/DEBUG] [net.minecraftforge.coremod.CoreModEngine/COREMOD]: Loading CoreMod from coremods/add_bouncer_method.js
[22Mar2025 23:14:35.859] [main/DEBUG] [net.minecraftforge.coremod.CoreModEngine/COREMOD]: CoreMod loaded successfully
[22Mar2025 23:14:35.860] [main/DEBUG] [net.minecraftforge.coremod.CoreModEngine/COREMOD]: Loading CoreMod from coremods/method_redirector.js
[22Mar2025 23:14:35.933] [main/DEBUG] [net.minecraftforge.coremod.CoreModEngine/COREMOD]: CoreMod loaded successfully
[22Mar2025 23:14:35.942] [main/DEBUG] [cpw.mods.modlauncher.TransformStore/MODLAUNCHER]: Adding transformer net.minecraftforge.coremod.transformer.CoreModClassTransformer@19a20bb2 to Target : CLASS {Lnet/minecraft/world/level/biome/Biome;} {} {V}
[22Mar2025 23:14:35.943] [main/DEBUG] [cpw.mods.modlauncher.TransformStore/MODLAUNCHER]: Adding transformer net.minecraftforge.coremod.transformer.CoreModClassTransformer@67774e29 to Target : CLASS {Lnet/minecraft/world/level/levelgen/structure/Structure;} {} {V}
[22Mar2025 23:14:35.943] [main/DEBUG] [cpw.mods.modlauncher.TransformStore/MODLAUNCHER]: Adding transformer net.minecraftforge.coremod.transformer.CoreModClassTransformer@663f237a to Target : CLASS {Lnet/minecraft/world/effect/MobEffectInstance;} {} {V}
[22Mar2025 23:14:35.944] [main/DEBUG] [cpw.mods.modlauncher.TransformStore/MODLAUNCHER]: Adding transformer net.minecraftforge.coremod.transformer.CoreModClassTransformer@5d7399f9 to Target : CLASS {Lnet/minecraft/world/level/block/LiquidBlock;} {} {V}
[22Mar2025 23:14:35.944] [main/DEBUG] [cpw.mods.modlauncher.TransformStore/MODLAUNCHER]: Adding transformer net.minecraftforge.coremod.transformer.CoreModClassTransformer@49a6f486 to Target : CLASS {Lnet/minecraft/world/item/BucketItem;} {} {V}
[22Mar2025 23:14:35.944] [main/DEBUG] [cpw.mods.modlauncher.TransformStore/MODLAUNCHER]: Adding transformer net.minecraftforge.coremod.transformer.CoreModClassTransformer@14fded9d to Target : CLASS {Lnet/minecraft/world/level/block/StairBlock;} {} {V}
[22Mar2025 23:14:35.944] [main/DEBUG] [cpw.mods.modlauncher.TransformStore/MODLAUNCHER]: Adding transformer net.minecraftforge.coremod.transformer.CoreModClassTransformer@bc6288b to Target : CLASS {Lnet/minecraft/world/level/block/FlowerPotBlock;} {} {V}
[22Mar2025 23:14:35.944] [main/DEBUG] [cpw.mods.modlauncher.TransformStore/MODLAUNCHER]: Adding transformer net.minecraftforge.coremod.transformer.CoreModClassTransformer@4a3bd45b to Target : CLASS {Lnet/minecraft/world/item/ItemStack;} {} {V}
[22Mar2025 23:14:35.944] [main/DEBUG] [cpw.mods.modlauncher.TransformStore/MODLAUNCHER]: Adding transformer net.minecraftforge.coremod.transformer.CoreModClassTransformer@34c70b5e to Target : CLASS {Lnet/minecraft/network/play/client/CClientSettingsPacket;} {} {V}
[22Mar2025 23:14:35.945] [main/DEBUG] [cpw.mods.modlauncher.TransformStore/MODLAUNCHER]: Adding transformer net.minecraftforge.coremod.transformer.CoreModClassTransformer@4f2d995e to Target : CLASS {Lnet/minecraft/world/entity/npc/Villager;} {} {V}
[22Mar2025 23:14:35.945] [main/DEBUG] [cpw.mods.modlauncher.TransformStore/MODLAUNCHER]: Adding transformer net.minecraftforge.coremod.transformer.CoreModClassTransformer@4f2d995e to Target : CLASS {Lnet/minecraft/world/entity/npc/CatSpawner;} {} {V}
[22Mar2025 23:14:35.945] [main/DEBUG] [cpw.mods.modlauncher.TransformStore/MODLAUNCHER]: Adding transformer net.minecraftforge.coremod.transformer.CoreModClassTransformer@4f2d995e to Target : CLASS {Lnet/minecraft/world/level/levelgen/PatrolSpawner;} {} {V}
[22Mar2025 23:14:35.945] [main/DEBUG] [cpw.mods.modlauncher.TransformStore/MODLAUNCHER]: Adding transformer net.minecraftforge.coremod.transformer.CoreModClassTransformer@4f2d995e to Target : CLASS {Lnet/minecraft/server/commands/SummonCommand;} {} {V}
[22Mar2025 23:14:35.945] [main/DEBUG] [cpw.mods.modlauncher.TransformStore/MODLAUNCHER]: Adding transformer net.minecraftforge.coremod.transformer.CoreModClassTransformer@4f2d995e to Target : CLASS {Lnet/minecraft/world/level/levelgen/structure/structures/OceanRuinPieces$OceanRuinPiece;} {} {V}
[22Mar2025 23:14:35.945] [main/DEBUG] [cpw.mods.modlauncher.TransformStore/MODLAUNCHER]: Adding transformer net.minecraftforge.coremod.transformer.CoreModClassTransformer@4f2d995e to Target : CLASS {Lnet/minecraft/world/entity/monster/Spider;} {} {V}
[22Mar2025 23:14:35.945] [main/DEBUG] [cpw.mods.modlauncher.TransformStore/MODLAUNCHER]: Adding transformer net.minecraftforge.coremod.transformer.CoreModClassTransformer@4f2d995e to Target : CLASS {Lnet/minecraft/world/entity/ai/village/VillageSiege;} {} {V}
[22Mar2025 23:14:35.946] [main/DEBUG] [cpw.mods.modlauncher.TransformStore/MODLAUNCHER]: Adding transformer net.minecraftforge.coremod.transformer.CoreModClassTransformer@4f2d995e to Target : CLASS {Lnet/minecraft/world/level/NaturalSpawner;} {} {V}
[22Mar2025 23:14:35.946] [main/DEBUG] [cpw.mods.modlauncher.TransformStore/MODLAUNCHER]: Adding transformer net.minecraftforge.coremod.transformer.CoreModClassTransformer@4f2d995e to Target : CLASS {Lnet/minecraft/world/level/levelgen/PhantomSpawner;} {} {V}
[22Mar2025 23:14:35.946] [main/DEBUG] [cpw.mods.modlauncher.TransformStore/MODLAUNCHER]: Adding transformer net.minecraftforge.coremod.transformer.CoreModClassTransformer@4f2d995e to Target : CLASS {Lnet/minecraft/world/entity/monster/Evoker$EvokerSummonSpellGoal;} {} {V}
[22Mar2025 23:14:35.946] [main/DEBUG] [cpw.mods.modlauncher.TransformStore/MODLAUNCHER]: Adding transformer net.minecraftforge.coremod.transformer.CoreModClassTransformer@4f2d995e to Target : CLASS {Lnet/minecraft/world/entity/animal/frog/Tadpole;} {} {V}
[22Mar2025 23:14:35.946] [main/DEBUG] [cpw.mods.modlauncher.TransformStore/MODLAUNCHER]: Adding transformer net.minecraftforge.coremod.transformer.CoreModClassTransformer@4f2d995e to Target : CLASS {Lnet/minecraft/world/entity/EntityType;} {} {V}
[22Mar2025 23:14:35.946] [main/DEBUG] [cpw.mods.modlauncher.TransformStore/MODLAUNCHER]: Adding transformer net.minecraftforge.coremod.transformer.CoreModClassTransformer@4f2d995e to Target : CLASS {Lnet/minecraft/world/entity/monster/Strider;} {} {V}
[22Mar2025 23:14:35.946] [main/DEBUG] [cpw.mods.modlauncher.TransformStore/MODLAUNCHER]: Adding transformer net.minecraftforge.coremod.transformer.CoreModClassTransformer@4f2d995e to Target : CLASS {Lnet/minecraft/world/entity/animal/horse/SkeletonTrapGoal;} {} {V}
[22Mar2025 23:14:35.946] [main/DEBUG] [cpw.mods.modlauncher.TransformStore/MODLAUNCHER]: Adding transformer net.minecraftforge.coremod.transformer.CoreModClassTransformer@4f2d995e to Target : CLASS {Lnet/minecraft/world/level/levelgen/structure/structures/OceanMonumentPieces$OceanMonumentPiece;} {} {V}
[22Mar2025 23:14:35.946] [main/DEBUG] [cpw.mods.modlauncher.TransformStore/MODLAUNCHER]: Adding transformer net.minecraftforge.coremod.transformer.CoreModClassTransformer@4f2d995e to Target : CLASS {Lnet/minecraft/server/commands/RaidCommand;} {} {V}
[22Mar2025 23:14:35.946] [main/DEBUG] [cpw.mods.modlauncher.TransformStore/MODLAUNCHER]: Adding transformer net.minecraftforge.coremod.transformer.CoreModClassTransformer@4f2d995e to Target : CLASS {Lnet/minecraft/world/entity/monster/Zombie;} {} {V}
[22Mar2025 23:14:35.946] [main/DEBUG] [cpw.mods.modlauncher.TransformStore/MODLAUNCHER]: Adding transformer net.minecraftforge.coremod.transformer.CoreModClassTransformer@4f2d995e to Target : CLASS {Lnet/minecraft/world/entity/monster/ZombieVillager;} {} {V}
[22Mar2025 23:14:35.947] [main/DEBUG] [cpw.mods.modlauncher.TransformStore/MODLAUNCHER]: Adding transformer net.minecraftforge.coremod.transformer.CoreModClassTransformer@4f2d995e to Target : CLASS {Lnet/minecraft/world/level/levelgen/structure/structures/WoodlandMansionPieces$WoodlandMansionPiece;} {} {V}
[22Mar2025 23:14:35.947] [main/DEBUG] [cpw.mods.modlauncher.TransformStore/MODLAUNCHER]: Adding transformer net.minecraftforge.coremod.transformer.CoreModClassTransformer@4f2d995e to Target : CLASS {Lnet/minecraft/world/level/levelgen/structure/templatesystem/StructureTemplate;} {} {V}
[22Mar2025 23:14:35.947] [main/DEBUG] [cpw.mods.modlauncher.TransformStore/MODLAUNCHER]: Adding transformer net.minecraftforge.coremod.transformer.CoreModClassTransformer@4f2d995e to Target : CLASS {Lnet/minecraft/world/entity/raid/Raid;} {} {V}
[22Mar2025 23:14:35.947] [main/DEBUG] [cpw.mods.modlauncher.TransformStore/MODLAUNCHER]: Adding transformer net.minecraftforge.coremod.transformer.CoreModClassTransformer@4f2d995e to Target : CLASS {Lnet/minecraft/world/level/levelgen/structure/structures/SwampHutPiece;} {} {V}
[22Mar2025 23:14:35.947] [main/DEBUG] [cpw.mods.modlauncher.TransformStore/MODLAUNCHER]: Adding transformer net.minecraftforge.coremod.transformer.CoreModMethodTransformer@6198e9b5 to Target : METHOD {Lnet/minecraft/client/gui/Gui;} {m_93028_} {(Lcom/mojang/blaze3d/vertex/PoseStack;)V}
[22Mar2025 23:14:35.947] [main/DEBUG] [cpw.mods.modlauncher.TransformationServiceDecorator/MODLAUNCHER]: Initialized transformers for transformation service fml
[22Mar2025 23:14:37.161] [main/DEBUG] [mixin/]: Processing prepare() for PlatformAgent[MixinPlatformAgentDefault:ModLauncher Root Container(ModLauncher:4f56a0a2)]
[22Mar2025 23:14:37.161] [main/DEBUG] [mixin/]: Processing launch tasks for PlatformAgent[MixinPlatformAgentDefault:ModLauncher Root Container(ModLauncher:4f56a0a2)]
[22Mar2025 23:14:37.161] [main/DEBUG] [mixin/]: Adding mixin platform agents for container SecureJarResource(betterdungeons)
[22Mar2025 23:14:37.161] [main/DEBUG] [mixin/]: Instancing new MixinPlatformAgentMinecraftForge for SecureJarResource(betterdungeons)
[22Mar2025 23:14:37.161] [main/DEBUG] [mixin/]: MixinPlatformAgentMinecraftForge rejected container SecureJarResource(betterdungeons)
[22Mar2025 23:14:37.161] [main/DEBUG] [mixin/]: Instancing new MixinPlatformAgentDefault for SecureJarResource(betterdungeons)
[22Mar2025 23:14:37.162] [main/DEBUG] [mixin/]: MixinPlatformAgentDefault accepted container SecureJarResource(betterdungeons)
[22Mar2025 23:14:37.162] [main/DEBUG] [mixin/]: Processing prepare() for PlatformAgent[MixinPlatformAgentDefault:SecureJarResource(betterdungeons)]
[22Mar2025 23:14:37.162] [main/DEBUG] [mixin/]: Registering mixin config: betterdungeons.mixins.json
[22Mar2025 23:14:37.182] [main/DEBUG] [mixin/]: Compatibility level JAVA_17 specified by betterdungeons.mixins.json is higher than the maximum level supported by this version of mixin (JAVA_13).
[22Mar2025 23:14:37.188] [main/INFO] [mixin/]: Compatibility level set to JAVA_17
[22Mar2025 23:14:37.189] [main/DEBUG] [mixin/]: Registering mixin config: betterdungeons_forge.mixins.json
[22Mar2025 23:14:37.192] [main/DEBUG] [mixin/]: Adding mixin platform agents for container SecureJarResource(kuma_api)
[22Mar2025 23:14:37.192] [main/DEBUG] [mixin/]: Instancing new MixinPlatformAgentMinecraftForge for SecureJarResource(kuma_api)
[22Mar2025 23:14:37.192] [main/DEBUG] [mixin/]: MixinPlatformAgentMinecraftForge rejected container SecureJarResource(kuma_api)
[22Mar2025 23:14:37.192] [main/DEBUG] [mixin/]: Instancing new MixinPlatformAgentDefault for SecureJarResource(kuma_api)
[22Mar2025 23:14:37.192] [main/DEBUG] [mixin/]: MixinPlatformAgentDefault accepted container SecureJarResource(kuma_api)
[22Mar2025 23:14:37.192] [main/DEBUG] [mixin/]: Processing prepare() for PlatformAgent[MixinPlatformAgentDefault:SecureJarResource(kuma_api)]
[22Mar2025 23:14:37.192] [main/DEBUG] [mixin/]: Registering mixin config: kuma_api.mixins.json
[22Mar2025 23:14:37.194] [main/DEBUG] [mixin/]: Registering mixin config: kuma_api.forge.mixins.json
[22Mar2025 23:14:37.197] [main/DEBUG] [mixin/]: Adding mixin platform agents for container SecureJarResource(trashslot)
[22Mar2025 23:14:37.197] [main/DEBUG] [mixin/]: Instancing new MixinPlatformAgentMinecraftForge for SecureJarResource(trashslot)
[22Mar2025 23:14:37.197] [main/DEBUG] [mixin/]: MixinPlatformAgentMinecraftForge rejected container SecureJarResource(trashslot)
[22Mar2025 23:14:37.197] [main/DEBUG] [mixin/]: Instancing new MixinPlatformAgentDefault for SecureJarResource(trashslot)
[22Mar2025 23:14:37.197] [main/DEBUG] [mixin/]: MixinPlatformAgentDefault accepted container SecureJarResource(trashslot)
[22Mar2025 23:14:37.197] [main/DEBUG] [mixin/]: Processing prepare() for PlatformAgent[MixinPlatformAgentDefault:SecureJarResource(trashslot)]
[22Mar2025 23:14:37.197] [main/DEBUG] [mixin/]: Registering mixin config: trashslot.mixins.json
[22Mar2025 23:14:37.200] [main/DEBUG] [mixin/]: Adding mixin platform agents for container SecureJarResource(easymagic)
[22Mar2025 23:14:37.201] [main/DEBUG] [mixin/]: Instancing new MixinPlatformAgentMinecraftForge for SecureJarResource(easymagic)
[22Mar2025 23:14:37.202] [main/DEBUG] [mixin/]: MixinPlatformAgentMinecraftForge rejected container SecureJarResource(easymagic)
[22Mar2025 23:14:37.202] [main/DEBUG] [mixin/]: Instancing new MixinPlatformAgentDefault for SecureJarResource(easymagic)
[22Mar2025 23:14:37.202] [main/DEBUG] [mixin/]: MixinPlatformAgentDefault accepted container SecureJarResource(easymagic)
[22Mar2025 23:14:37.202] [main/DEBUG] [mixin/]: Processing prepare() for PlatformAgent[MixinPlatformAgentDefault:SecureJarResource(easymagic)]
[22Mar2025 23:14:37.202] [main/DEBUG] [mixin/]: Registering mixin config: easymagic.common.mixins.json
[22Mar2025 23:14:37.203] [main/DEBUG] [mixin/]: Adding mixin platform agents for container SecureJarResource(configlibtxf)
[22Mar2025 23:14:37.207] [main/DEBUG] [mixin/]: Instancing new MixinPlatformAgentMinecraftForge for SecureJarResource(configlibtxf)
[22Mar2025 23:14:37.207] [main/DEBUG] [mixin/]: MixinPlatformAgentMinecraftForge rejected container SecureJarResource(configlibtxf)
[22Mar2025 23:14:37.207] [main/DEBUG] [mixin/]: Instancing new MixinPlatformAgentDefault for SecureJarResource(configlibtxf)
[22Mar2025 23:14:37.207] [main/DEBUG] [mixin/]: MixinPlatformAgentDefault accepted container SecureJarResource(configlibtxf)
[22Mar2025 23:14:37.207] [main/DEBUG] [mixin/]: Processing prepare() for PlatformAgent[MixinPlatformAgentDefault:SecureJarResource(configlibtxf)]
[22Mar2025 23:14:37.207] [main/DEBUG] [mixin/]: Adding mixin platform agents for container SecureJarResource(dynamiclights)
[22Mar2025 23:14:37.207] [main/DEBUG] [mixin/]: Instancing new MixinPlatformAgentMinecraftForge for SecureJarResource(dynamiclights)
[22Mar2025 23:14:37.208] [main/DEBUG] [mixin/]: MixinPlatformAgentMinecraftForge rejected container SecureJarResource(dynamiclights)
[22Mar2025 23:14:37.208] [main/DEBUG] [mixin/]: Instancing new MixinPlatformAgentDefault for SecureJarResource(dynamiclights)
[22Mar2025 23:14:37.208] [main/DEBUG] [mixin/]: MixinPlatformAgentDefault accepted container SecureJarResource(dynamiclights)
[22Mar2025 23:14:37.208] [main/DEBUG] [mixin/]: Processing prepare() for PlatformAgent[MixinPlatformAgentDefault:SecureJarResource(dynamiclights)]
[22Mar2025 23:14:37.208] [main/DEBUG] [mixin/]: Adding mixin platform agents for container SecureJarResource(sophisticatedcore)
[22Mar2025 23:14:37.208] [main/DEBUG] [mixin/]: Instancing new MixinPlatformAgentMinecraftForge for SecureJarResource(sophisticatedcore)
[22Mar2025 23:14:37.208] [main/DEBUG] [mixin/]: MixinPlatformAgentMinecraftForge rejected container SecureJarResource(sophisticatedcore)
[22Mar2025 23:14:37.208] [main/DEBUG] [mixin/]: Instancing new MixinPlatformAgentDefault for SecureJarResource(sophisticatedcore)
[22Mar2025 23:14:37.208] [main/DEBUG] [mixin/]: MixinPlatformAgentDefault accepted container SecureJarResource(sophisticatedcore)
[22Mar2025 23:14:37.208] [main/DEBUG] [mixin/]: Processing prepare() for PlatformAgent[MixinPlatformAgentDefault:SecureJarResource(sophisticatedcore)]
[22Mar2025 23:14:37.209] [main/DEBUG] [mixin/]: Adding mixin platform agents for container SecureJarResource(journeymap)
[22Mar2025 23:14:37.209] [main/DEBUG] [mixin/]: Instancing new MixinPlatformAgentMinecraftForge for SecureJarResource(journeymap)
[22Mar2025 23:14:37.209] [main/DEBUG] [mixin/]: MixinPlatformAgentMinecraftForge rejected container SecureJarResource(journeymap)
[22Mar2025 23:14:37.212] [main/DEBUG] [mixin/]: Instancing new MixinPlatformAgentDefault for SecureJarResource(journeymap)
[22Mar2025 23:14:37.212] [main/DEBUG] [mixin/]: MixinPlatformAgentDefault accepted container SecureJarResource(journeymap)
[22Mar2025 23:14:37.212] [main/DEBUG] [mixin/]: Processing prepare() for PlatformAgent[MixinPlatformAgentDefault:SecureJarResource(journeymap)]
[22Mar2025 23:14:37.212] [main/DEBUG] [mixin/]: Registering mixin config: journeymap.mixins.json
[22Mar2025 23:14:37.214] [main/DEBUG] [mixin/]: Adding mixin platform agents for container SecureJarResource(modernfix)
[22Mar2025 23:14:37.214] [main/DEBUG] [mixin/]: Instancing new MixinPlatformAgentMinecraftForge for SecureJarResource(modernfix)
[22Mar2025 23:14:37.214] [main/DEBUG] [mixin/]: MixinPlatformAgentMinecraftForge rejected container SecureJarResource(modernfix)
[22Mar2025 23:14:37.214] [main/DEBUG] [mixin/]: Instancing new MixinPlatformAgentDefault for SecureJarResource(modernfix)
[22Mar2025 23:14:37.214] [main/DEBUG] [mixin/]: MixinPlatformAgentDefault accepted container SecureJarResource(modernfix)
[22Mar2025 23:14:37.214] [main/DEBUG] [mixin/]: Processing prepare() for PlatformAgent[MixinPlatformAgentDefault:SecureJarResource(modernfix)]
[22Mar2025 23:14:37.214] [main/DEBUG] [mixin/]: Registering mixin config: modernfix-common.mixins.json
[22Mar2025 23:14:37.217] [main/DEBUG] [mixin/]: Registering mixin config: modernfix-forge.mixins.json
[22Mar2025 23:14:37.219] [main/DEBUG] [mixin/]: Adding mixin platform agents for container SecureJarResource(jei)
[22Mar2025 23:14:37.221] [main/DEBUG] [mixin/]: Instancing new MixinPlatformAgentMinecraftForge for SecureJarResource(jei)
[22Mar2025 23:14:37.222] [main/DEBUG] [mixin/]: MixinPlatformAgentMinecraftForge rejected container SecureJarResource(jei)
[22Mar2025 23:14:37.222] [main/DEBUG] [mixin/]: Instancing new MixinPlatformAgentDefault for SecureJarResource(jei)
[22Mar2025 23:14:37.222] [main/DEBUG] [mixin/]: MixinPlatformAgentDefault accepted container SecureJarResource(jei)
[22Mar2025 23:14:37.222] [main/DEBUG] [mixin/]: Processing prepare() for PlatformAgent[MixinPlatformAgentDefault:SecureJarResource(jei)]
[22Mar2025 23:14:37.222] [main/DEBUG] [mixin/]: Adding mixin platform agents for container SecureJarResource(comforts)
[22Mar2025 23:14:37.222] [main/DEBUG] [mixin/]: Instancing new MixinPlatformAgentMinecraftForge for SecureJarResource(comforts)
[22Mar2025 23:14:37.222] [main/DEBUG] [mixin/]: MixinPlatformAgentMinecraftForge rejected container SecureJarResource(comforts)
[22Mar2025 23:14:37.222] [main/DEBUG] [mixin/]: Instancing new MixinPlatformAgentDefault for SecureJarResource(comforts)
[22Mar2025 23:14:37.223] [main/DEBUG] [mixin/]: MixinPlatformAgentDefault accepted container SecureJarResource(comforts)
[22Mar2025 23:14:37.223] [main/DEBUG] [mixin/]: Processing prepare() for PlatformAgent[MixinPlatformAgentDefault:SecureJarResource(comforts)]
[22Mar2025 23:14:37.223] [main/DEBUG] [mixin/]: Registering mixin config: comforts.mixins.json
[22Mar2025 23:14:37.230] [main/DEBUG] [mixin/]: Adding mixin platform agents for container SecureJarResource(citadel)
[22Mar2025 23:14:37.230] [main/DEBUG] [mixin/]: Instancing new MixinPlatformAgentMinecraftForge for SecureJarResource(citadel)
[22Mar2025 23:14:37.230] [main/DEBUG] [mixin/]: MixinPlatformAgentMinecraftForge rejected container SecureJarResource(citadel)
[22Mar2025 23:14:37.230] [main/DEBUG] [mixin/]: Instancing new MixinPlatformAgentDefault for SecureJarResource(citadel)
[22Mar2025 23:14:37.231] [main/DEBUG] [mixin/]: MixinPlatformAgentDefault accepted container SecureJarResource(citadel)
[22Mar2025 23:14:37.231] [main/DEBUG] [mixin/]: Processing prepare() for PlatformAgent[MixinPlatformAgentDefault:SecureJarResource(citadel)]
[22Mar2025 23:14:37.231] [main/DEBUG] [mixin/]: Registering mixin config: citadel.mixins.json
[22Mar2025 23:14:37.235] [main/DEBUG] [mixin/]: Adding mixin platform agents for container SecureJarResource(alexsmobs)
[22Mar2025 23:14:37.235] [main/DEBUG] [mixin/]: Instancing new MixinPlatformAgentMinecraftForge for SecureJarResource(alexsmobs)
[22Mar2025 23:14:37.235] [main/DEBUG] [mixin/]: MixinPlatformAgentMinecraftForge rejected container SecureJarResource(alexsmobs)
[22Mar2025 23:14:37.235] [main/DEBUG] [mixin/]: Instancing new MixinPlatformAgentDefault for SecureJarResource(alexsmobs)
[22Mar2025 23:14:37.235] [main/DEBUG] [mixin/]: MixinPlatformAgentDefault accepted container SecureJarResource(alexsmobs)
[22Mar2025 23:14:37.235] [main/DEBUG] [mixin/]: Processing prepare() for PlatformAgent[MixinPlatformAgentDefault:SecureJarResource(alexsmobs)]
[22Mar2025 23:14:37.235] [main/DEBUG] [mixin/]: Registering mixin config: citadel.mixins.json
[22Mar2025 23:14:37.235] [main/DEBUG] [mixin/]: Adding mixin platform agents for container SecureJarResource(travelersbackpack)
[22Mar2025 23:14:37.235] [main/DEBUG] [mixin/]: Instancing new MixinPlatformAgentMinecraftForge for SecureJarResource(travelersbackpack)
[22Mar2025 23:14:37.236] [main/DEBUG] [mixin/]: MixinPlatformAgentMinecraftForge rejected container SecureJarResource(travelersbackpack)
[22Mar2025 23:14:37.236] [main/DEBUG] [mixin/]: Instancing new MixinPlatformAgentDefault for SecureJarResource(travelersbackpack)
[22Mar2025 23:14:37.236] [main/DEBUG] [mixin/]: MixinPlatformAgentDefault accepted container SecureJarResource(travelersbackpack)
[22Mar2025 23:14:37.238] [main/DEBUG] [mixin/]: Processing prepare() for PlatformAgent[MixinPlatformAgentDefault:SecureJarResource(travelersbackpack)]
[22Mar2025 23:14:37.238] [main/DEBUG] [mixin/]: Adding mixin platform agents for container SecureJarResource(artifacts)
[22Mar2025 23:14:37.238] [main/DEBUG] [mixin/]: Instancing new MixinPlatformAgentMinecraftForge for SecureJarResource(artifacts)
[22Mar2025 23:14:37.238] [main/DEBUG] [mixin/]: MixinPlatformAgentMinecraftForge rejected container SecureJarResource(artifacts)
[22Mar2025 23:14:37.239] [main/DEBUG] [mixin/]: Instancing new MixinPlatformAgentDefault for SecureJarResource(artifacts)
[22Mar2025 23:14:37.239] [main/DEBUG] [mixin/]: MixinPlatformAgentDefault accepted container SecureJarResource(artifacts)
[22Mar2025 23:14:37.239] [main/DEBUG] [mixin/]: Processing prepare() for PlatformAgent[MixinPlatformAgentDefault:SecureJarResource(artifacts)]
[22Mar2025 23:14:37.239] [main/DEBUG] [mixin/]: Registering mixin config: mixins.artifacts.common.json
[22Mar2025 23:14:37.241] [main/DEBUG] [mixin/]: Registering mixin config: mixins.artifacts.forge.json
[22Mar2025 23:14:37.242] [main/DEBUG] [mixin/]: Adding mixin platform agents for container SecureJarResource(badpackets)
[22Mar2025 23:14:37.242] [main/DEBUG] [mixin/]: Instancing new MixinPlatformAgentMinecraftForge for SecureJarResource(badpackets)
[22Mar2025 23:14:37.242] [main/DEBUG] [mixin/]: MixinPlatformAgentMinecraftForge rejected container SecureJarResource(badpackets)
[22Mar2025 23:14:37.242] [main/DEBUG] [mixin/]: Instancing new MixinPlatformAgentDefault for SecureJarResource(badpackets)
[22Mar2025 23:14:37.242] [main/DEBUG] [mixin/]: MixinPlatformAgentDefault accepted container SecureJarResource(badpackets)
[22Mar2025 23:14:37.242] [main/DEBUG] [mixin/]: Processing prepare() for PlatformAgent[MixinPlatformAgentDefault:SecureJarResource(badpackets)]
[22Mar2025 23:14:37.242] [main/DEBUG] [mixin/]: Registering mixin config: badpackets.mixins.json
[22Mar2025 23:14:37.244] [main/DEBUG] [mixin/]: Compatibility level JAVA_16 specified by badpackets.mixins.json is higher than the maximum level supported by this version of mixin (JAVA_13).
[22Mar2025 23:14:37.244] [main/DEBUG] [mixin/]: Adding mixin platform agents for container SecureJarResource(yungsapi)
[22Mar2025 23:14:37.244] [main/DEBUG] [mixin/]: Instancing new MixinPlatformAgentMinecraftForge for SecureJarResource(yungsapi)
[22Mar2025 23:14:37.244] [main/DEBUG] [mixin/]: MixinPlatformAgentMinecraftForge rejected container SecureJarResource(yungsapi)
[22Mar2025 23:14:37.244] [main/DEBUG] [mixin/]: Instancing new MixinPlatformAgentDefault for SecureJarResource(yungsapi)
[22Mar2025 23:14:37.244] [main/DEBUG] [mixin/]: MixinPlatformAgentDefault accepted container SecureJarResource(yungsapi)
[22Mar2025 23:14:37.244] [main/DEBUG] [mixin/]: Processing prepare() for PlatformAgent[MixinPlatformAgentDefault:SecureJarResource(yungsapi)]
[22Mar2025 23:14:37.244] [main/DEBUG] [mixin/]: Registering mixin config: yungsapi.mixins.json
[22Mar2025 23:14:37.246] [main/DEBUG] [mixin/]: Registering mixin config: yungsapi_forge.mixins.json
[22Mar2025 23:14:37.248] [main/DEBUG] [mixin/]: Adding mixin platform agents for container SecureJarResource(mixinextras)
[22Mar2025 23:14:37.248] [main/DEBUG] [mixin/]: Instancing new MixinPlatformAgentMinecraftForge for SecureJarResource(mixinextras)
[22Mar2025 23:14:37.248] [main/DEBUG] [mixin/]: MixinPlatformAgentMinecraftForge rejected container SecureJarResource(mixinextras)
[22Mar2025 23:14:37.248] [main/DEBUG] [mixin/]: Instancing new MixinPlatformAgentDefault for SecureJarResource(mixinextras)
[22Mar2025 23:14:37.248] [main/DEBUG] [mixin/]: MixinPlatformAgentDefault accepted container SecureJarResource(mixinextras)
[22Mar2025 23:14:37.248] [main/DEBUG] [mixin/]: Processing prepare() for PlatformAgent[MixinPlatformAgentDefault:SecureJarResource(mixinextras)]
[22Mar2025 23:14:37.248] [main/DEBUG] [mixin/]: Registering mixin config: mixinextras.init.mixins.json
[22Mar2025 23:14:37.249] [main/DEBUG] [mixin/]: Adding mixin platform agents for container SecureJarResource(dungeoncrawl)
[22Mar2025 23:14:37.250] [main/DEBUG] [mixin/]: Instancing new MixinPlatformAgentMinecraftForge for SecureJarResource(dungeoncrawl)
[22Mar2025 23:14:37.250] [main/DEBUG] [mixin/]: MixinPlatformAgentMinecraftForge rejected container SecureJarResource(dungeoncrawl)
[22Mar2025 23:14:37.250] [main/DEBUG] [mixin/]: Instancing new MixinPlatformAgentDefault for SecureJarResource(dungeoncrawl)
[22Mar2025 23:14:37.250] [main/DEBUG] [mixin/]: MixinPlatformAgentDefault accepted container SecureJarResource(dungeoncrawl)
[22Mar2025 23:14:37.252] [main/DEBUG] [mixin/]: Processing prepare() for PlatformAgent[MixinPlatformAgentDefault:SecureJarResource(dungeoncrawl)]
[22Mar2025 23:14:37.252] [main/DEBUG] [mixin/]: Adding mixin platform agents for container SecureJarResource(sophisticatedbackpacks)
[22Mar2025 23:14:37.252] [main/DEBUG] [mixin/]: Instancing new MixinPlatformAgentMinecraftForge for SecureJarResource(sophisticatedbackpacks)
[22Mar2025 23:14:37.252] [main/DEBUG] [mixin/]: MixinPlatformAgentMinecraftForge rejected container SecureJarResource(sophisticatedbackpacks)
[22Mar2025 23:14:37.252] [main/DEBUG] [mixin/]: Instancing new MixinPlatformAgentDefault for SecureJarResource(sophisticatedbackpacks)
[22Mar2025 23:14:37.252] [main/DEBUG] [mixin/]: MixinPlatformAgentDefault accepted container SecureJarResource(sophisticatedbackpacks)
[22Mar2025 23:14:37.252] [main/DEBUG] [mixin/]: Processing prepare() for PlatformAgent[MixinPlatformAgentDefault:SecureJarResource(sophisticatedbackpacks)]
[22Mar2025 23:14:37.253] [main/DEBUG] [mixin/]: Adding mixin platform agents for container SecureJarResource(starlight)
[22Mar2025 23:14:37.253] [main/DEBUG] [mixin/]: Instancing new MixinPlatformAgentMinecraftForge for SecureJarResource(starlight)
[22Mar2025 23:14:37.253] [main/DEBUG] [mixin/]: MixinPlatformAgentMinecraftForge rejected container SecureJarResource(starlight)
[22Mar2025 23:14:37.253] [main/DEBUG] [mixin/]: Instancing new MixinPlatformAgentDefault for SecureJarResource(starlight)
[22Mar2025 23:14:37.253] [main/DEBUG] [mixin/]: MixinPlatformAgentDefault accepted container SecureJarResource(starlight)
[22Mar2025 23:14:37.253] [main/DEBUG] [mixin/]: Processing prepare() for PlatformAgent[MixinPlatformAgentDefault:SecureJarResource(starlight)]
[22Mar2025 23:14:37.253] [main/DEBUG] [mixin/]: Registering mixin config: starlight.mixins.json
[22Mar2025 23:14:37.255] [main/DEBUG] [mixin/]: Adding mixin platform agents for container SecureJarResource(takesapillage)
[22Mar2025 23:14:37.255] [main/DEBUG] [mixin/]: Instancing new MixinPlatformAgentMinecraftForge for SecureJarResource(takesapillage)
[22Mar2025 23:14:37.256] [main/DEBUG] [mixin/]: MixinPlatformAgentMinecraftForge rejected container SecureJarResource(takesapillage)
[22Mar2025 23:14:37.256] [main/DEBUG] [mixin/]: Instancing new MixinPlatformAgentDefault for SecureJarResource(takesapillage)
[22Mar2025 23:14:37.256] [main/DEBUG] [mixin/]: MixinPlatformAgentDefault accepted container SecureJarResource(takesapillage)
[22Mar2025 23:14:37.256] [main/DEBUG] [mixin/]: Processing prepare() for PlatformAgent[MixinPlatformAgentDefault:SecureJarResource(takesapillage)]
[22Mar2025 23:14:37.256] [main/DEBUG] [mixin/]: Registering mixin config: takesapillage.mixins.json
[22Mar2025 23:14:37.257] [main/DEBUG] [mixin/]: Adding mixin platform agents for container SecureJarResource(iceandfire)
[22Mar2025 23:14:37.257] [main/DEBUG] [mixin/]: Instancing new MixinPlatformAgentMinecraftForge for SecureJarResource(iceandfire)
[22Mar2025 23:14:37.257] [main/DEBUG] [mixin/]: MixinPlatformAgentMinecraftForge rejected container SecureJarResource(iceandfire)
[22Mar2025 23:14:37.257] [main/DEBUG] [mixin/]: Instancing new MixinPlatformAgentDefault for SecureJarResource(iceandfire)
[22Mar2025 23:14:37.257] [main/DEBUG] [mixin/]: MixinPlatformAgentDefault accepted container SecureJarResource(iceandfire)
[22Mar2025 23:14:37.257] [main/DEBUG] [mixin/]: Processing prepare() for PlatformAgent[MixinPlatformAgentDefault:SecureJarResource(iceandfire)]
[22Mar2025 23:14:37.258] [main/DEBUG] [mixin/]: Registering mixin config: iceandfire.mixins.json
[22Mar2025 23:14:37.260] [main/DEBUG] [mixin/]: Adding mixin platform agents for container SecureJarResource(balm)
[22Mar2025 23:14:37.260] [main/DEBUG] [mixin/]: Instancing new MixinPlatformAgentMinecraftForge for SecureJarResource(balm)
[22Mar2025 23:14:37.260] [main/DEBUG] [mixin/]: MixinPlatformAgentMinecraftForge rejected container SecureJarResource(balm)
[22Mar2025 23:14:37.260] [main/DEBUG] [mixin/]: Instancing new MixinPlatformAgentDefault for SecureJarResource(balm)
[22Mar2025 23:14:37.260] [main/DEBUG] [mixin/]: MixinPlatformAgentDefault accepted container SecureJarResource(balm)
[22Mar2025 23:14:37.260] [main/DEBUG] [mixin/]: Processing prepare() for PlatformAgent[MixinPlatformAgentDefault:SecureJarResource(balm)]
[22Mar2025 23:14:37.260] [main/DEBUG] [mixin/]: Registering mixin config: balm.mixins.json
[22Mar2025 23:14:37.262] [main/DEBUG] [mixin/]: Adding mixin platform agents for container SecureJarResource(walljump)
[22Mar2025 23:14:37.262] [main/DEBUG] [mixin/]: Instancing new MixinPlatformAgentMinecraftForge for SecureJarResource(walljump)
[22Mar2025 23:14:37.262] [main/DEBUG] [mixin/]: MixinPlatformAgentMinecraftForge rejected container SecureJarResource(walljump)
[22Mar2025 23:14:37.262] [main/DEBUG] [mixin/]: Instancing new MixinPlatformAgentDefault for SecureJarResource(walljump)
[22Mar2025 23:14:37.262] [main/DEBUG] [mixin/]: MixinPlatformAgentDefault accepted container SecureJarResource(walljump)
[22Mar2025 23:14:37.262] [main/DEBUG] [mixin/]: Processing prepare() for PlatformAgent[MixinPlatformAgentDefault:SecureJarResource(walljump)]
[22Mar2025 23:14:37.262] [main/DEBUG] [mixin/]: Registering mixin config: walljump.mixins.json
[22Mar2025 23:14:37.263] [main/DEBUG] [mixin/]: Adding mixin platform agents for container SecureJarResource(terralith)
[22Mar2025 23:14:37.263] [main/DEBUG] [mixin/]: Instancing new MixinPlatformAgentMinecraftForge for SecureJarResource(terralith)
[22Mar2025 23:14:37.264] [main/DEBUG] [mixin/]: MixinPlatformAgentMinecraftForge rejected container SecureJarResource(terralith)
[22Mar2025 23:14:37.264] [main/DEBUG] [mixin/]: Instancing new MixinPlatformAgentDefault for SecureJarResource(terralith)
[22Mar2025 23:14:37.264] [main/DEBUG] [mixin/]: MixinPlatformAgentDefault accepted container SecureJarResource(terralith)
[22Mar2025 23:14:37.264] [main/DEBUG] [mixin/]: Processing prepare() for PlatformAgent[MixinPlatformAgentDefault:SecureJarResource(terralith)]
[22Mar2025 23:14:37.264] [main/DEBUG] [mixin/]: Adding mixin platform agents for container SecureJarResource(jeresources)
[22Mar2025 23:14:37.264] [main/DEBUG] [mixin/]: Instancing new MixinPlatformAgentMinecraftForge for SecureJarResource(jeresources)
[22Mar2025 23:14:37.264] [main/DEBUG] [mixin/]: MixinPlatformAgentMinecraftForge rejected container SecureJarResource(jeresources)
[22Mar2025 23:14:37.264] [main/DEBUG] [mixin/]: Instancing new MixinPlatformAgentDefault for SecureJarResource(jeresources)
[22Mar2025 23:14:37.264] [main/DEBUG] [mixin/]: MixinPlatformAgentDefault accepted container SecureJarResource(jeresources)
[22Mar2025 23:14:37.264] [main/DEBUG] [mixin/]: Processing prepare() for PlatformAgent[MixinPlatformAgentDefault:SecureJarResource(jeresources)]
[22Mar2025 23:14:37.264] [main/DEBUG] [mixin/]: Adding mixin platform agents for container SecureJarResource(puzzlesaccessapi)
[22Mar2025 23:14:37.264] [main/DEBUG] [mixin/]: Instancing new MixinPlatformAgentMinecraftForge for SecureJarResource(puzzlesaccessapi)
[22Mar2025 23:14:37.264] [main/DEBUG] [mixin/]: MixinPlatformAgentMinecraftForge rejected container SecureJarResource(puzzlesaccessapi)
[22Mar2025 23:14:37.264] [main/DEBUG] [mixin/]: Instancing new MixinPlatformAgentDefault for SecureJarResource(puzzlesaccessapi)
[22Mar2025 23:14:37.264] [main/DEBUG] [mixin/]: MixinPlatformAgentDefault accepted container SecureJarResource(puzzlesaccessapi)
[22Mar2025 23:14:37.264] [main/DEBUG] [mixin/]: Processing prepare() for PlatformAgent[MixinPlatformAgentDefault:SecureJarResource(puzzlesaccessapi)]
[22Mar2025 23:14:37.264] [main/DEBUG] [mixin/]: Adding mixin platform agents for container SecureJarResource(cloth_config)
[22Mar2025 23:14:37.264] [main/DEBUG] [mixin/]: Instancing new MixinPlatformAgentMinecraftForge for SecureJarResource(cloth_config)
[22Mar2025 23:14:37.265] [main/DEBUG] [mixin/]: MixinPlatformAgentMinecraftForge rejected container SecureJarResource(cloth_config)
[22Mar2025 23:14:37.265] [main/DEBUG] [mixin/]: Instancing new MixinPlatformAgentDefault for SecureJarResource(cloth_config)
[22Mar2025 23:14:37.265] [main/DEBUG] [mixin/]: MixinPlatformAgentDefault accepted container SecureJarResource(cloth_config)
[22Mar2025 23:14:37.265] [main/DEBUG] [mixin/]: Processing prepare() for PlatformAgent[MixinPlatformAgentDefault:SecureJarResource(cloth_config)]
[22Mar2025 23:14:37.265] [main/DEBUG] [mixin/]: Adding mixin platform agents for container SecureJarResource(forge)
[22Mar2025 23:14:37.265] [main/DEBUG] [mixin/]: Instancing new MixinPlatformAgentMinecraftForge for SecureJarResource(forge)
[22Mar2025 23:14:37.265] [main/DEBUG] [mixin/]: MixinPlatformAgentMinecraftForge rejected container SecureJarResource(forge)
[22Mar2025 23:14:37.265] [main/DEBUG] [mixin/]: Instancing new MixinPlatformAgentDefault for SecureJarResource(forge)
[22Mar2025 23:14:37.265] [main/DEBUG] [mixin/]: MixinPlatformAgentDefault accepted container SecureJarResource(forge)
[22Mar2025 23:14:37.265] [main/DEBUG] [mixin/]: Processing prepare() for PlatformAgent[MixinPlatformAgentDefault:SecureJarResource(forge)]
[22Mar2025 23:14:37.265] [main/DEBUG] [mixin/]: Adding mixin platform agents for container SecureJarResource(infernalmobs)
[22Mar2025 23:14:37.265] [main/DEBUG] [mixin/]: Instancing new MixinPlatformAgentMinecraftForge for SecureJarResource(infernalmobs)
[22Mar2025 23:14:37.265] [main/DEBUG] [mixin/]: MixinPlatformAgentMinecraftForge rejected container SecureJarResource(infernalmobs)
[22Mar2025 23:14:37.265] [main/DEBUG] [mixin/]: Instancing new MixinPlatformAgentDefault for SecureJarResource(infernalmobs)
[22Mar2025 23:14:37.265] [main/DEBUG] [mixin/]: MixinPlatformAgentDefault accepted container SecureJarResource(infernalmobs)
[22Mar2025 23:14:37.266] [main/DEBUG] [mixin/]: Processing prepare() for PlatformAgent[MixinPlatformAgentDefault:SecureJarResource(infernalmobs)]
[22Mar2025 23:14:37.266] [main/DEBUG] [mixin/]: Adding mixin platform agents for container SecureJarResource(dungeons_arise)
[22Mar2025 23:14:37.266] [main/DEBUG] [mixin/]: Instancing new MixinPlatformAgentMinecraftForge for SecureJarResource(dungeons_arise)
[22Mar2025 23:14:37.266] [main/DEBUG] [mixin/]: MixinPlatformAgentMinecraftForge rejected container SecureJarResource(dungeons_arise)
[22Mar2025 23:14:37.266] [main/DEBUG] [mixin/]: Instancing new MixinPlatformAgentDefault for SecureJarResource(dungeons_arise)
[22Mar2025 23:14:37.266] [main/DEBUG] [mixin/]: MixinPlatformAgentDefault accepted container SecureJarResource(dungeons_arise)
[22Mar2025 23:14:37.266] [main/DEBUG] [mixin/]: Processing prepare() for PlatformAgent[MixinPlatformAgentDefault:SecureJarResource(dungeons_arise)]
[22Mar2025 23:14:37.266] [main/DEBUG] [mixin/]: Adding mixin platform agents for container SecureJarResource(minecraft)
[22Mar2025 23:14:37.266] [main/DEBUG] [mixin/]: Instancing new MixinPlatformAgentMinecraftForge for SecureJarResource(minecraft)
[22Mar2025 23:14:37.266] [main/DEBUG] [mixin/]: MixinPlatformAgentMinecraftForge rejected container SecureJarResource(minecraft)
[22Mar2025 23:14:37.266] [main/DEBUG] [mixin/]: Instancing new MixinPlatformAgentDefault for SecureJarResource(minecraft)
[22Mar2025 23:14:37.266] [main/DEBUG] [mixin/]: MixinPlatformAgentDefault accepted container SecureJarResource(minecraft)
[22Mar2025 23:14:37.266] [main/DEBUG] [mixin/]: Processing prepare() for PlatformAgent[MixinPlatformAgentDefault:SecureJarResource(minecraft)]
[22Mar2025 23:14:37.266] [main/DEBUG] [mixin/]: Adding mixin platform agents for container SecureJarResource(alexscaves)
[22Mar2025 23:14:37.267] [main/DEBUG] [mixin/]: Instancing new MixinPlatformAgentMinecraftForge for SecureJarResource(alexscaves)
[22Mar2025 23:14:37.267] [main/DEBUG] [mixin/]: MixinPlatformAgentMinecraftForge rejected container SecureJarResource(alexscaves)
[22Mar2025 23:14:37.267] [main/DEBUG] [mixin/]: Instancing new MixinPlatformAgentDefault for SecureJarResource(alexscaves)
[22Mar2025 23:14:37.267] [main/DEBUG] [mixin/]: MixinPlatformAgentDefault accepted container SecureJarResource(alexscaves)
[22Mar2025 23:14:37.267] [main/DEBUG] [mixin/]: Processing prepare() for PlatformAgent[MixinPlatformAgentDefault:SecureJarResource(alexscaves)]
[22Mar2025 23:14:37.267] [main/DEBUG] [mixin/]: Registering mixin config: citadel.mixins.json
[22Mar2025 23:14:37.267] [main/DEBUG] [mixin/]: Registering mixin config: alexscaves.mixins.json
[22Mar2025 23:14:37.269] [main/DEBUG] [mixin/]: Adding mixin platform agents for container SecureJarResource(ambientsounds)
[22Mar2025 23:14:37.270] [main/DEBUG] [mixin/]: Instancing new MixinPlatformAgentMinecraftForge for SecureJarResource(ambientsounds)
[22Mar2025 23:14:37.270] [main/DEBUG] [mixin/]: MixinPlatformAgentMinecraftForge rejected container SecureJarResource(ambientsounds)
[22Mar2025 23:14:37.270] [main/DEBUG] [mixin/]: Instancing new MixinPlatformAgentDefault for SecureJarResource(ambientsounds)
[22Mar2025 23:14:37.270] [main/DEBUG] [mixin/]: MixinPlatformAgentDefault accepted container SecureJarResource(ambientsounds)
[22Mar2025 23:14:37.270] [main/DEBUG] [mixin/]: Processing prepare() for PlatformAgent[MixinPlatformAgentDefault:SecureJarResource(ambientsounds)]
[22Mar2025 23:14:37.270] [main/DEBUG] [mixin/]: Registering mixin config: ambientsounds.mixins.json
[22Mar2025 23:14:37.274] [main/DEBUG] [mixin/]: Adding mixin platform agents for container SecureJarResource(creativecore)
[22Mar2025 23:14:37.274] [main/DEBUG] [mixin/]: Instancing new MixinPlatformAgentMinecraftForge for SecureJarResource(creativecore)
[22Mar2025 23:14:37.274] [main/DEBUG] [mixin/]: MixinPlatformAgentMinecraftForge rejected container SecureJarResource(creativecore)
[22Mar2025 23:14:37.274] [main/DEBUG] [mixin/]: Instancing new MixinPlatformAgentDefault for SecureJarResource(creativecore)
[22Mar2025 23:14:37.274] [main/DEBUG] [mixin/]: MixinPlatformAgentDefault accepted container SecureJarResource(creativecore)
[22Mar2025 23:14:37.274] [main/DEBUG] [mixin/]: Processing prepare() for PlatformAgent[MixinPlatformAgentDefault:SecureJarResource(creativecore)]
[22Mar2025 23:14:37.274] [main/DEBUG] [mixin/]: Registering mixin config: creativecore.mixins.json
[22Mar2025 23:14:37.276] [main/DEBUG] [mixin/]: Registering mixin config: creativecore.forge.mixins.json
[22Mar2025 23:14:37.280] [main/DEBUG] [mixin/]: Adding mixin platform agents for container SecureJarResource(spectrelib)
[22Mar2025 23:14:37.280] [main/DEBUG] [mixin/]: Instancing new MixinPlatformAgentMinecraftForge for SecureJarResource(spectrelib)
[22Mar2025 23:14:37.280] [main/DEBUG] [mixin/]: MixinPlatformAgentMinecraftForge rejected container SecureJarResource(spectrelib)
[22Mar2025 23:14:37.280] [main/DEBUG] [mixin/]: Instancing new MixinPlatformAgentDefault for SecureJarResource(spectrelib)
[22Mar2025 23:14:37.281] [main/DEBUG] [mixin/]: MixinPlatformAgentDefault accepted container SecureJarResource(spectrelib)
[22Mar2025 23:14:37.281] [main/DEBUG] [mixin/]: Processing prepare() for PlatformAgent[MixinPlatformAgentDefault:SecureJarResource(spectrelib)]
[22Mar2025 23:14:37.281] [main/DEBUG] [mixin/]: Adding mixin platform agents for container SecureJarResource(ksyxis)
[22Mar2025 23:14:37.281] [main/DEBUG] [mixin/]: Instancing new MixinPlatformAgentMinecraftForge for SecureJarResource(ksyxis)
[22Mar2025 23:14:37.281] [main/DEBUG] [mixin/]: MixinPlatformAgentMinecraftForge rejected container SecureJarResource(ksyxis)
[22Mar2025 23:14:37.281] [main/DEBUG] [mixin/]: Instancing new MixinPlatformAgentDefault for SecureJarResource(ksyxis)
[22Mar2025 23:14:37.281] [main/DEBUG] [mixin/]: MixinPlatformAgentDefault accepted container SecureJarResource(ksyxis)
[22Mar2025 23:14:37.281] [main/DEBUG] [mixin/]: Processing prepare() for PlatformAgent[MixinPlatformAgentDefault:SecureJarResource(ksyxis)]
[22Mar2025 23:14:37.281] [main/DEBUG] [mixin/]: Registering mixin config: ksyxis.mixins.json
[22Mar2025 23:14:37.285] [main/DEBUG] [mixin/]: Compatibility level JAVA_8 specified by ksyxis.mixins.json is lower than the default level supported by the current mixin service (JAVA_16).
[22Mar2025 23:14:37.285] [main/DEBUG] [mixin/]: Adding mixin platform agents for container SecureJarResource(wthit)
[22Mar2025 23:14:37.285] [main/DEBUG] [mixin/]: Instancing new MixinPlatformAgentMinecraftForge for SecureJarResource(wthit)
[22Mar2025 23:14:37.285] [main/DEBUG] [mixin/]: MixinPlatformAgentMinecraftForge rejected container SecureJarResource(wthit)
[22Mar2025 23:14:37.285] [main/DEBUG] [mixin/]: Instancing new MixinPlatformAgentDefault for SecureJarResource(wthit)
[22Mar2025 23:14:37.285] [main/DEBUG] [mixin/]: MixinPlatformAgentDefault accepted container SecureJarResource(wthit)
[22Mar2025 23:14:37.285] [main/DEBUG] [mixin/]: Processing prepare() for PlatformAgent[MixinPlatformAgentDefault:SecureJarResource(wthit)]
[22Mar2025 23:14:37.285] [main/DEBUG] [mixin/]: Registering mixin config: wthit.mixins.json
[22Mar2025 23:14:37.288] [main/DEBUG] [mixin/]: Compatibility level JAVA_16 specified by wthit.mixins.json is higher than the maximum level supported by this version of mixin (JAVA_13).
[22Mar2025 23:14:37.289] [main/DEBUG] [mixin/]: Adding mixin platform agents for container SecureJarResource(jeiintegration)
[22Mar2025 23:14:37.289] [main/DEBUG] [mixin/]: Instancing new MixinPlatformAgentMinecraftForge for SecureJarResource(jeiintegration)
[22Mar2025 23:14:37.289] [main/DEBUG] [mixin/]: MixinPlatformAgentMinecraftForge rejected container SecureJarResource(jeiintegration)
[22Mar2025 23:14:37.289] [main/DEBUG] [mixin/]: Instancing new MixinPlatformAgentDefault for SecureJarResource(jeiintegration)
[22Mar2025 23:14:37.289] [main/DEBUG] [mixin/]: MixinPlatformAgentDefault accepted container SecureJarResource(jeiintegration)
[22Mar2025 23:14:37.289] [main/DEBUG] [mixin/]: Processing prepare() for PlatformAgent[MixinPlatformAgentDefault:SecureJarResource(jeiintegration)]
[22Mar2025 23:14:37.289] [main/DEBUG] [mixin/]: Adding mixin platform agents for container SecureJarResource(curios)
[22Mar2025 23:14:37.289] [main/DEBUG] [mixin/]: Instancing new MixinPlatformAgentMinecraftForge for SecureJarResource(curios)
[22Mar2025 23:14:37.289] [main/DEBUG] [mixin/]: MixinPlatformAgentMinecraftForge rejected container SecureJarResource(curios)
[22Mar2025 23:14:37.289] [main/DEBUG] [mixin/]: Instancing new MixinPlatformAgentDefault for SecureJarResource(curios)
[22Mar2025 23:14:37.290] [main/DEBUG] [mixin/]: MixinPlatformAgentDefault accepted container SecureJarResource(curios)
[22Mar2025 23:14:37.290] [main/DEBUG] [mixin/]: Processing prepare() for PlatformAgent[MixinPlatformAgentDefault:SecureJarResource(curios)]
[22Mar2025 23:14:37.290] [main/DEBUG] [mixin/]: Registering mixin config: curios.mixins.json
[22Mar2025 23:14:37.294] [main/DEBUG] [mixin/]: Adding mixin platform agents for container SecureJarResource(inventoryhud)
[22Mar2025 23:14:37.294] [main/DEBUG] [mixin/]: Instancing new MixinPlatformAgentMinecraftForge for SecureJarResource(inventoryhud)
[22Mar2025 23:14:37.294] [main/DEBUG] [mixin/]: MixinPlatformAgentMinecraftForge rejected container SecureJarResource(inventoryhud)
[22Mar2025 23:14:37.294] [main/DEBUG] [mixin/]: Instancing new MixinPlatformAgentDefault for SecureJarResource(inventoryhud)
[22Mar2025 23:14:37.294] [main/DEBUG] [mixin/]: MixinPlatformAgentDefault accepted container SecureJarResource(inventoryhud)
[22Mar2025 23:14:37.295] [main/DEBUG] [mixin/]: Processing prepare() for PlatformAgent[MixinPlatformAgentDefault:SecureJarResource(inventoryhud)]
[22Mar2025 23:14:37.295] [main/DEBUG] [mixin/]: Adding mixin platform agents for container SecureJarResource(tombstone)
[22Mar2025 23:14:37.295] [main/DEBUG] [mixin/]: Instancing new MixinPlatformAgentMinecraftForge for SecureJarResource(tombstone)
[22Mar2025 23:14:37.295] [main/DEBUG] [mixin/]: MixinPlatformAgentMinecraftForge rejected container SecureJarResource(tombstone)
[22Mar2025 23:14:37.295] [main/DEBUG] [mixin/]: Instancing new MixinPlatformAgentDefault for SecureJarResource(tombstone)
[22Mar2025 23:14:37.295] [main/DEBUG] [mixin/]: MixinPlatformAgentDefault accepted container SecureJarResource(tombstone)
[22Mar2025 23:14:37.295] [main/DEBUG] [mixin/]: Processing prepare() for PlatformAgent[MixinPlatformAgentDefault:SecureJarResource(tombstone)]
[22Mar2025 23:14:37.295] [main/DEBUG] [mixin/]: Registering mixin config: tombstone.mixins.json
[22Mar2025 23:14:37.301] [main/DEBUG] [mixin/]: Adding mixin platform agents for container SecureJarResource(architectury)
[22Mar2025 23:14:37.301] [main/DEBUG] [mixin/]: Instancing new MixinPlatformAgentMinecraftForge for SecureJarResource(architectury)
[22Mar2025 23:14:37.301] [main/DEBUG] [mixin/]: MixinPlatformAgentMinecraftForge rejected container SecureJarResource(architectury)
[22Mar2025 23:14:37.301] [main/DEBUG] [mixin/]: Instancing new MixinPlatformAgentDefault for SecureJarResource(architectury)
[22Mar2025 23:14:37.301] [main/DEBUG] [mixin/]: MixinPlatformAgentDefault accepted container SecureJarResource(architectury)
[22Mar2025 23:14:37.301] [main/DEBUG] [mixin/]: Processing prepare() for PlatformAgent[MixinPlatformAgentDefault:SecureJarResource(architectury)]
[22Mar2025 23:14:37.301] [main/DEBUG] [mixin/]: Registering mixin config: architectury.mixins.json
[22Mar2025 23:14:37.305] [main/DEBUG] [mixin/]: Compatibility level JAVA_16 specified by architectury.mixins.json is higher than the maximum level supported by this version of mixin (JAVA_13).
[22Mar2025 23:14:37.306] [main/DEBUG] [mixin/]: Registering mixin config: architectury-common.mixins.json
[22Mar2025 23:14:37.307] [main/DEBUG] [mixin/]: Compatibility level JAVA_16 specified by architectury-common.mixins.json is higher than the maximum level supported by this version of mixin (JAVA_13).
[22Mar2025 23:14:37.307] [main/DEBUG] [mixin/]: Adding mixin platform agents for container SecureJarResource(octolib)
[22Mar2025 23:14:37.307] [main/DEBUG] [mixin/]: Instancing new MixinPlatformAgentMinecraftForge for SecureJarResource(octolib)
[22Mar2025 23:14:37.307] [main/DEBUG] [mixin/]: MixinPlatformAgentMinecraftForge rejected container SecureJarResource(octolib)
[22Mar2025 23:14:37.307] [main/DEBUG] [mixin/]: Instancing new MixinPlatformAgentDefault for SecureJarResource(octolib)
[22Mar2025 23:14:37.307] [main/DEBUG] [mixin/]: MixinPlatformAgentDefault accepted container SecureJarResource(octolib)
[22Mar2025 23:14:37.308] [main/DEBUG] [mixin/]: Processing prepare() for PlatformAgent[MixinPlatformAgentDefault:SecureJarResource(octolib)]
[22Mar2025 23:14:37.310] [main/DEBUG] [mixin/]: Adding mixin platform agents for container SecureJarResource(nerb)
[22Mar2025 23:14:37.310] [main/DEBUG] [mixin/]: Instancing new MixinPlatformAgentMinecraftForge for SecureJarResource(nerb)
[22Mar2025 23:14:37.310] [main/DEBUG] [mixin/]: MixinPlatformAgentMinecraftForge rejected container SecureJarResource(nerb)
[22Mar2025 23:14:37.310] [main/DEBUG] [mixin/]: Instancing new MixinPlatformAgentDefault for SecureJarResource(nerb)
[22Mar2025 23:14:37.310] [main/DEBUG] [mixin/]: MixinPlatformAgentDefault accepted container SecureJarResource(nerb)
[22Mar2025 23:14:37.310] [main/DEBUG] [mixin/]: Processing prepare() for PlatformAgent[MixinPlatformAgentDefault:SecureJarResource(nerb)]
[22Mar2025 23:14:37.310] [main/DEBUG] [mixin/]: Registering mixin config: nerb-common.mixins.json
[22Mar2025 23:14:37.314] [main/DEBUG] [mixin/]: Adding mixin platform agents for container SecureJarResource(ferritecore)
[22Mar2025 23:14:37.314] [main/DEBUG] [mixin/]: Instancing new MixinPlatformAgentMinecraftForge for SecureJarResource(ferritecore)
[22Mar2025 23:14:37.314] [main/DEBUG] [mixin/]: MixinPlatformAgentMinecraftForge rejected container SecureJarResource(ferritecore)
[22Mar2025 23:14:37.314] [main/DEBUG] [mixin/]: Instancing new MixinPlatformAgentDefault for SecureJarResource(ferritecore)
[22Mar2025 23:14:37.314] [main/DEBUG] [mixin/]: MixinPlatformAgentDefault accepted container SecureJarResource(ferritecore)
[22Mar2025 23:14:37.314] [main/DEBUG] [mixin/]: Processing prepare() for PlatformAgent[MixinPlatformAgentDefault:SecureJarResource(ferritecore)]
[22Mar2025 23:14:37.314] [main/DEBUG] [mixin/]: Registering mixin config: ferritecore.predicates.mixin.json
[22Mar2025 23:14:37.318] [main/DEBUG] [mixin/]: Registering mixin config: ferritecore.fastmap.mixin.json
[22Mar2025 23:14:37.319] [main/DEBUG] [mixin/]: Registering mixin config: ferritecore.mrl.mixin.json
[22Mar2025 23:14:37.320] [main/DEBUG] [mixin/]: Registering mixin config: ferritecore.dedupmultipart.mixin.json
[22Mar2025 23:14:37.321] [main/DEBUG] [mixin/]: Registering mixin config: ferritecore.blockstatecache.mixin.json
[22Mar2025 23:14:37.324] [main/DEBUG] [mixin/]: Registering mixin config: ferritecore.dedupbakedquad.mixin.json
[22Mar2025 23:14:37.325] [main/DEBUG] [mixin/]: Registering mixin config: ferritecore.threaddetec.mixin.json
[22Mar2025 23:14:37.326] [main/DEBUG] [mixin/]: Registering mixin config: ferritecore.modelsides.mixin.json
[22Mar2025 23:14:37.329] [main/DEBUG] [mixin/]: Adding mixin platform agents for container SecureJarResource(puzzleslib)
[22Mar2025 23:14:37.329] [main/DEBUG] [mixin/]: Instancing new MixinPlatformAgentMinecraftForge for SecureJarResource(puzzleslib)
[22Mar2025 23:14:37.329] [main/DEBUG] [mixin/]: MixinPlatformAgentMinecraftForge rejected container SecureJarResource(puzzleslib)
[22Mar2025 23:14:37.329] [main/DEBUG] [mixin/]: Instancing new MixinPlatformAgentDefault for SecureJarResource(puzzleslib)
[22Mar2025 23:14:37.330] [main/DEBUG] [mixin/]: MixinPlatformAgentDefault accepted container SecureJarResource(puzzleslib)
[22Mar2025 23:14:37.330] [main/DEBUG] [mixin/]: Processing prepare() for PlatformAgent[MixinPlatformAgentDefault:SecureJarResource(puzzleslib)]
[22Mar2025 23:14:37.330] [main/DEBUG] [mixin/]: Registering mixin config: puzzleslib.common.mixins.json
[22Mar2025 23:14:37.335] [main/DEBUG] [mixin/]: Registering mixin config: puzzleslib.forge.mixins.json
[22Mar2025 23:14:37.337] [main/DEBUG] [mixin/]: Adding mixin platform agents for container SecureJarResource(fallingtree)
[22Mar2025 23:14:37.337] [main/DEBUG] [mixin/]: Instancing new MixinPlatformAgentMinecraftForge for SecureJarResource(fallingtree)
[22Mar2025 23:14:37.337] [main/DEBUG] [mixin/]: MixinPlatformAgentMinecraftForge rejected container SecureJarResource(fallingtree)
[22Mar2025 23:14:37.337] [main/DEBUG] [mixin/]: Instancing new MixinPlatformAgentDefault for SecureJarResource(fallingtree)
[22Mar2025 23:14:37.337] [main/DEBUG] [mixin/]: MixinPlatformAgentDefault accepted container SecureJarResource(fallingtree)
[22Mar2025 23:14:37.338] [main/DEBUG] [mixin/]: Processing prepare() for PlatformAgent[MixinPlatformAgentDefault:SecureJarResource(fallingtree)]
[22Mar2025 23:14:37.338] [main/DEBUG] [mixin/]: Adding mixin platform agents for container SecureJarResource(expandability)
[22Mar2025 23:14:37.338] [main/DEBUG] [mixin/]: Instancing new MixinPlatformAgentMinecraftForge for SecureJarResource(expandability)
[22Mar2025 23:14:37.338] [main/DEBUG] [mixin/]: MixinPlatformAgentMinecraftForge rejected container SecureJarResource(expandability)
[22Mar2025 23:14:37.338] [main/DEBUG] [mixin/]: Instancing new MixinPlatformAgentDefault for SecureJarResource(expandability)
[22Mar2025 23:14:37.338] [main/DEBUG] [mixin/]: MixinPlatformAgentDefault accepted container SecureJarResource(expandability)
[22Mar2025 23:14:37.338] [main/DEBUG] [mixin/]: Processing prepare() for PlatformAgent[MixinPlatformAgentDefault:SecureJarResource(expandability)]
[22Mar2025 23:14:37.338] [main/DEBUG] [mixin/]: Registering mixin config: expandability.mixins.json
[22Mar2025 23:14:37.341] [main/DEBUG] [mixin/]: Registering mixin config: expandability-common.mixins.json
[22Mar2025 23:14:37.343] [main/DEBUG] [mixin/]: Adding mixin platform agents for container SecureJarResource(org.yaml.snakeyaml)
[22Mar2025 23:14:37.344] [main/DEBUG] [mixin/]: Instancing new MixinPlatformAgentMinecraftForge for SecureJarResource(org.yaml.snakeyaml)
[22Mar2025 23:14:37.344] [main/DEBUG] [mixin/]: MixinPlatformAgentMinecraftForge rejected container SecureJarResource(org.yaml.snakeyaml)
[22Mar2025 23:14:37.344] [main/DEBUG] [mixin/]: Instancing new MixinPlatformAgentDefault for SecureJarResource(org.yaml.snakeyaml)
[22Mar2025 23:14:37.344] [main/DEBUG] [mixin/]: MixinPlatformAgentDefault accepted container SecureJarResource(org.yaml.snakeyaml)
[22Mar2025 23:14:37.344] [main/DEBUG] [mixin/]: Processing prepare() for PlatformAgent[MixinPlatformAgentDefault:SecureJarResource(org.yaml.snakeyaml)]
[22Mar2025 23:14:37.344] [main/DEBUG] [mixin/]: Adding mixin platform agents for container SecureJarResource(MixinExtras)
[22Mar2025 23:14:37.344] [main/DEBUG] [mixin/]: Instancing new MixinPlatformAgentMinecraftForge for SecureJarResource(MixinExtras)
[22Mar2025 23:14:37.344] [main/DEBUG] [mixin/]: MixinPlatformAgentMinecraftForge rejected container SecureJarResource(MixinExtras)
[22Mar2025 23:14:37.344] [main/DEBUG] [mixin/]: Instancing new MixinPlatformAgentDefault for SecureJarResource(MixinExtras)
[22Mar2025 23:14:37.344] [main/DEBUG] [mixin/]: MixinPlatformAgentDefault accepted container SecureJarResource(MixinExtras)
[22Mar2025 23:14:37.344] [main/DEBUG] [mixin/]: Processing prepare() for PlatformAgent[MixinPlatformAgentDefault:SecureJarResource(MixinExtras)]
[22Mar2025 23:14:37.344] [main/DEBUG] [mixin/]: inject() running with 53 agents
[22Mar2025 23:14:37.344] [main/DEBUG] [mixin/]: Processing inject() for PlatformAgent[MixinPlatformAgentDefault:ModLauncher Root Container(ModLauncher:4f56a0a2)]
[22Mar2025 23:14:37.344] [main/DEBUG] [mixin/]: Processing inject() for PlatformAgent[MixinPlatformAgentDefault:SecureJarResource(betterdungeons)]
[22Mar2025 23:14:37.344] [main/DEBUG] [mixin/]: Processing inject() for PlatformAgent[MixinPlatformAgentDefault:SecureJarResource(kuma_api)]
[22Mar2025 23:14:37.344] [main/DEBUG] [mixin/]: Processing inject() for PlatformAgent[MixinPlatformAgentDefault:SecureJarResource(trashslot)]
[22Mar2025 23:14:37.344] [main/DEBUG] [mixin/]: Processing inject() for PlatformAgent[MixinPlatformAgentDefault:SecureJarResource(easymagic)]
[22Mar2025 23:14:37.345] [main/DEBUG] [mixin/]: Processing inject() for PlatformAgent[MixinPlatformAgentDefault:SecureJarResource(configlibtxf)]
[22Mar2025 23:14:37.345] [main/DEBUG] [mixin/]: Processing inject() for PlatformAgent[MixinPlatformAgentDefault:SecureJarResource(dynamiclights)]
[22Mar2025 23:14:37.345] [main/DEBUG] [mixin/]: Processing inject() for PlatformAgent[MixinPlatformAgentDefault:SecureJarResource(sophisticatedcore)]
[22Mar2025 23:14:37.345] [main/DEBUG] [mixin/]: Processing inject() for PlatformAgent[MixinPlatformAgentDefault:SecureJarResource(journeymap)]
[22Mar2025 23:14:37.345] [main/DEBUG] [mixin/]: Processing inject() for PlatformAgent[MixinPlatformAgentDefault:SecureJarResource(modernfix)]
[22Mar2025 23:14:37.345] [main/DEBUG] [mixin/]: Processing inject() for PlatformAgent[MixinPlatformAgentDefault:SecureJarResource(jei)]
[22Mar2025 23:14:37.345] [main/DEBUG] [mixin/]: Processing inject() for PlatformAgent[MixinPlatformAgentDefault:SecureJarResource(comforts)]
[22Mar2025 23:14:37.345] [main/DEBUG] [mixin/]: Processing inject() for PlatformAgent[MixinPlatformAgentDefault:SecureJarResource(citadel)]
[22Mar2025 23:14:37.345] [main/DEBUG] [mixin/]: Processing inject() for PlatformAgent[MixinPlatformAgentDefault:SecureJarResource(alexsmobs)]
[22Mar2025 23:14:37.345] [main/DEBUG] [mixin/]: Processing inject() for PlatformAgent[MixinPlatformAgentDefault:SecureJarResource(travelersbackpack)]
[22Mar2025 23:14:37.345] [main/DEBUG] [mixin/]: Processing inject() for PlatformAgent[MixinPlatformAgentDefault:SecureJarResource(artifacts)]
[22Mar2025 23:14:37.345] [main/DEBUG] [mixin/]: Processing inject() for PlatformAgent[MixinPlatformAgentDefault:SecureJarResource(badpackets)]
[22Mar2025 23:14:37.346] [main/DEBUG] [mixin/]: Processing inject() for PlatformAgent[MixinPlatformAgentDefault:SecureJarResource(yungsapi)]
[22Mar2025 23:14:37.347] [main/DEBUG] [mixin/]: Processing inject() for PlatformAgent[MixinPlatformAgentDefault:SecureJarResource(mixinextras)]
[22Mar2025 23:14:37.347] [main/DEBUG] [mixin/]: Processing inject() for PlatformAgent[MixinPlatformAgentDefault:SecureJarResource(dungeoncrawl)]
[22Mar2025 23:14:37.347] [main/DEBUG] [mixin/]: Processing inject() for PlatformAgent[MixinPlatformAgentDefault:SecureJarResource(sophisticatedbackpacks)]
[22Mar2025 23:14:37.347] [main/DEBUG] [mixin/]: Processing inject() for PlatformAgent[MixinPlatformAgentDefault:SecureJarResource(starlight)]
[22Mar2025 23:14:37.347] [main/DEBUG] [mixin/]: Processing inject() for PlatformAgent[MixinPlatformAgentDefault:SecureJarResource(takesapillage)]
[22Mar2025 23:14:37.347] [main/DEBUG] [mixin/]: Processing inject() for PlatformAgent[MixinPlatformAgentDefault:SecureJarResource(iceandfire)]
[22Mar2025 23:14:37.347] [main/DEBUG] [mixin/]: Processing inject() for PlatformAgent[MixinPlatformAgentDefault:SecureJarResource(balm)]
[22Mar2025 23:14:37.347] [main/DEBUG] [mixin/]: Processing inject() for PlatformAgent[MixinPlatformAgentDefault:SecureJarResource(walljump)]
[22Mar2025 23:14:37.347] [main/DEBUG] [mixin/]: Processing inject() for PlatformAgent[MixinPlatformAgentDefault:SecureJarResource(terralith)]
[22Mar2025 23:14:37.347] [main/DEBUG] [mixin/]: Processing inject() for PlatformAgent[MixinPlatformAgentDefault:SecureJarResource(jeresources)]
[22Mar2025 23:14:37.347] [main/DEBUG] [mixin/]: Processing inject() for PlatformAgent[MixinPlatformAgentDefault:SecureJarResource(puzzlesaccessapi)]
[22Mar2025 23:14:37.347] [main/DEBUG] [mixin/]: Processing inject() for PlatformAgent[MixinPlatformAgentDefault:SecureJarResource(cloth_config)]
[22Mar2025 23:14:37.348] [main/DEBUG] [mixin/]: Processing inject() for PlatformAgent[MixinPlatformAgentDefault:SecureJarResource(forge)]
[22Mar2025 23:14:37.348] [main/DEBUG] [mixin/]: Processing inject() for PlatformAgent[MixinPlatformAgentDefault:SecureJarResource(infernalmobs)]
[22Mar2025 23:14:37.348] [main/DEBUG] [mixin/]: Processing inject() for PlatformAgent[MixinPlatformAgentDefault:SecureJarResource(dungeons_arise)]
[22Mar2025 23:14:37.348] [main/DEBUG] [mixin/]: Processing inject() for PlatformAgent[MixinPlatformAgentDefault:SecureJarResource(minecraft)]
[22Mar2025 23:14:37.348] [main/DEBUG] [mixin/]: Processing inject() for PlatformAgent[MixinPlatformAgentDefault:SecureJarResource(alexscaves)]
[22Mar2025 23:14:37.348] [main/DEBUG] [mixin/]: Processing inject() for PlatformAgent[MixinPlatformAgentDefault:SecureJarResource(ambientsounds)]
[22Mar2025 23:14:37.348] [main/DEBUG] [mixin/]: Processing inject() for PlatformAgent[MixinPlatformAgentDefault:SecureJarResource(creativecore)]
[22Mar2025 23:14:37.348] [main/DEBUG] [mixin/]: Processing inject() for PlatformAgent[MixinPlatformAgentDefault:SecureJarResource(spectrelib)]
[22Mar2025 23:14:37.348] [main/DEBUG] [mixin/]: Processing inject() for PlatformAgent[MixinPlatformAgentDefault:SecureJarResource(ksyxis)]
[22Mar2025 23:14:37.348] [main/DEBUG] [mixin/]: Processing inject() for PlatformAgent[MixinPlatformAgentDefault:SecureJarResource(wthit)]
[22Mar2025 23:14:37.348] [main/DEBUG] [mixin/]: Processing inject() for PlatformAgent[MixinPlatformAgentDefault:SecureJarResource(jeiintegration)]
[22Mar2025 23:14:37.348] [main/DEBUG] [mixin/]: Processing inject() for PlatformAgent[MixinPlatformAgentDefault:SecureJarResource(curios)]
[22Mar2025 23:14:37.348] [main/DEBUG] [mixin/]: Processing inject() for PlatformAgent[MixinPlatformAgentDefault:SecureJarResource(inventoryhud)]
[22Mar2025 23:14:37.348] [main/DEBUG] [mixin/]: Processing inject() for PlatformAgent[MixinPlatformAgentDefault:SecureJarResource(tombstone)]
[22Mar2025 23:14:37.348] [main/DEBUG] [mixin/]: Processing inject() for PlatformAgent[MixinPlatformAgentDefault:SecureJarResource(architectury)]
[22Mar2025 23:14:37.348] [main/DEBUG] [mixin/]: Processing inject() for PlatformAgent[MixinPlatformAgentDefault:SecureJarResource(octolib)]
[22Mar2025 23:14:37.348] [main/DEBUG] [mixin/]: Processing inject() for PlatformAgent[MixinPlatformAgentDefault:SecureJarResource(nerb)]
[22Mar2025 23:14:37.348] [main/DEBUG] [mixin/]: Processing inject() for PlatformAgent[MixinPlatformAgentDefault:SecureJarResource(ferritecore)]
[22Mar2025 23:14:37.349] [main/DEBUG] [mixin/]: Processing inject() for PlatformAgent[MixinPlatformAgentDefault:SecureJarResource(puzzleslib)]
[22Mar2025 23:14:37.349] [main/DEBUG] [mixin/]: Processing inject() for PlatformAgent[MixinPlatformAgentDefault:SecureJarResource(fallingtree)]
[22Mar2025 23:14:37.349] [main/DEBUG] [mixin/]: Processing inject() for PlatformAgent[MixinPlatformAgentDefault:SecureJarResource(expandability)]
[22Mar2025 23:14:37.349] [main/DEBUG] [mixin/]: Processing inject() for PlatformAgent[MixinPlatformAgentDefault:SecureJarResource(org.yaml.snakeyaml)]
[22Mar2025 23:14:37.349] [main/DEBUG] [mixin/]: Processing inject() for PlatformAgent[MixinPlatformAgentDefault:SecureJarResource(MixinExtras)]
[22Mar2025 23:14:37.381] [main/DEBUG] [mixin/]: Error cleaning class output directory: .mixin.out
[22Mar2025 23:14:37.382] [main/DEBUG] [mixin/]: Preparing mixins for MixinEnvironment[PREINIT]
[22Mar2025 23:14:37.388] [main/INFO] [mixin/]: Successfully loaded Mixin Connector [ca.spottedleaf.starlight.mixin.MixinConnector]
[22Mar2025 23:14:37.391] [main/INFO] [cpw.mods.modlauncher.LaunchServiceHandler/MODLAUNCHER]: Launching target 'forgeserver' with arguments [nogui]
[22Mar2025 23:14:37.395] [main/DEBUG] [mixin/]: Preparing mixins for MixinEnvironment[DEFAULT]
[22Mar2025 23:14:37.398] [main/DEBUG] [mixin/]: Selecting config betterdungeons.mixins.json
[22Mar2025 23:14:37.411] [main/DEBUG] [mixin/]: Selecting config betterdungeons_forge.mixins.json
[22Mar2025 23:14:37.413] [main/DEBUG] [mixin/]: Selecting config kuma_api.mixins.json
[22Mar2025 23:14:37.415] [main/DEBUG] [mixin/]: Selecting config kuma_api.forge.mixins.json
[22Mar2025 23:14:37.416] [main/DEBUG] [mixin/]: Selecting config trashslot.mixins.json
[22Mar2025 23:14:37.420] [main/WARN] [mixin/]: Reference map 'trashslot.refmap.json' for trashslot.mixins.json could not be read. If this is a development environment you can ignore this message
[22Mar2025 23:14:37.421] [main/DEBUG] [mixin/]: Selecting config easymagic.common.mixins.json
[22Mar2025 23:14:37.424] [main/DEBUG] [mixin/]: Selecting config journeymap.mixins.json
[22Mar2025 23:14:37.427] [main/DEBUG] [mixin/]: Selecting config modernfix-common.mixins.json
[22Mar2025 23:14:37.516] [main/INFO] [ModernFix/]: Loaded configuration file for ModernFix 5.20.2+mc1.20.1: 87 options available, 1 override(s) found
[22Mar2025 23:14:37.517] [main/WARN] [ModernFix/]: Option 'mixin.perf.dynamic_resources' overriden (by user configuration) to 'true'
[22Mar2025 23:14:37.517] [main/INFO] [ModernFix/]: Applying Nashorn fix
[22Mar2025 23:14:37.534] [main/INFO] [ModernFix/]: Applied Forge config corruption patch
[22Mar2025 23:14:37.540] [main/DEBUG] [mixin/]: Selecting config modernfix-forge.mixins.json
[22Mar2025 23:14:37.542] [main/DEBUG] [mixin/]: Selecting config comforts.mixins.json
[22Mar2025 23:14:37.543] [main/DEBUG] [mixin/]: Selecting config citadel.mixins.json
[22Mar2025 23:14:37.545] [main/DEBUG] [mixin/]: Selecting config mixins.artifacts.common.json
[22Mar2025 23:14:37.547] [main/DEBUG] [mixin/]: Selecting config mixins.artifacts.forge.json
[22Mar2025 23:14:37.548] [main/DEBUG] [mixin/]: Selecting config badpackets.mixins.json
[22Mar2025 23:14:37.550] [main/DEBUG] [mixin/]: Selecting config yungsapi.mixins.json
[22Mar2025 23:14:37.551] [main/DEBUG] [mixin/]: Selecting config yungsapi_forge.mixins.json
[22Mar2025 23:14:37.553] [main/DEBUG] [mixin/]: Selecting config mixinextras.init.mixins.json
[22Mar2025 23:14:37.579] [main/DEBUG] [MixinExtras|Service/]: com.llamalad7.mixinextras.service.MixinExtrasServiceImpl(version=0.4.1) is taking over from null
[22Mar2025 23:14:37.613] [main/DEBUG] [mixin/]: Registering new injector for @Inject with org.spongepowered.asm.mixin.injection.struct.CallbackInjectionInfo
[22Mar2025 23:14:37.615] [main/DEBUG] [mixin/]: Registering new injector for @ModifyArg with org.spongepowered.asm.mixin.injection.struct.ModifyArgInjectionInfo
[22Mar2025 23:14:37.616] [main/DEBUG] [mixin/]: Registering new injector for @ModifyArgs with org.spongepowered.asm.mixin.injection.struct.ModifyArgsInjectionInfo
[22Mar2025 23:14:37.617] [main/DEBUG] [mixin/]: Registering new injector for @Redirect with org.spongepowered.asm.mixin.injection.struct.RedirectInjectionInfo
[22Mar2025 23:14:37.618] [main/DEBUG] [mixin/]: Registering new injector for @ModifyVariable with org.spongepowered.asm.mixin.injection.struct.ModifyVariableInjectionInfo
[22Mar2025 23:14:37.619] [main/DEBUG] [mixin/]: Registering new injector for @ModifyConstant with org.spongepowered.asm.mixin.injection.struct.ModifyConstantInjectionInfo
[22Mar2025 23:14:37.637] [main/DEBUG] [mixin/]: Selecting config starlight.mixins.json
[22Mar2025 23:14:37.639] [main/DEBUG] [mixin/]: Selecting config takesapillage.mixins.json
[22Mar2025 23:14:37.640] [main/DEBUG] [mixin/]: Selecting config iceandfire.mixins.json
[22Mar2025 23:14:37.641] [main/DEBUG] [mixin/]: Selecting config balm.mixins.json
[22Mar2025 23:14:37.642] [main/DEBUG] [mixin/]: Selecting config walljump.mixins.json
[22Mar2025 23:14:37.644] [main/DEBUG] [mixin/]: Selecting config alexscaves.mixins.json
[22Mar2025 23:14:37.645] [main/DEBUG] [mixin/]: Selecting config ambientsounds.mixins.json
[22Mar2025 23:14:37.647] [main/DEBUG] [mixin/]: Selecting config creativecore.mixins.json
[22Mar2025 23:14:37.648] [main/DEBUG] [mixin/]: Selecting config creativecore.forge.mixins.json
[22Mar2025 23:14:37.649] [main/DEBUG] [mixin/]: Selecting config ksyxis.mixins.json
[22Mar2025 23:14:37.652] [main/DEBUG] [mixin/]: Selecting config wthit.mixins.json
[22Mar2025 23:14:37.653] [main/DEBUG] [mixin/]: Selecting config curios.mixins.json
[22Mar2025 23:14:37.654] [main/DEBUG] [mixin/]: Selecting config tombstone.mixins.json
[22Mar2025 23:14:37.655] [main/DEBUG] [mixin/]: Selecting config architectury.mixins.json
[22Mar2025 23:14:37.657] [main/DEBUG] [mixin/]: Selecting config architectury-common.mixins.json
[22Mar2025 23:14:37.658] [main/DEBUG] [mixin/]: Selecting config nerb-common.mixins.json
[22Mar2025 23:14:37.659] [main/DEBUG] [mixin/]: Selecting config ferritecore.predicates.mixin.json
[22Mar2025 23:14:37.676] [main/DEBUG] [mixin/]: Selecting config ferritecore.fastmap.mixin.json
[22Mar2025 23:14:37.680] [main/DEBUG] [mixin/]: Selecting config ferritecore.mrl.mixin.json
[22Mar2025 23:14:37.684] [main/DEBUG] [mixin/]: Selecting config ferritecore.dedupmultipart.mixin.json
[22Mar2025 23:14:37.686] [main/DEBUG] [mixin/]: Selecting config ferritecore.blockstatecache.mixin.json
[22Mar2025 23:14:37.687] [main/DEBUG] [mixin/]: Selecting config ferritecore.dedupbakedquad.mixin.json
[22Mar2025 23:14:37.689] [main/DEBUG] [mixin/]: Selecting config ferritecore.threaddetec.mixin.json
[22Mar2025 23:14:37.691] [main/DEBUG] [mixin/]: Selecting config ferritecore.modelsides.mixin.json
[22Mar2025 23:14:37.693] [main/DEBUG] [mixin/]: Selecting config puzzleslib.common.mixins.json
[22Mar2025 23:14:37.713] [main/INFO] [Puzzles Lib/]: Loading 50 mods:
	- alexscaves 2.0.2
	- alexsmobs 1.22.9
	- ambientsounds 6.1.4
	- architectury 9.2.14
	- artifacts 9.5.13
		\-- expandability 9.0.4
	- badpackets 0.4.3
	- balm 7.3.14
		\-- kuma_api 20.1.9-SNAPSHOT
	- betterdungeons 1.20-Forge-4.0.4
	- citadel 2.6.1
	- cloth_config 11.1.136
	- comforts 6.4.0+1.20.1
		\-- spectrelib 0.13.15+1.20.1
	- creativecore 2.12.31
	- curios 5.11.1+1.20.1
	- dungeoncrawl 2.3.15
	- dungeons_arise 2.1.58-1.20.x
	- dynamiclights 1.20.1.2
	- easymagic 8.0.1
	- fallingtree 4.3.4
	- ferritecore 6.0.1
	- forge 47.3.7
	- iceandfire 2.1.13-1.20.1
	- infernalmobs 1.20.1.6
	- inventoryhud 3.4.26
	- jei 15.20.0.106
	- jeiintegration 10.0.0
	- jeresources 1.4.0.247
	- journeymap 5.10.3
	- ksyxis 1.3.3
	- minecraft 1.20.1
	- modernfix 5.20.2+mc1.20.1
		\-- mixinextras 0.4.1
	- nerb 0.4.1
	- octolib 0.4.2
	- puzzleslib 8.1.25
		\-- puzzlesaccessapi 8.0.7
	- sophisticatedbackpacks 3.23.4.1196
	- sophisticatedcore 1.2.8.864
	- starlight 1.1.2+forge.1cda73c
	- takesapillage 1.0.3
	- terralith 2.5.4
	- tombstone 8.9.0
	- trashslot 15.1.1
	- travelersbackpack 9.1.29
	- walljump 1.20.1-1.3.2-forge
		\-- configlibtxf 4.2.6-forge
	- wthit 8.16.1
		\-- waila 8.16.1
	- yungsapi 1.20-Forge-4.0.6
[22Mar2025 23:14:37.719] [main/DEBUG] [mixin/]: Selecting config puzzleslib.forge.mixins.json
[22Mar2025 23:14:37.720] [main/DEBUG] [mixin/]: Selecting config expandability.mixins.json
[22Mar2025 23:14:37.721] [main/DEBUG] [mixin/]: Selecting config expandability-common.mixins.json
[22Mar2025 23:14:37.723] [main/DEBUG] [mixin/]: Preparing betterdungeons.mixins.json (8)
[22Mar2025 23:14:37.750] [main/DEBUG] [net.minecraftforge.coremod.transformer.CoreModBaseTransformer/COREMOD]: Transforming net/minecraft/world/level/levelgen/structure/templatesystem/StructureTemplate
[22Mar2025 23:14:38.170] [main/DEBUG] [mixin/]: Preparing betterdungeons_forge.mixins.json (0)
[22Mar2025 23:14:38.170] [main/DEBUG] [mixin/]: Preparing kuma_api.mixins.json (1)
[22Mar2025 23:14:38.170] [main/DEBUG] [mixin/]: Preparing kuma_api.forge.mixins.json (0)
[22Mar2025 23:14:38.170] [main/DEBUG] [mixin/]: Preparing trashslot.mixins.json (0)
[22Mar2025 23:14:38.170] [main/DEBUG] [mixin/]: Preparing easymagic.common.mixins.json (5)
[22Mar2025 23:14:38.211] [main/DEBUG] [mixin/]: Preparing journeymap.mixins.json (3)
[22Mar2025 23:14:38.211] [main/DEBUG] [mixin/]: Preparing modernfix-common.mixins.json (101)
[22Mar2025 23:14:38.242] [main/DEBUG] [ModernFix/]: No rules matched mixin 'perf.compact_mojang_registries.MappedRegistryMixin', treating as foreign and disabling!
[22Mar2025 23:14:38.330] [main/DEBUG] [net.minecraftforge.coremod.transformer.CoreModBaseTransformer/COREMOD]: Transforming net/minecraft/world/level/biome/Biome
[22Mar2025 23:14:38.493] [main/DEBUG] [mixin/]: Preparing modernfix-forge.mixins.json (47)
[22Mar2025 23:14:38.598] [main/DEBUG] [mixin/]: Preparing comforts.mixins.json (3)
[22Mar2025 23:14:38.600] [main/DEBUG] [mixin/]: Preparing citadel.mixins.json (15)
[22Mar2025 23:14:38.626] [main/DEBUG] [mixin/]: Preparing mixins.artifacts.common.json (20)
[22Mar2025 23:14:38.646] [main/DEBUG] [net.minecraftforge.coremod.transformer.CoreModBaseTransformer/COREMOD]: Transforming net/minecraft/world/level/NaturalSpawner
[22Mar2025 23:14:38.751] [main/DEBUG] [net.minecraftforge.coremod.transformer.CoreModBaseTransformer/COREMOD]: Transforming net/minecraft/world/entity/npc/Villager
[22Mar2025 23:14:38.901] [main/DEBUG] [mixin/]: Preparing mixins.artifacts.forge.json (3)
[22Mar2025 23:14:38.910] [main/DEBUG] [mixin/]: Preparing badpackets.mixins.json (4)
[22Mar2025 23:14:38.920] [main/DEBUG] [mixin/]: Preparing yungsapi.mixins.json (11)
[22Mar2025 23:14:38.925] [main/DEBUG] [yungsapi/]: Loaded com.yungnickyoung.minecraft.yungsapi.services.ForgePlatformHelper@7558633 for service interface com.yungnickyoung.minecraft.yungsapi.services.IPlatformHelper
[22Mar2025 23:14:38.927] [main/DEBUG] [yungsapi/]: Loaded com.yungnickyoung.minecraft.yungsapi.services.ForgeAutoRegisterHelper@3815146b for service interface com.yungnickyoung.minecraft.yungsapi.services.IAutoRegisterHelper
[22Mar2025 23:14:38.928] [main/DEBUG] [yungsapi/]: Loaded com.yungnickyoung.minecraft.yungsapi.services.ForgeBlockEntityTypeHelper@2f2e4bde for service interface com.yungnickyoung.minecraft.yungsapi.services.IBlockEntityTypeHelper
[22Mar2025 23:14:38.928] [main/DEBUG] [yungsapi/]: Loaded com.yungnickyoung.minecraft.yungsapi.services.ForgeParticleTypeHelper@14b4340c for service interface com.yungnickyoung.minecraft.yungsapi.services.IParticleTypeHelper
[22Mar2025 23:14:38.960] [main/DEBUG] [mixin/]: Preparing yungsapi_forge.mixins.json (1)
[22Mar2025 23:14:38.961] [main/DEBUG] [mixin/]: Preparing mixinextras.init.mixins.json (0)
[22Mar2025 23:14:38.961] [main/DEBUG] [mixin/]: Preparing starlight.mixins.json (13)
[22Mar2025 23:14:38.988] [main/DEBUG] [mixin/]: Preparing takesapillage.mixins.json (3)
[22Mar2025 23:14:38.994] [main/DEBUG] [mixin/]: Preparing iceandfire.mixins.json (2)
[22Mar2025 23:14:38.997] [main/DEBUG] [mixin/]: Preparing balm.mixins.json (17)
[22Mar2025 23:14:39.012] [main/DEBUG] [mixin/]: Preparing walljump.mixins.json (4)
[22Mar2025 23:14:39.013] [main/DEBUG] [mixin/]: Preparing alexscaves.mixins.json (52)
[22Mar2025 23:14:39.077] [main/DEBUG] [net.minecraftforge.coremod.transformer.CoreModBaseTransformer/COREMOD]: Transforming net/minecraft/world/level/levelgen/structure/structures/SwampHutPiece
[22Mar2025 23:14:39.114] [main/DEBUG] [mixin/]: Preparing ambientsounds.mixins.json (2)
[22Mar2025 23:14:39.114] [main/DEBUG] [mixin/]: Preparing creativecore.mixins.json (8)
[22Mar2025 23:14:39.132] [main/DEBUG] [mixin/]: Preparing creativecore.forge.mixins.json (3)
[22Mar2025 23:14:39.133] [main/DEBUG] [mixin/]: Preparing ksyxis.mixins.json (3)
[22Mar2025 23:14:39.134] [main/DEBUG] [Ksyxis/KsyxisPlugin/]: Ksyxis: Bytecode provider threw an exception, mixin WON'T be applied. (provider: org.spongepowered.asm.launch.MixinLaunchPlugin@35b17c06, plugin: Ksyxis/KsyxisPlugin{provider=org.spongepowered.asm.launch.MixinLaunchPlugin@35b17c06}, targetClassName: net.minecraft.world.World, mixinClassName: ru.vidtu.ksyxis.mixins.LevelMixin)
java.lang.ClassNotFoundException: net.minecraft.world.World
	at cpw.mods.cl.ModuleClassLoader.getMaybeTransformedClassBytes(ModuleClassLoader.java:252) ~[securejarhandler-2.1.10.jar:?]
	at cpw.mods.modlauncher.TransformingClassLoader.buildTransformedClassNodeFor(TransformingClassLoader.java:58) ~[modlauncher-10.0.9.jar%2355!/:?]
	at cpw.mods.modlauncher.LaunchPluginHandler.lambda$announceLaunch$10(LaunchPluginHandler.java:100) ~[modlauncher-10.0.9.jar%2355!/:?]
	at org.spongepowered.asm.launch.MixinLaunchPluginLegacy.getClassNode(MixinLaunchPluginLegacy.java:222) ~[mixin-0.8.5.jar%2365!/:0.8.5+Jenkins-b310.git-155314e6e91465dad727e621a569906a410cd6f4]
	at org.spongepowered.asm.launch.MixinLaunchPluginLegacy.getClassNode(MixinLaunchPluginLegacy.java:207) ~[mixin-0.8.5.jar%2365!/:0.8.5+Jenkins-b310.git-155314e6e91465dad727e621a569906a410cd6f4]
	at ru.vidtu.ksyxis.KsyxisPlugin.shouldApplyMixin(KsyxisPlugin.java:107) ~[Ksyxis-1.3.3.jar%23167!/:1.3.3]
	at org.spongepowered.asm.mixin.transformer.PluginHandle.shouldApplyMixin(PluginHandle.java:132) ~[mixin-0.8.5.jar%2365!/:0.8.5+Jenkins-b310.git-155314e6e91465dad727e621a569906a410cd6f4]
	at org.spongepowered.asm.mixin.transformer.MixinInfo.shouldApplyMixin(MixinInfo.java:987) ~[mixin-0.8.5.jar%2365!/:0.8.5+Jenkins-b310.git-155314e6e91465dad727e621a569906a410cd6f4]
	at org.spongepowered.asm.mixin.transformer.MixinInfo.readDeclaredTargets(MixinInfo.java:952) ~[mixin-0.8.5.jar%2365!/:0.8.5+Jenkins-b310.git-155314e6e91465dad727e621a569906a410cd6f4]
	at org.spongepowered.asm.mixin.transformer.MixinInfo.<init>(MixinInfo.java:881) ~[mixin-0.8.5.jar%2365!/:0.8.5+Jenkins-b310.git-155314e6e91465dad727e621a569906a410cd6f4]
	at org.spongepowered.asm.mixin.transformer.MixinConfig.prepareMixins(MixinConfig.java:850) ~[mixin-0.8.5.jar%2365!/:0.8.5+Jenkins-b310.git-155314e6e91465dad727e621a569906a410cd6f4]
	at org.spongepowered.asm.mixin.transformer.MixinConfig.prepare(MixinConfig.java:775) ~[mixin-0.8.5.jar%2365!/:0.8.5+Jenkins-b310.git-155314e6e91465dad727e621a569906a410cd6f4]
	at org.spongepowered.asm.mixin.transformer.MixinProcessor.prepareConfigs(MixinProcessor.java:539) ~[mixin-0.8.5.jar%2365!/:0.8.5+Jenkins-b310.git-155314e6e91465dad727e621a569906a410cd6f4]
	at org.spongepowered.asm.mixin.transformer.MixinProcessor.select(MixinProcessor.java:462) ~[mixin-0.8.5.jar%2365!/:0.8.5+Jenkins-b310.git-155314e6e91465dad727e621a569906a410cd6f4]
	at org.spongepowered.asm.mixin.transformer.MixinProcessor.checkSelect(MixinProcessor.java:438) ~[mixin-0.8.5.jar%2365!/:0.8.5+Jenkins-b310.git-155314e6e91465dad727e621a569906a410cd6f4]
	at org.spongepowered.asm.mixin.transformer.MixinProcessor.applyMixins(MixinProcessor.java:290) ~[mixin-0.8.5.jar%2365!/:0.8.5+Jenkins-b310.git-155314e6e91465dad727e621a569906a410cd6f4]
	at org.spongepowered.asm.mixin.transformer.MixinTransformer.transformClass(MixinTransformer.java:250) ~[mixin-0.8.5.jar%2365!/:0.8.5+Jenkins-b310.git-155314e6e91465dad727e621a569906a410cd6f4]
	at org.spongepowered.asm.service.modlauncher.MixinTransformationHandler.processClass(MixinTransformationHandler.java:131) ~[mixin-0.8.5.jar%2365!/:0.8.5+Jenkins-b310.git-155314e6e91465dad727e621a569906a410cd6f4]
	at org.spongepowered.asm.launch.MixinLaunchPluginLegacy.processClass(MixinLaunchPluginLegacy.java:131) ~[mixin-0.8.5.jar%2365!/:0.8.5+Jenkins-b310.git-155314e6e91465dad727e621a569906a410cd6f4]
	at cpw.mods.modlauncher.serviceapi.ILaunchPluginService.processClassWithFlags(ILaunchPluginService.java:156) ~[modlauncher-10.0.9.jar%2355!/:10.0.9+10.0.9+main.dcd20f30]
	at cpw.mods.modlauncher.LaunchPluginHandler.offerClassNodeToPlugins(LaunchPluginHandler.java:88) ~[modlauncher-10.0.9.jar%2355!/:?]
	at cpw.mods.modlauncher.ClassTransformer.transform(ClassTransformer.java:120) ~[modlauncher-10.0.9.jar%2355!/:?]
	at cpw.mods.modlauncher.TransformingClassLoader.maybeTransformClassBytes(TransformingClassLoader.java:50) ~[modlauncher-10.0.9.jar%2355!/:?]
	at cpw.mods.cl.ModuleClassLoader.readerToClass(ModuleClassLoader.java:113) ~[securejarhandler-2.1.10.jar:?]
	at cpw.mods.cl.ModuleClassLoader.lambda$findClass$15(ModuleClassLoader.java:219) ~[securejarhandler-2.1.10.jar:?]
	at cpw.mods.cl.ModuleClassLoader.loadFromModule(ModuleClassLoader.java:229) ~[securejarhandler-2.1.10.jar:?]
	at cpw.mods.cl.ModuleClassLoader.findClass(ModuleClassLoader.java:219) ~[securejarhandler-2.1.10.jar:?]
	at java.lang.ClassLoader.loadClass(ClassLoader.java:637) ~[?:?]
	at java.lang.Class.forName(Class.java:545) ~[?:?]
	at net.minecraftforge.fml.loading.ImmediateWindowHandler$DummyProvider.lambda$updateModuleReads$1(ImmediateWindowHandler.java:145) ~[fmlloader-1.20.1-47.3.7.jar%2369!/:1.0]
	at java.util.Optional.map(Optional.java:260) ~[?:?]
	at net.minecraftforge.fml.loading.ImmediateWindowHandler$DummyProvider.updateModuleReads(ImmediateWindowHandler.java:145) ~[fmlloader-1.20.1-47.3.7.jar%2369!/:1.0]
	at net.minecraftforge.fml.loading.ImmediateWindowHandler.acceptGameLayer(ImmediateWindowHandler.java:71) ~[fmlloader-1.20.1-47.3.7.jar%2369!/:1.0]
	at net.minecraftforge.fml.loading.FMLLoader.beforeStart(FMLLoader.java:207) ~[fmlloader-1.20.1-47.3.7.jar%2369!/:1.0]
	at net.minecraftforge.fml.loading.targets.CommonLaunchHandler.launchService(CommonLaunchHandler.java:92) ~[fmlloader-1.20.1-47.3.7.jar%2369!/:?]
	at cpw.mods.modlauncher.LaunchServiceHandlerDecorator.launch(LaunchServiceHandlerDecorator.java:30) ~[modlauncher-10.0.9.jar%2355!/:?]
	at cpw.mods.modlauncher.LaunchServiceHandler.launch(LaunchServiceHandler.java:53) ~[modlauncher-10.0.9.jar%2355!/:?]
	at cpw.mods.modlauncher.LaunchServiceHandler.launch(LaunchServiceHandler.java:71) ~[modlauncher-10.0.9.jar%2355!/:?]
	at cpw.mods.modlauncher.Launcher.run(Launcher.java:108) ~[modlauncher-10.0.9.jar%2355!/:?]
	at cpw.mods.modlauncher.Launcher.main(Launcher.java:78) ~[modlauncher-10.0.9.jar%2355!/:?]
	at cpw.mods.modlauncher.BootstrapLaunchConsumer.accept(BootstrapLaunchConsumer.java:26) ~[modlauncher-10.0.9.jar%2355!/:?]
	at cpw.mods.modlauncher.BootstrapLaunchConsumer.accept(BootstrapLaunchConsumer.java:23) ~[modlauncher-10.0.9.jar%2355!/:?]
	at cpw.mods.bootstraplauncher.BootstrapLauncher.main(BootstrapLauncher.java:141) ~[bootstraplauncher-1.1.2.jar:?]
[22Mar2025 23:14:39.156] [main/DEBUG] [Ksyxis/KsyxisPlugin/]: Ksyxis: Bytecode provider threw an exception, mixin WON'T be applied. (provider: org.spongepowered.asm.launch.MixinLaunchPlugin@35b17c06, plugin: Ksyxis/KsyxisPlugin{provider=org.spongepowered.asm.launch.MixinLaunchPlugin@35b17c06}, targetClassName: net.minecraft.class_1150, mixinClassName: ru.vidtu.ksyxis.mixins.LevelMixin)
java.lang.ClassNotFoundException: net.minecraft.class_1150
	at cpw.mods.cl.ModuleClassLoader.getMaybeTransformedClassBytes(ModuleClassLoader.java:252) ~[securejarhandler-2.1.10.jar:?]
	at cpw.mods.modlauncher.TransformingClassLoader.buildTransformedClassNodeFor(TransformingClassLoader.java:58) ~[modlauncher-10.0.9.jar%2355!/:?]
	at cpw.mods.modlauncher.LaunchPluginHandler.lambda$announceLaunch$10(LaunchPluginHandler.java:100) ~[modlauncher-10.0.9.jar%2355!/:?]
	at org.spongepowered.asm.launch.MixinLaunchPluginLegacy.getClassNode(MixinLaunchPluginLegacy.java:222) ~[mixin-0.8.5.jar%2365!/:0.8.5+Jenkins-b310.git-155314e6e91465dad727e621a569906a410cd6f4]
	at org.spongepowered.asm.launch.MixinLaunchPluginLegacy.getClassNode(MixinLaunchPluginLegacy.java:207) ~[mixin-0.8.5.jar%2365!/:0.8.5+Jenkins-b310.git-155314e6e91465dad727e621a569906a410cd6f4]
	at ru.vidtu.ksyxis.KsyxisPlugin.shouldApplyMixin(KsyxisPlugin.java:107) ~[Ksyxis-1.3.3.jar%23167!/:1.3.3]
	at org.spongepowered.asm.mixin.transformer.PluginHandle.shouldApplyMixin(PluginHandle.java:132) ~[mixin-0.8.5.jar%2365!/:0.8.5+Jenkins-b310.git-155314e6e91465dad727e621a569906a410cd6f4]
	at org.spongepowered.asm.mixin.transformer.MixinInfo.shouldApplyMixin(MixinInfo.java:987) ~[mixin-0.8.5.jar%2365!/:0.8.5+Jenkins-b310.git-155314e6e91465dad727e621a569906a410cd6f4]
	at org.spongepowered.asm.mixin.transformer.MixinInfo.readDeclaredTargets(MixinInfo.java:952) ~[mixin-0.8.5.jar%2365!/:0.8.5+Jenkins-b310.git-155314e6e91465dad727e621a569906a410cd6f4]
	at org.spongepowered.asm.mixin.transformer.MixinInfo.<init>(MixinInfo.java:881) ~[mixin-0.8.5.jar%2365!/:0.8.5+Jenkins-b310.git-155314e6e91465dad727e621a569906a410cd6f4]
	at org.spongepowered.asm.mixin.transformer.MixinConfig.prepareMixins(MixinConfig.java:850) ~[mixin-0.8.5.jar%2365!/:0.8.5+Jenkins-b310.git-155314e6e91465dad727e621a569906a410cd6f4]
	at org.spongepowered.asm.mixin.transformer.MixinConfig.prepare(MixinConfig.java:775) ~[mixin-0.8.5.jar%2365!/:0.8.5+Jenkins-b310.git-155314e6e91465dad727e621a569906a410cd6f4]
	at org.spongepowered.asm.mixin.transformer.MixinProcessor.prepareConfigs(MixinProcessor.java:539) ~[mixin-0.8.5.jar%2365!/:0.8.5+Jenkins-b310.git-155314e6e91465dad727e621a569906a410cd6f4]
	at org.spongepowered.asm.mixin.transformer.MixinProcessor.select(MixinProcessor.java:462) ~[mixin-0.8.5.jar%2365!/:0.8.5+Jenkins-b310.git-155314e6e91465dad727e621a569906a410cd6f4]
	at org.spongepowered.asm.mixin.transformer.MixinProcessor.checkSelect(MixinProcessor.java:438) ~[mixin-0.8.5.jar%2365!/:0.8.5+Jenkins-b310.git-155314e6e91465dad727e621a569906a410cd6f4]
	at org.spongepowered.asm.mixin.transformer.MixinProcessor.applyMixins(MixinProcessor.java:290) ~[mixin-0.8.5.jar%2365!/:0.8.5+Jenkins-b310.git-155314e6e91465dad727e621a569906a410cd6f4]
	at org.spongepowered.asm.mixin.transformer.MixinTransformer.transformClass(MixinTransformer.java:250) ~[mixin-0.8.5.jar%2365!/:0.8.5+Jenkins-b310.git-155314e6e91465dad727e621a569906a410cd6f4]
	at org.spongepowered.asm.service.modlauncher.MixinTransformationHandler.processClass(MixinTransformationHandler.java:131) ~[mixin-0.8.5.jar%2365!/:0.8.5+Jenkins-b310.git-155314e6e91465dad727e621a569906a410cd6f4]
	at org.spongepowered.asm.launch.MixinLaunchPluginLegacy.processClass(MixinLaunchPluginLegacy.java:131) ~[mixin-0.8.5.jar%2365!/:0.8.5+Jenkins-b310.git-155314e6e91465dad727e621a569906a410cd6f4]
	at cpw.mods.modlauncher.serviceapi.ILaunchPluginService.processClassWithFlags(ILaunchPluginService.java:156) ~[modlauncher-10.0.9.jar%2355!/:10.0.9+10.0.9+main.dcd20f30]
	at cpw.mods.modlauncher.LaunchPluginHandler.offerClassNodeToPlugins(LaunchPluginHandler.java:88) ~[modlauncher-10.0.9.jar%2355!/:?]
	at cpw.mods.modlauncher.ClassTransformer.transform(ClassTransformer.java:120) ~[modlauncher-10.0.9.jar%2355!/:?]
	at cpw.mods.modlauncher.TransformingClassLoader.maybeTransformClassBytes(TransformingClassLoader.java:50) ~[modlauncher-10.0.9.jar%2355!/:?]
	at cpw.mods.cl.ModuleClassLoader.readerToClass(ModuleClassLoader.java:113) ~[securejarhandler-2.1.10.jar:?]
	at cpw.mods.cl.ModuleClassLoader.lambda$findClass$15(ModuleClassLoader.java:219) ~[securejarhandler-2.1.10.jar:?]
	at cpw.mods.cl.ModuleClassLoader.loadFromModule(ModuleClassLoader.java:229) ~[securejarhandler-2.1.10.jar:?]
	at cpw.mods.cl.ModuleClassLoader.findClass(ModuleClassLoader.java:219) ~[securejarhandler-2.1.10.jar:?]
	at java.lang.ClassLoader.loadClass(ClassLoader.java:637) ~[?:?]
	at java.lang.Class.forName(Class.java:545) ~[?:?]
	at net.minecraftforge.fml.loading.ImmediateWindowHandler$DummyProvider.lambda$updateModuleReads$1(ImmediateWindowHandler.java:145) ~[fmlloader-1.20.1-47.3.7.jar%2369!/:1.0]
	at java.util.Optional.map(Optional.java:260) ~[?:?]
	at net.minecraftforge.fml.loading.ImmediateWindowHandler$DummyProvider.updateModuleReads(ImmediateWindowHandler.java:145) ~[fmlloader-1.20.1-47.3.7.jar%2369!/:1.0]
	at net.minecraftforge.fml.loading.ImmediateWindowHandler.acceptGameLayer(ImmediateWindowHandler.java:71) ~[fmlloader-1.20.1-47.3.7.jar%2369!/:1.0]
	at net.minecraftforge.fml.loading.FMLLoader.beforeStart(FMLLoader.java:207) ~[fmlloader-1.20.1-47.3.7.jar%2369!/:1.0]
	at net.minecraftforge.fml.loading.targets.CommonLaunchHandler.launchService(CommonLaunchHandler.java:92) ~[fmlloader-1.20.1-47.3.7.jar%2369!/:?]
	at cpw.mods.modlauncher.LaunchServiceHandlerDecorator.launch(LaunchServiceHandlerDecorator.java:30) ~[modlauncher-10.0.9.jar%2355!/:?]
	at cpw.mods.modlauncher.LaunchServiceHandler.launch(LaunchServiceHandler.java:53) ~[modlauncher-10.0.9.jar%2355!/:?]
	at cpw.mods.modlauncher.LaunchServiceHandler.launch(LaunchServiceHandler.java:71) ~[modlauncher-10.0.9.jar%2355!/:?]
	at cpw.mods.modlauncher.Launcher.run(Launcher.java:108) ~[modlauncher-10.0.9.jar%2355!/:?]
	at cpw.mods.modlauncher.Launcher.main(Launcher.java:78) ~[modlauncher-10.0.9.jar%2355!/:?]
	at cpw.mods.modlauncher.BootstrapLaunchConsumer.accept(BootstrapLaunchConsumer.java:26) ~[modlauncher-10.0.9.jar%2355!/:?]
	at cpw.mods.modlauncher.BootstrapLaunchConsumer.accept(BootstrapLaunchConsumer.java:23) ~[modlauncher-10.0.9.jar%2355!/:?]
	at cpw.mods.bootstraplauncher.BootstrapLauncher.main(BootstrapLauncher.java:141) ~[bootstraplauncher-1.1.2.jar:?]
[22Mar2025 23:14:39.159] [main/DEBUG] [Ksyxis/KsyxisPlugin/]: Ksyxis: Bytecode provider threw an exception, mixin WON'T be applied. (provider: org.spongepowered.asm.launch.MixinLaunchPlugin@35b17c06, plugin: Ksyxis/KsyxisPlugin{provider=org.spongepowered.asm.launch.MixinLaunchPlugin@35b17c06}, targetClassName: net.minecraft.unmapped.C_5553933, mixinClassName: ru.vidtu.ksyxis.mixins.LevelMixin)
java.lang.ClassNotFoundException: net.minecraft.unmapped.C_5553933
	at cpw.mods.cl.ModuleClassLoader.getMaybeTransformedClassBytes(ModuleClassLoader.java:252) ~[securejarhandler-2.1.10.jar:?]
	at cpw.mods.modlauncher.TransformingClassLoader.buildTransformedClassNodeFor(TransformingClassLoader.java:58) ~[modlauncher-10.0.9.jar%2355!/:?]
	at cpw.mods.modlauncher.LaunchPluginHandler.lambda$announceLaunch$10(LaunchPluginHandler.java:100) ~[modlauncher-10.0.9.jar%2355!/:?]
	at org.spongepowered.asm.launch.MixinLaunchPluginLegacy.getClassNode(MixinLaunchPluginLegacy.java:222) ~[mixin-0.8.5.jar%2365!/:0.8.5+Jenkins-b310.git-155314e6e91465dad727e621a569906a410cd6f4]
	at org.spongepowered.asm.launch.MixinLaunchPluginLegacy.getClassNode(MixinLaunchPluginLegacy.java:207) ~[mixin-0.8.5.jar%2365!/:0.8.5+Jenkins-b310.git-155314e6e91465dad727e621a569906a410cd6f4]
	at ru.vidtu.ksyxis.KsyxisPlugin.shouldApplyMixin(KsyxisPlugin.java:107) ~[Ksyxis-1.3.3.jar%23167!/:1.3.3]
	at org.spongepowered.asm.mixin.transformer.PluginHandle.shouldApplyMixin(PluginHandle.java:132) ~[mixin-0.8.5.jar%2365!/:0.8.5+Jenkins-b310.git-155314e6e91465dad727e621a569906a410cd6f4]
	at org.spongepowered.asm.mixin.transformer.MixinInfo.shouldApplyMixin(MixinInfo.java:987) ~[mixin-0.8.5.jar%2365!/:0.8.5+Jenkins-b310.git-155314e6e91465dad727e621a569906a410cd6f4]
	at org.spongepowered.asm.mixin.transformer.MixinInfo.readDeclaredTargets(MixinInfo.java:952) ~[mixin-0.8.5.jar%2365!/:0.8.5+Jenkins-b310.git-155314e6e91465dad727e621a569906a410cd6f4]
	at org.spongepowered.asm.mixin.transformer.MixinInfo.<init>(MixinInfo.java:881) ~[mixin-0.8.5.jar%2365!/:0.8.5+Jenkins-b310.git-155314e6e91465dad727e621a569906a410cd6f4]
	at org.spongepowered.asm.mixin.transformer.MixinConfig.prepareMixins(MixinConfig.java:850) ~[mixin-0.8.5.jar%2365!/:0.8.5+Jenkins-b310.git-155314e6e91465dad727e621a569906a410cd6f4]
	at org.spongepowered.asm.mixin.transformer.MixinConfig.prepare(MixinConfig.java:775) ~[mixin-0.8.5.jar%2365!/:0.8.5+Jenkins-b310.git-155314e6e91465dad727e621a569906a410cd6f4]
	at org.spongepowered.asm.mixin.transformer.MixinProcessor.prepareConfigs(MixinProcessor.java:539) ~[mixin-0.8.5.jar%2365!/:0.8.5+Jenkins-b310.git-155314e6e91465dad727e621a569906a410cd6f4]
	at org.spongepowered.asm.mixin.transformer.MixinProcessor.select(MixinProcessor.java:462) ~[mixin-0.8.5.jar%2365!/:0.8.5+Jenkins-b310.git-155314e6e91465dad727e621a569906a410cd6f4]
	at org.spongepowered.asm.mixin.transformer.MixinProcessor.checkSelect(MixinProcessor.java:438) ~[mixin-0.8.5.jar%2365!/:0.8.5+Jenkins-b310.git-155314e6e91465dad727e621a569906a410cd6f4]
	at org.spongepowered.asm.mixin.transformer.MixinProcessor.applyMixins(MixinProcessor.java:290) ~[mixin-0.8.5.jar%2365!/:0.8.5+Jenkins-b310.git-155314e6e91465dad727e621a569906a410cd6f4]
	at org.spongepowered.asm.mixin.transformer.MixinTransformer.transformClass(MixinTransformer.java:250) ~[mixin-0.8.5.jar%2365!/:0.8.5+Jenkins-b310.git-155314e6e91465dad727e621a569906a410cd6f4]
	at org.spongepowered.asm.service.modlauncher.MixinTransformationHandler.processClass(MixinTransformationHandler.java:131) ~[mixin-0.8.5.jar%2365!/:0.8.5+Jenkins-b310.git-155314e6e91465dad727e621a569906a410cd6f4]
	at org.spongepowered.asm.launch.MixinLaunchPluginLegacy.processClass(MixinLaunchPluginLegacy.java:131) ~[mixin-0.8.5.jar%2365!/:0.8.5+Jenkins-b310.git-155314e6e91465dad727e621a569906a410cd6f4]
	at cpw.mods.modlauncher.serviceapi.ILaunchPluginService.processClassWithFlags(ILaunchPluginService.java:156) ~[modlauncher-10.0.9.jar%2355!/:10.0.9+10.0.9+main.dcd20f30]
	at cpw.mods.modlauncher.LaunchPluginHandler.offerClassNodeToPlugins(LaunchPluginHandler.java:88) ~[modlauncher-10.0.9.jar%2355!/:?]
	at cpw.mods.modlauncher.ClassTransformer.transform(ClassTransformer.java:120) ~[modlauncher-10.0.9.jar%2355!/:?]
	at cpw.mods.modlauncher.TransformingClassLoader.maybeTransformClassBytes(TransformingClassLoader.java:50) ~[modlauncher-10.0.9.jar%2355!/:?]
	at cpw.mods.cl.ModuleClassLoader.readerToClass(ModuleClassLoader.java:113) ~[securejarhandler-2.1.10.jar:?]
	at cpw.mods.cl.ModuleClassLoader.lambda$findClass$15(ModuleClassLoader.java:219) ~[securejarhandler-2.1.10.jar:?]
	at cpw.mods.cl.ModuleClassLoader.loadFromModule(ModuleClassLoader.java:229) ~[securejarhandler-2.1.10.jar:?]
	at cpw.mods.cl.ModuleClassLoader.findClass(ModuleClassLoader.java:219) ~[securejarhandler-2.1.10.jar:?]
	at java.lang.ClassLoader.loadClass(ClassLoader.java:637) ~[?:?]
	at java.lang.Class.forName(Class.java:545) ~[?:?]
	at net.minecraftforge.fml.loading.ImmediateWindowHandler$DummyProvider.lambda$updateModuleReads$1(ImmediateWindowHandler.java:145) ~[fmlloader-1.20.1-47.3.7.jar%2369!/:1.0]
	at java.util.Optional.map(Optional.java:260) ~[?:?]
	at net.minecraftforge.fml.loading.ImmediateWindowHandler$DummyProvider.updateModuleReads(ImmediateWindowHandler.java:145) ~[fmlloader-1.20.1-47.3.7.jar%2369!/:1.0]
	at net.minecraftforge.fml.loading.ImmediateWindowHandler.acceptGameLayer(ImmediateWindowHandler.java:71) ~[fmlloader-1.20.1-47.3.7.jar%2369!/:1.0]
	at net.minecraftforge.fml.loading.FMLLoader.beforeStart(FMLLoader.java:207) ~[fmlloader-1.20.1-47.3.7.jar%2369!/:1.0]
	at net.minecraftforge.fml.loading.targets.CommonLaunchHandler.launchService(CommonLaunchHandler.java:92) ~[fmlloader-1.20.1-47.3.7.jar%2369!/:?]
	at cpw.mods.modlauncher.LaunchServiceHandlerDecorator.launch(LaunchServiceHandlerDecorator.java:30) ~[modlauncher-10.0.9.jar%2355!/:?]
	at cpw.mods.modlauncher.LaunchServiceHandler.launch(LaunchServiceHandler.java:53) ~[modlauncher-10.0.9.jar%2355!/:?]
	at cpw.mods.modlauncher.LaunchServiceHandler.launch(LaunchServiceHandler.java:71) ~[modlauncher-10.0.9.jar%2355!/:?]
	at cpw.mods.modlauncher.Launcher.run(Launcher.java:108) ~[modlauncher-10.0.9.jar%2355!/:?]
	at cpw.mods.modlauncher.Launcher.main(Launcher.java:78) ~[modlauncher-10.0.9.jar%2355!/:?]
	at cpw.mods.modlauncher.BootstrapLaunchConsumer.accept(BootstrapLaunchConsumer.java:26) ~[modlauncher-10.0.9.jar%2355!/:?]
	at cpw.mods.modlauncher.BootstrapLaunchConsumer.accept(BootstrapLaunchConsumer.java:23) ~[modlauncher-10.0.9.jar%2355!/:?]
	at cpw.mods.bootstraplauncher.BootstrapLauncher.main(BootstrapLauncher.java:141) ~[bootstraplauncher-1.1.2.jar:?]
[22Mar2025 23:14:39.171] [main/DEBUG] [Ksyxis/KsyxisPlugin/]: Ksyxis: Bytecode provider returned a valid node, applying mixin... (provider: org.spongepowered.asm.launch.MixinLaunchPlugin@35b17c06, plugin: Ksyxis/KsyxisPlugin{provider=org.spongepowered.asm.launch.MixinLaunchPlugin@35b17c06}, targetClassName: net.minecraft.server.MinecraftServer, mixinClassName: ru.vidtu.ksyxis.mixins.MinecraftServerMixin)
[22Mar2025 23:14:39.174] [main/DEBUG] [Ksyxis/KsyxisPlugin/]: Ksyxis: Bytecode provider threw an exception, mixin WON'T be applied. (provider: org.spongepowered.asm.launch.MixinLaunchPlugin@35b17c06, plugin: Ksyxis/KsyxisPlugin{provider=org.spongepowered.asm.launch.MixinLaunchPlugin@35b17c06}, targetClassName: net.minecraft.src.C_4977_, mixinClassName: ru.vidtu.ksyxis.mixins.MinecraftServerMixin)
java.lang.ClassNotFoundException: net.minecraft.src.C_4977_
	at cpw.mods.cl.ModuleClassLoader.getMaybeTransformedClassBytes(ModuleClassLoader.java:252) ~[securejarhandler-2.1.10.jar:?]
	at cpw.mods.modlauncher.TransformingClassLoader.buildTransformedClassNodeFor(TransformingClassLoader.java:58) ~[modlauncher-10.0.9.jar%2355!/:?]
	at cpw.mods.modlauncher.LaunchPluginHandler.lambda$announceLaunch$10(LaunchPluginHandler.java:100) ~[modlauncher-10.0.9.jar%2355!/:?]
	at org.spongepowered.asm.launch.MixinLaunchPluginLegacy.getClassNode(MixinLaunchPluginLegacy.java:222) ~[mixin-0.8.5.jar%2365!/:0.8.5+Jenkins-b310.git-155314e6e91465dad727e621a569906a410cd6f4]
	at org.spongepowered.asm.launch.MixinLaunchPluginLegacy.getClassNode(MixinLaunchPluginLegacy.java:207) ~[mixin-0.8.5.jar%2365!/:0.8.5+Jenkins-b310.git-155314e6e91465dad727e621a569906a410cd6f4]
	at ru.vidtu.ksyxis.KsyxisPlugin.shouldApplyMixin(KsyxisPlugin.java:107) ~[Ksyxis-1.3.3.jar%23167!/:1.3.3]
	at org.spongepowered.asm.mixin.transformer.PluginHandle.shouldApplyMixin(PluginHandle.java:132) ~[mixin-0.8.5.jar%2365!/:0.8.5+Jenkins-b310.git-155314e6e91465dad727e621a569906a410cd6f4]
	at org.spongepowered.asm.mixin.transformer.MixinInfo.shouldApplyMixin(MixinInfo.java:987) ~[mixin-0.8.5.jar%2365!/:0.8.5+Jenkins-b310.git-155314e6e91465dad727e621a569906a410cd6f4]
	at org.spongepowered.asm.mixin.transformer.MixinInfo.readDeclaredTargets(MixinInfo.java:952) ~[mixin-0.8.5.jar%2365!/:0.8.5+Jenkins-b310.git-155314e6e91465dad727e621a569906a410cd6f4]
	at org.spongepowered.asm.mixin.transformer.MixinInfo.<init>(MixinInfo.java:881) ~[mixin-0.8.5.jar%2365!/:0.8.5+Jenkins-b310.git-155314e6e91465dad727e621a569906a410cd6f4]
	at org.spongepowered.asm.mixin.transformer.MixinConfig.prepareMixins(MixinConfig.java:850) ~[mixin-0.8.5.jar%2365!/:0.8.5+Jenkins-b310.git-155314e6e91465dad727e621a569906a410cd6f4]
	at org.spongepowered.asm.mixin.transformer.MixinConfig.prepare(MixinConfig.java:775) ~[mixin-0.8.5.jar%2365!/:0.8.5+Jenkins-b310.git-155314e6e91465dad727e621a569906a410cd6f4]
	at org.spongepowered.asm.mixin.transformer.MixinProcessor.prepareConfigs(MixinProcessor.java:539) ~[mixin-0.8.5.jar%2365!/:0.8.5+Jenkins-b310.git-155314e6e91465dad727e621a569906a410cd6f4]
	at org.spongepowered.asm.mixin.transformer.MixinProcessor.select(MixinProcessor.java:462) ~[mixin-0.8.5.jar%2365!/:0.8.5+Jenkins-b310.git-155314e6e91465dad727e621a569906a410cd6f4]
	at org.spongepowered.asm.mixin.transformer.MixinProcessor.checkSelect(MixinProcessor.java:438) ~[mixin-0.8.5.jar%2365!/:0.8.5+Jenkins-b310.git-155314e6e91465dad727e621a569906a410cd6f4]
	at org.spongepowered.asm.mixin.transformer.MixinProcessor.applyMixins(MixinProcessor.java:290) ~[mixin-0.8.5.jar%2365!/:0.8.5+Jenkins-b310.git-155314e6e91465dad727e621a569906a410cd6f4]
	at org.spongepowered.asm.mixin.transformer.MixinTransformer.transformClass(MixinTransformer.java:250) ~[mixin-0.8.5.jar%2365!/:0.8.5+Jenkins-b310.git-155314e6e91465dad727e621a569906a410cd6f4]
	at org.spongepowered.asm.service.modlauncher.MixinTransformationHandler.processClass(MixinTransformationHandler.java:131) ~[mixin-0.8.5.jar%2365!/:0.8.5+Jenkins-b310.git-155314e6e91465dad727e621a569906a410cd6f4]
	at org.spongepowered.asm.launch.MixinLaunchPluginLegacy.processClass(MixinLaunchPluginLegacy.java:131) ~[mixin-0.8.5.jar%2365!/:0.8.5+Jenkins-b310.git-155314e6e91465dad727e621a569906a410cd6f4]
	at cpw.mods.modlauncher.serviceapi.ILaunchPluginService.processClassWithFlags(ILaunchPluginService.java:156) ~[modlauncher-10.0.9.jar%2355!/:10.0.9+10.0.9+main.dcd20f30]
	at cpw.mods.modlauncher.LaunchPluginHandler.offerClassNodeToPlugins(LaunchPluginHandler.java:88) ~[modlauncher-10.0.9.jar%2355!/:?]
	at cpw.mods.modlauncher.ClassTransformer.transform(ClassTransformer.java:120) ~[modlauncher-10.0.9.jar%2355!/:?]
	at cpw.mods.modlauncher.TransformingClassLoader.maybeTransformClassBytes(TransformingClassLoader.java:50) ~[modlauncher-10.0.9.jar%2355!/:?]
	at cpw.mods.cl.ModuleClassLoader.readerToClass(ModuleClassLoader.java:113) ~[securejarhandler-2.1.10.jar:?]
	at cpw.mods.cl.ModuleClassLoader.lambda$findClass$15(ModuleClassLoader.java:219) ~[securejarhandler-2.1.10.jar:?]
	at cpw.mods.cl.ModuleClassLoader.loadFromModule(ModuleClassLoader.java:229) ~[securejarhandler-2.1.10.jar:?]
	at cpw.mods.cl.ModuleClassLoader.findClass(ModuleClassLoader.java:219) ~[securejarhandler-2.1.10.jar:?]
	at java.lang.ClassLoader.loadClass(ClassLoader.java:637) ~[?:?]
	at java.lang.Class.forName(Class.java:545) ~[?:?]
	at net.minecraftforge.fml.loading.ImmediateWindowHandler$DummyProvider.lambda$updateModuleReads$1(ImmediateWindowHandler.java:145) ~[fmlloader-1.20.1-47.3.7.jar%2369!/:1.0]
	at java.util.Optional.map(Optional.java:260) ~[?:?]
	at net.minecraftforge.fml.loading.ImmediateWindowHandler$DummyProvider.updateModuleReads(ImmediateWindowHandler.java:145) ~[fmlloader-1.20.1-47.3.7.jar%2369!/:1.0]
	at net.minecraftforge.fml.loading.ImmediateWindowHandler.acceptGameLayer(ImmediateWindowHandler.java:71) ~[fmlloader-1.20.1-47.3.7.jar%2369!/:1.0]
	at net.minecraftforge.fml.loading.FMLLoader.beforeStart(FMLLoader.java:207) ~[fmlloader-1.20.1-47.3.7.jar%2369!/:1.0]
	at net.minecraftforge.fml.loading.targets.CommonLaunchHandler.launchService(CommonLaunchHandler.java:92) ~[fmlloader-1.20.1-47.3.7.jar%2369!/:?]
	at cpw.mods.modlauncher.LaunchServiceHandlerDecorator.launch(LaunchServiceHandlerDecorator.java:30) ~[modlauncher-10.0.9.jar%2355!/:?]
	at cpw.mods.modlauncher.LaunchServiceHandler.launch(LaunchServiceHandler.java:53) ~[modlauncher-10.0.9.jar%2355!/:?]
	at cpw.mods.modlauncher.LaunchServiceHandler.launch(LaunchServiceHandler.java:71) ~[modlauncher-10.0.9.jar%2355!/:?]
	at cpw.mods.modlauncher.Launcher.run(Launcher.java:108) ~[modlauncher-10.0.9.jar%2355!/:?]
	at cpw.mods.modlauncher.Launcher.main(Launcher.java:78) ~[modlauncher-10.0.9.jar%2355!/:?]
	at cpw.mods.modlauncher.BootstrapLaunchConsumer.accept(BootstrapLaunchConsumer.java:26) ~[modlauncher-10.0.9.jar%2355!/:?]
	at cpw.mods.modlauncher.BootstrapLaunchConsumer.accept(BootstrapLaunchConsumer.java:23) ~[modlauncher-10.0.9.jar%2355!/:?]
	at cpw.mods.bootstraplauncher.BootstrapLauncher.main(BootstrapLauncher.java:141) ~[bootstraplauncher-1.1.2.jar:?]
[22Mar2025 23:14:39.185] [main/DEBUG] [Ksyxis/KsyxisPlugin/]: Ksyxis: Bytecode provider returned a valid node, applying mixin... (provider: org.spongepowered.asm.launch.MixinLaunchPlugin@35b17c06, plugin: Ksyxis/KsyxisPlugin{provider=org.spongepowered.asm.launch.MixinLaunchPlugin@35b17c06}, targetClassName: net.minecraft.server.level.ServerLevel, mixinClassName: ru.vidtu.ksyxis.mixins.ServerLevelMixin)
[22Mar2025 23:14:39.187] [main/DEBUG] [Ksyxis/KsyxisPlugin/]: Ksyxis: Bytecode provider threw an exception, mixin WON'T be applied. (provider: org.spongepowered.asm.launch.MixinLaunchPlugin@35b17c06, plugin: Ksyxis/KsyxisPlugin{provider=org.spongepowered.asm.launch.MixinLaunchPlugin@35b17c06}, targetClassName: net.minecraft.server.world.ServerWorld, mixinClassName: ru.vidtu.ksyxis.mixins.ServerLevelMixin)
java.lang.ClassNotFoundException: net.minecraft.server.world.ServerWorld
	at cpw.mods.cl.ModuleClassLoader.getMaybeTransformedClassBytes(ModuleClassLoader.java:252) ~[securejarhandler-2.1.10.jar:?]
	at cpw.mods.modlauncher.TransformingClassLoader.buildTransformedClassNodeFor(TransformingClassLoader.java:58) ~[modlauncher-10.0.9.jar%2355!/:?]
	at cpw.mods.modlauncher.LaunchPluginHandler.lambda$announceLaunch$10(LaunchPluginHandler.java:100) ~[modlauncher-10.0.9.jar%2355!/:?]
	at org.spongepowered.asm.launch.MixinLaunchPluginLegacy.getClassNode(MixinLaunchPluginLegacy.java:222) ~[mixin-0.8.5.jar%2365!/:0.8.5+Jenkins-b310.git-155314e6e91465dad727e621a569906a410cd6f4]
	at org.spongepowered.asm.launch.MixinLaunchPluginLegacy.getClassNode(MixinLaunchPluginLegacy.java:207) ~[mixin-0.8.5.jar%2365!/:0.8.5+Jenkins-b310.git-155314e6e91465dad727e621a569906a410cd6f4]
	at ru.vidtu.ksyxis.KsyxisPlugin.shouldApplyMixin(KsyxisPlugin.java:107) ~[Ksyxis-1.3.3.jar%23167!/:1.3.3]
	at org.spongepowered.asm.mixin.transformer.PluginHandle.shouldApplyMixin(PluginHandle.java:132) ~[mixin-0.8.5.jar%2365!/:0.8.5+Jenkins-b310.git-155314e6e91465dad727e621a569906a410cd6f4]
	at org.spongepowered.asm.mixin.transformer.MixinInfo.shouldApplyMixin(MixinInfo.java:987) ~[mixin-0.8.5.jar%2365!/:0.8.5+Jenkins-b310.git-155314e6e91465dad727e621a569906a410cd6f4]
	at org.spongepowered.asm.mixin.transformer.MixinInfo.readDeclaredTargets(MixinInfo.java:952) ~[mixin-0.8.5.jar%2365!/:0.8.5+Jenkins-b310.git-155314e6e91465dad727e621a569906a410cd6f4]
	at org.spongepowered.asm.mixin.transformer.MixinInfo.<init>(MixinInfo.java:881) ~[mixin-0.8.5.jar%2365!/:0.8.5+Jenkins-b310.git-155314e6e91465dad727e621a569906a410cd6f4]
	at org.spongepowered.asm.mixin.transformer.MixinConfig.prepareMixins(MixinConfig.java:850) ~[mixin-0.8.5.jar%2365!/:0.8.5+Jenkins-b310.git-155314e6e91465dad727e621a569906a410cd6f4]
	at org.spongepowered.asm.mixin.transformer.MixinConfig.prepare(MixinConfig.java:775) ~[mixin-0.8.5.jar%2365!/:0.8.5+Jenkins-b310.git-155314e6e91465dad727e621a569906a410cd6f4]
	at org.spongepowered.asm.mixin.transformer.MixinProcessor.prepareConfigs(MixinProcessor.java:539) ~[mixin-0.8.5.jar%2365!/:0.8.5+Jenkins-b310.git-155314e6e91465dad727e621a569906a410cd6f4]
	at org.spongepowered.asm.mixin.transformer.MixinProcessor.select(MixinProcessor.java:462) ~[mixin-0.8.5.jar%2365!/:0.8.5+Jenkins-b310.git-155314e6e91465dad727e621a569906a410cd6f4]
	at org.spongepowered.asm.mixin.transformer.MixinProcessor.checkSelect(MixinProcessor.java:438) ~[mixin-0.8.5.jar%2365!/:0.8.5+Jenkins-b310.git-155314e6e91465dad727e621a569906a410cd6f4]
	at org.spongepowered.asm.mixin.transformer.MixinProcessor.applyMixins(MixinProcessor.java:290) ~[mixin-0.8.5.jar%2365!/:0.8.5+Jenkins-b310.git-155314e6e91465dad727e621a569906a410cd6f4]
	at org.spongepowered.asm.mixin.transformer.MixinTransformer.transformClass(MixinTransformer.java:250) ~[mixin-0.8.5.jar%2365!/:0.8.5+Jenkins-b310.git-155314e6e91465dad727e621a569906a410cd6f4]
	at org.spongepowered.asm.service.modlauncher.MixinTransformationHandler.processClass(MixinTransformationHandler.java:131) ~[mixin-0.8.5.jar%2365!/:0.8.5+Jenkins-b310.git-155314e6e91465dad727e621a569906a410cd6f4]
	at org.spongepowered.asm.launch.MixinLaunchPluginLegacy.processClass(MixinLaunchPluginLegacy.java:131) ~[mixin-0.8.5.jar%2365!/:0.8.5+Jenkins-b310.git-155314e6e91465dad727e621a569906a410cd6f4]
	at cpw.mods.modlauncher.serviceapi.ILaunchPluginService.processClassWithFlags(ILaunchPluginService.java:156) ~[modlauncher-10.0.9.jar%2355!/:10.0.9+10.0.9+main.dcd20f30]
	at cpw.mods.modlauncher.LaunchPluginHandler.offerClassNodeToPlugins(LaunchPluginHandler.java:88) ~[modlauncher-10.0.9.jar%2355!/:?]
	at cpw.mods.modlauncher.ClassTransformer.transform(ClassTransformer.java:120) ~[modlauncher-10.0.9.jar%2355!/:?]
	at cpw.mods.modlauncher.TransformingClassLoader.maybeTransformClassBytes(TransformingClassLoader.java:50) ~[modlauncher-10.0.9.jar%2355!/:?]
	at cpw.mods.cl.ModuleClassLoader.readerToClass(ModuleClassLoader.java:113) ~[securejarhandler-2.1.10.jar:?]
	at cpw.mods.cl.ModuleClassLoader.lambda$findClass$15(ModuleClassLoader.java:219) ~[securejarhandler-2.1.10.jar:?]
	at cpw.mods.cl.ModuleClassLoader.loadFromModule(ModuleClassLoader.java:229) ~[securejarhandler-2.1.10.jar:?]
	at cpw.mods.cl.ModuleClassLoader.findClass(ModuleClassLoader.java:219) ~[securejarhandler-2.1.10.jar:?]
	at java.lang.ClassLoader.loadClass(ClassLoader.java:637) ~[?:?]
	at java.lang.Class.forName(Class.java:545) ~[?:?]
	at net.minecraftforge.fml.loading.ImmediateWindowHandler$DummyProvider.lambda$updateModuleReads$1(ImmediateWindowHandler.java:145) ~[fmlloader-1.20.1-47.3.7.jar%2369!/:1.0]
	at java.util.Optional.map(Optional.java:260) ~[?:?]
	at net.minecraftforge.fml.loading.ImmediateWindowHandler$DummyProvider.updateModuleReads(ImmediateWindowHandler.java:145) ~[fmlloader-1.20.1-47.3.7.jar%2369!/:1.0]
	at net.minecraftforge.fml.loading.ImmediateWindowHandler.acceptGameLayer(ImmediateWindowHandler.java:71) ~[fmlloader-1.20.1-47.3.7.jar%2369!/:1.0]
	at net.minecraftforge.fml.loading.FMLLoader.beforeStart(FMLLoader.java:207) ~[fmlloader-1.20.1-47.3.7.jar%2369!/:1.0]
	at net.minecraftforge.fml.loading.targets.CommonLaunchHandler.launchService(CommonLaunchHandler.java:92) ~[fmlloader-1.20.1-47.3.7.jar%2369!/:?]
	at cpw.mods.modlauncher.LaunchServiceHandlerDecorator.launch(LaunchServiceHandlerDecorator.java:30) ~[modlauncher-10.0.9.jar%2355!/:?]
	at cpw.mods.modlauncher.LaunchServiceHandler.launch(LaunchServiceHandler.java:53) ~[modlauncher-10.0.9.jar%2355!/:?]
	at cpw.mods.modlauncher.LaunchServiceHandler.launch(LaunchServiceHandler.java:71) ~[modlauncher-10.0.9.jar%2355!/:?]
	at cpw.mods.modlauncher.Launcher.run(Launcher.java:108) ~[modlauncher-10.0.9.jar%2355!/:?]
	at cpw.mods.modlauncher.Launcher.main(Launcher.java:78) ~[modlauncher-10.0.9.jar%2355!/:?]
	at cpw.mods.modlauncher.BootstrapLaunchConsumer.accept(BootstrapLaunchConsumer.java:26) ~[modlauncher-10.0.9.jar%2355!/:?]
	at cpw.mods.modlauncher.BootstrapLaunchConsumer.accept(BootstrapLaunchConsumer.java:23) ~[modlauncher-10.0.9.jar%2355!/:?]
	at cpw.mods.bootstraplauncher.BootstrapLauncher.main(BootstrapLauncher.java:141) ~[bootstraplauncher-1.1.2.jar:?]
[22Mar2025 23:14:39.190] [main/DEBUG] [Ksyxis/KsyxisPlugin/]: Ksyxis: Bytecode provider threw an exception, mixin WON'T be applied. (provider: org.spongepowered.asm.launch.MixinLaunchPlugin@35b17c06, plugin: Ksyxis/KsyxisPlugin{provider=org.spongepowered.asm.launch.MixinLaunchPlugin@35b17c06}, targetClassName: net.minecraft.world.server.ServerWorld, mixinClassName: ru.vidtu.ksyxis.mixins.ServerLevelMixin)
java.lang.ClassNotFoundException: net.minecraft.world.server.ServerWorld
	at cpw.mods.cl.ModuleClassLoader.getMaybeTransformedClassBytes(ModuleClassLoader.java:252) ~[securejarhandler-2.1.10.jar:?]
	at cpw.mods.modlauncher.TransformingClassLoader.buildTransformedClassNodeFor(TransformingClassLoader.java:58) ~[modlauncher-10.0.9.jar%2355!/:?]
	at cpw.mods.modlauncher.LaunchPluginHandler.lambda$announceLaunch$10(LaunchPluginHandler.java:100) ~[modlauncher-10.0.9.jar%2355!/:?]
	at org.spongepowered.asm.launch.MixinLaunchPluginLegacy.getClassNode(MixinLaunchPluginLegacy.java:222) ~[mixin-0.8.5.jar%2365!/:0.8.5+Jenkins-b310.git-155314e6e91465dad727e621a569906a410cd6f4]
	at org.spongepowered.asm.launch.MixinLaunchPluginLegacy.getClassNode(MixinLaunchPluginLegacy.java:207) ~[mixin-0.8.5.jar%2365!/:0.8.5+Jenkins-b310.git-155314e6e91465dad727e621a569906a410cd6f4]
	at ru.vidtu.ksyxis.KsyxisPlugin.shouldApplyMixin(KsyxisPlugin.java:107) ~[Ksyxis-1.3.3.jar%23167!/:1.3.3]
	at org.spongepowered.asm.mixin.transformer.PluginHandle.shouldApplyMixin(PluginHandle.java:132) ~[mixin-0.8.5.jar%2365!/:0.8.5+Jenkins-b310.git-155314e6e91465dad727e621a569906a410cd6f4]
	at org.spongepowered.asm.mixin.transformer.MixinInfo.shouldApplyMixin(MixinInfo.java:987) ~[mixin-0.8.5.jar%2365!/:0.8.5+Jenkins-b310.git-155314e6e91465dad727e621a569906a410cd6f4]
	at org.spongepowered.asm.mixin.transformer.MixinInfo.readDeclaredTargets(MixinInfo.java:952) ~[mixin-0.8.5.jar%2365!/:0.8.5+Jenkins-b310.git-155314e6e91465dad727e621a569906a410cd6f4]
	at org.spongepowered.asm.mixin.transformer.MixinInfo.<init>(MixinInfo.java:881) ~[mixin-0.8.5.jar%2365!/:0.8.5+Jenkins-b310.git-155314e6e91465dad727e621a569906a410cd6f4]
	at org.spongepowered.asm.mixin.transformer.MixinConfig.prepareMixins(MixinConfig.java:850) ~[mixin-0.8.5.jar%2365!/:0.8.5+Jenkins-b310.git-155314e6e91465dad727e621a569906a410cd6f4]
	at org.spongepowered.asm.mixin.transformer.MixinConfig.prepare(MixinConfig.java:775) ~[mixin-0.8.5.jar%2365!/:0.8.5+Jenkins-b310.git-155314e6e91465dad727e621a569906a410cd6f4]
	at org.spongepowered.asm.mixin.transformer.MixinProcessor.prepareConfigs(MixinProcessor.java:539) ~[mixin-0.8.5.jar%2365!/:0.8.5+Jenkins-b310.git-155314e6e91465dad727e621a569906a410cd6f4]
	at org.spongepowered.asm.mixin.transformer.MixinProcessor.select(MixinProcessor.java:462) ~[mixin-0.8.5.jar%2365!/:0.8.5+Jenkins-b310.git-155314e6e91465dad727e621a569906a410cd6f4]
	at org.spongepowered.asm.mixin.transformer.MixinProcessor.checkSelect(MixinProcessor.java:438) ~[mixin-0.8.5.jar%2365!/:0.8.5+Jenkins-b310.git-155314e6e91465dad727e621a569906a410cd6f4]
	at org.spongepowered.asm.mixin.transformer.MixinProcessor.applyMixins(MixinProcessor.java:290) ~[mixin-0.8.5.jar%2365!/:0.8.5+Jenkins-b310.git-155314e6e91465dad727e621a569906a410cd6f4]
	at org.spongepowered.asm.mixin.transformer.MixinTransformer.transformClass(MixinTransformer.java:250) ~[mixin-0.8.5.jar%2365!/:0.8.5+Jenkins-b310.git-155314e6e91465dad727e621a569906a410cd6f4]
	at org.spongepowered.asm.service.modlauncher.MixinTransformationHandler.processClass(MixinTransformationHandler.java:131) ~[mixin-0.8.5.jar%2365!/:0.8.5+Jenkins-b310.git-155314e6e91465dad727e621a569906a410cd6f4]
	at org.spongepowered.asm.launch.MixinLaunchPluginLegacy.processClass(MixinLaunchPluginLegacy.java:131) ~[mixin-0.8.5.jar%2365!/:0.8.5+Jenkins-b310.git-155314e6e91465dad727e621a569906a410cd6f4]
	at cpw.mods.modlauncher.serviceapi.ILaunchPluginService.processClassWithFlags(ILaunchPluginService.java:156) ~[modlauncher-10.0.9.jar%2355!/:10.0.9+10.0.9+main.dcd20f30]
	at cpw.mods.modlauncher.LaunchPluginHandler.offerClassNodeToPlugins(LaunchPluginHandler.java:88) ~[modlauncher-10.0.9.jar%2355!/:?]
	at cpw.mods.modlauncher.ClassTransformer.transform(ClassTransformer.java:120) ~[modlauncher-10.0.9.jar%2355!/:?]
	at cpw.mods.modlauncher.TransformingClassLoader.maybeTransformClassBytes(TransformingClassLoader.java:50) ~[modlauncher-10.0.9.jar%2355!/:?]
	at cpw.mods.cl.ModuleClassLoader.readerToClass(ModuleClassLoader.java:113) ~[securejarhandler-2.1.10.jar:?]
	at cpw.mods.cl.ModuleClassLoader.lambda$findClass$15(ModuleClassLoader.java:219) ~[securejarhandler-2.1.10.jar:?]
	at cpw.mods.cl.ModuleClassLoader.loadFromModule(ModuleClassLoader.java:229) ~[securejarhandler-2.1.10.jar:?]
	at cpw.mods.cl.ModuleClassLoader.findClass(ModuleClassLoader.java:219) ~[securejarhandler-2.1.10.jar:?]
	at java.lang.ClassLoader.loadClass(ClassLoader.java:637) ~[?:?]
	at java.lang.Class.forName(Class.java:545) ~[?:?]
	at net.minecraftforge.fml.loading.ImmediateWindowHandler$DummyProvider.lambda$updateModuleReads$1(ImmediateWindowHandler.java:145) ~[fmlloader-1.20.1-47.3.7.jar%2369!/:1.0]
	at java.util.Optional.map(Optional.java:260) ~[?:?]
	at net.minecraftforge.fml.loading.ImmediateWindowHandler$DummyProvider.updateModuleReads(ImmediateWindowHandler.java:145) ~[fmlloader-1.20.1-47.3.7.jar%2369!/:1.0]
	at net.minecraftforge.fml.loading.ImmediateWindowHandler.acceptGameLayer(ImmediateWindowHandler.java:71) ~[fmlloader-1.20.1-47.3.7.jar%2369!/:1.0]
	at net.minecraftforge.fml.loading.FMLLoader.beforeStart(FMLLoader.java:207) ~[fmlloader-1.20.1-47.3.7.jar%2369!/:1.0]
	at net.minecraftforge.fml.loading.targets.CommonLaunchHandler.launchService(CommonLaunchHandler.java:92) ~[fmlloader-1.20.1-47.3.7.jar%2369!/:?]
	at cpw.mods.modlauncher.LaunchServiceHandlerDecorator.launch(LaunchServiceHandlerDecorator.java:30) ~[modlauncher-10.0.9.jar%2355!/:?]
	at cpw.mods.modlauncher.LaunchServiceHandler.launch(LaunchServiceHandler.java:53) ~[modlauncher-10.0.9.jar%2355!/:?]
	at cpw.mods.modlauncher.LaunchServiceHandler.launch(LaunchServiceHandler.java:71) ~[modlauncher-10.0.9.jar%2355!/:?]
	at cpw.mods.modlauncher.Launcher.run(Launcher.java:108) ~[modlauncher-10.0.9.jar%2355!/:?]
	at cpw.mods.modlauncher.Launcher.main(Launcher.java:78) ~[modlauncher-10.0.9.jar%2355!/:?]
	at cpw.mods.modlauncher.BootstrapLaunchConsumer.accept(BootstrapLaunchConsumer.java:26) ~[modlauncher-10.0.9.jar%2355!/:?]
	at cpw.mods.modlauncher.BootstrapLaunchConsumer.accept(BootstrapLaunchConsumer.java:23) ~[modlauncher-10.0.9.jar%2355!/:?]
	at cpw.mods.bootstraplauncher.BootstrapLauncher.main(BootstrapLauncher.java:141) ~[bootstraplauncher-1.1.2.jar:?]
[22Mar2025 23:14:39.191] [main/DEBUG] [Ksyxis/KsyxisPlugin/]: Ksyxis: Bytecode provider threw an exception, mixin WON'T be applied. (provider: org.spongepowered.asm.launch.MixinLaunchPlugin@35b17c06, plugin: Ksyxis/KsyxisPlugin{provider=org.spongepowered.asm.launch.MixinLaunchPlugin@35b17c06}, targetClassName: net.minecraft.class_3218, mixinClassName: ru.vidtu.ksyxis.mixins.ServerLevelMixin)
java.lang.ClassNotFoundException: net.minecraft.class_3218
	at cpw.mods.cl.ModuleClassLoader.getMaybeTransformedClassBytes(ModuleClassLoader.java:252) ~[securejarhandler-2.1.10.jar:?]
	at cpw.mods.modlauncher.TransformingClassLoader.buildTransformedClassNodeFor(TransformingClassLoader.java:58) ~[modlauncher-10.0.9.jar%2355!/:?]
	at cpw.mods.modlauncher.LaunchPluginHandler.lambda$announceLaunch$10(LaunchPluginHandler.java:100) ~[modlauncher-10.0.9.jar%2355!/:?]
	at org.spongepowered.asm.launch.MixinLaunchPluginLegacy.getClassNode(MixinLaunchPluginLegacy.java:222) ~[mixin-0.8.5.jar%2365!/:0.8.5+Jenkins-b310.git-155314e6e91465dad727e621a569906a410cd6f4]
	at org.spongepowered.asm.launch.MixinLaunchPluginLegacy.getClassNode(MixinLaunchPluginLegacy.java:207) ~[mixin-0.8.5.jar%2365!/:0.8.5+Jenkins-b310.git-155314e6e91465dad727e621a569906a410cd6f4]
	at ru.vidtu.ksyxis.KsyxisPlugin.shouldApplyMixin(KsyxisPlugin.java:107) ~[Ksyxis-1.3.3.jar%23167!/:1.3.3]
	at org.spongepowered.asm.mixin.transformer.PluginHandle.shouldApplyMixin(PluginHandle.java:132) ~[mixin-0.8.5.jar%2365!/:0.8.5+Jenkins-b310.git-155314e6e91465dad727e621a569906a410cd6f4]
	at org.spongepowered.asm.mixin.transformer.MixinInfo.shouldApplyMixin(MixinInfo.java:987) ~[mixin-0.8.5.jar%2365!/:0.8.5+Jenkins-b310.git-155314e6e91465dad727e621a569906a410cd6f4]
	at org.spongepowered.asm.mixin.transformer.MixinInfo.readDeclaredTargets(MixinInfo.java:952) ~[mixin-0.8.5.jar%2365!/:0.8.5+Jenkins-b310.git-155314e6e91465dad727e621a569906a410cd6f4]
	at org.spongepowered.asm.mixin.transformer.MixinInfo.<init>(MixinInfo.java:881) ~[mixin-0.8.5.jar%2365!/:0.8.5+Jenkins-b310.git-155314e6e91465dad727e621a569906a410cd6f4]
	at org.spongepowered.asm.mixin.transformer.MixinConfig.prepareMixins(MixinConfig.java:850) ~[mixin-0.8.5.jar%2365!/:0.8.5+Jenkins-b310.git-155314e6e91465dad727e621a569906a410cd6f4]
	at org.spongepowered.asm.mixin.transformer.MixinConfig.prepare(MixinConfig.java:775) ~[mixin-0.8.5.jar%2365!/:0.8.5+Jenkins-b310.git-155314e6e91465dad727e621a569906a410cd6f4]
	at org.spongepowered.asm.mixin.transformer.MixinProcessor.prepareConfigs(MixinProcessor.java:539) ~[mixin-0.8.5.jar%2365!/:0.8.5+Jenkins-b310.git-155314e6e91465dad727e621a569906a410cd6f4]
	at org.spongepowered.asm.mixin.transformer.MixinProcessor.select(MixinProcessor.java:462) ~[mixin-0.8.5.jar%2365!/:0.8.5+Jenkins-b310.git-155314e6e91465dad727e621a569906a410cd6f4]
	at org.spongepowered.asm.mixin.transformer.MixinProcessor.checkSelect(MixinProcessor.java:438) ~[mixin-0.8.5.jar%2365!/:0.8.5+Jenkins-b310.git-155314e6e91465dad727e621a569906a410cd6f4]
	at org.spongepowered.asm.mixin.transformer.MixinProcessor.applyMixins(MixinProcessor.java:290) ~[mixin-0.8.5.jar%2365!/:0.8.5+Jenkins-b310.git-155314e6e91465dad727e621a569906a410cd6f4]
	at org.spongepowered.asm.mixin.transformer.MixinTransformer.transformClass(MixinTransformer.java:250) ~[mixin-0.8.5.jar%2365!/:0.8.5+Jenkins-b310.git-155314e6e91465dad727e621a569906a410cd6f4]
	at org.spongepowered.asm.service.modlauncher.MixinTransformationHandler.processClass(MixinTransformationHandler.java:131) ~[mixin-0.8.5.jar%2365!/:0.8.5+Jenkins-b310.git-155314e6e91465dad727e621a569906a410cd6f4]
	at org.spongepowered.asm.launch.MixinLaunchPluginLegacy.processClass(MixinLaunchPluginLegacy.java:131) ~[mixin-0.8.5.jar%2365!/:0.8.5+Jenkins-b310.git-155314e6e91465dad727e621a569906a410cd6f4]
	at cpw.mods.modlauncher.serviceapi.ILaunchPluginService.processClassWithFlags(ILaunchPluginService.java:156) ~[modlauncher-10.0.9.jar%2355!/:10.0.9+10.0.9+main.dcd20f30]
	at cpw.mods.modlauncher.LaunchPluginHandler.offerClassNodeToPlugins(LaunchPluginHandler.java:88) ~[modlauncher-10.0.9.jar%2355!/:?]
	at cpw.mods.modlauncher.ClassTransformer.transform(ClassTransformer.java:120) ~[modlauncher-10.0.9.jar%2355!/:?]
	at cpw.mods.modlauncher.TransformingClassLoader.maybeTransformClassBytes(TransformingClassLoader.java:50) ~[modlauncher-10.0.9.jar%2355!/:?]
	at cpw.mods.cl.ModuleClassLoader.readerToClass(ModuleClassLoader.java:113) ~[securejarhandler-2.1.10.jar:?]
	at cpw.mods.cl.ModuleClassLoader.lambda$findClass$15(ModuleClassLoader.java:219) ~[securejarhandler-2.1.10.jar:?]
	at cpw.mods.cl.ModuleClassLoader.loadFromModule(ModuleClassLoader.java:229) ~[securejarhandler-2.1.10.jar:?]
	at cpw.mods.cl.ModuleClassLoader.findClass(ModuleClassLoader.java:219) ~[securejarhandler-2.1.10.jar:?]
	at java.lang.ClassLoader.loadClass(ClassLoader.java:637) ~[?:?]
	at java.lang.Class.forName(Class.java:545) ~[?:?]
	at net.minecraftforge.fml.loading.ImmediateWindowHandler$DummyProvider.lambda$updateModuleReads$1(ImmediateWindowHandler.java:145) ~[fmlloader-1.20.1-47.3.7.jar%2369!/:1.0]
	at java.util.Optional.map(Optional.java:260) ~[?:?]
	at net.minecraftforge.fml.loading.ImmediateWindowHandler$DummyProvider.updateModuleReads(ImmediateWindowHandler.java:145) ~[fmlloader-1.20.1-47.3.7.jar%2369!/:1.0]
	at net.minecraftforge.fml.loading.ImmediateWindowHandler.acceptGameLayer(ImmediateWindowHandler.java:71) ~[fmlloader-1.20.1-47.3.7.jar%2369!/:1.0]
	at net.minecraftforge.fml.loading.FMLLoader.beforeStart(FMLLoader.java:207) ~[fmlloader-1.20.1-47.3.7.jar%2369!/:1.0]
	at net.minecraftforge.fml.loading.targets.CommonLaunchHandler.launchService(CommonLaunchHandler.java:92) ~[fmlloader-1.20.1-47.3.7.jar%2369!/:?]
	at cpw.mods.modlauncher.LaunchServiceHandlerDecorator.launch(LaunchServiceHandlerDecorator.java:30) ~[modlauncher-10.0.9.jar%2355!/:?]
	at cpw.mods.modlauncher.LaunchServiceHandler.launch(LaunchServiceHandler.java:53) ~[modlauncher-10.0.9.jar%2355!/:?]
	at cpw.mods.modlauncher.LaunchServiceHandler.launch(LaunchServiceHandler.java:71) ~[modlauncher-10.0.9.jar%2355!/:?]
	at cpw.mods.modlauncher.Launcher.run(Launcher.java:108) ~[modlauncher-10.0.9.jar%2355!/:?]
	at cpw.mods.modlauncher.Launcher.main(Launcher.java:78) ~[modlauncher-10.0.9.jar%2355!/:?]
	at cpw.mods.modlauncher.BootstrapLaunchConsumer.accept(BootstrapLaunchConsumer.java:26) ~[modlauncher-10.0.9.jar%2355!/:?]
	at cpw.mods.modlauncher.BootstrapLaunchConsumer.accept(BootstrapLaunchConsumer.java:23) ~[modlauncher-10.0.9.jar%2355!/:?]
	at cpw.mods.bootstraplauncher.BootstrapLauncher.main(BootstrapLauncher.java:141) ~[bootstraplauncher-1.1.2.jar:?]
[22Mar2025 23:14:39.194] [main/DEBUG] [Ksyxis/KsyxisPlugin/]: Ksyxis: Bytecode provider threw an exception, mixin WON'T be applied. (provider: org.spongepowered.asm.launch.MixinLaunchPlugin@35b17c06, plugin: Ksyxis/KsyxisPlugin{provider=org.spongepowered.asm.launch.MixinLaunchPlugin@35b17c06}, targetClassName: net.minecraft.src.C_12_, mixinClassName: ru.vidtu.ksyxis.mixins.ServerLevelMixin)
java.lang.ClassNotFoundException: net.minecraft.src.C_12_
	at cpw.mods.cl.ModuleClassLoader.getMaybeTransformedClassBytes(ModuleClassLoader.java:252) ~[securejarhandler-2.1.10.jar:?]
	at cpw.mods.modlauncher.TransformingClassLoader.buildTransformedClassNodeFor(TransformingClassLoader.java:58) ~[modlauncher-10.0.9.jar%2355!/:?]
	at cpw.mods.modlauncher.LaunchPluginHandler.lambda$announceLaunch$10(LaunchPluginHandler.java:100) ~[modlauncher-10.0.9.jar%2355!/:?]
	at org.spongepowered.asm.launch.MixinLaunchPluginLegacy.getClassNode(MixinLaunchPluginLegacy.java:222) ~[mixin-0.8.5.jar%2365!/:0.8.5+Jenkins-b310.git-155314e6e91465dad727e621a569906a410cd6f4]
	at org.spongepowered.asm.launch.MixinLaunchPluginLegacy.getClassNode(MixinLaunchPluginLegacy.java:207) ~[mixin-0.8.5.jar%2365!/:0.8.5+Jenkins-b310.git-155314e6e91465dad727e621a569906a410cd6f4]
	at ru.vidtu.ksyxis.KsyxisPlugin.shouldApplyMixin(KsyxisPlugin.java:107) ~[Ksyxis-1.3.3.jar%23167!/:1.3.3]
	at org.spongepowered.asm.mixin.transformer.PluginHandle.shouldApplyMixin(PluginHandle.java:132) ~[mixin-0.8.5.jar%2365!/:0.8.5+Jenkins-b310.git-155314e6e91465dad727e621a569906a410cd6f4]
	at org.spongepowered.asm.mixin.transformer.MixinInfo.shouldApplyMixin(MixinInfo.java:987) ~[mixin-0.8.5.jar%2365!/:0.8.5+Jenkins-b310.git-155314e6e91465dad727e621a569906a410cd6f4]
	at org.spongepowered.asm.mixin.transformer.MixinInfo.readDeclaredTargets(MixinInfo.java:952) ~[mixin-0.8.5.jar%2365!/:0.8.5+Jenkins-b310.git-155314e6e91465dad727e621a569906a410cd6f4]
	at org.spongepowered.asm.mixin.transformer.MixinInfo.<init>(MixinInfo.java:881) ~[mixin-0.8.5.jar%2365!/:0.8.5+Jenkins-b310.git-155314e6e91465dad727e621a569906a410cd6f4]
	at org.spongepowered.asm.mixin.transformer.MixinConfig.prepareMixins(MixinConfig.java:850) ~[mixin-0.8.5.jar%2365!/:0.8.5+Jenkins-b310.git-155314e6e91465dad727e621a569906a410cd6f4]
	at org.spongepowered.asm.mixin.transformer.MixinConfig.prepare(MixinConfig.java:775) ~[mixin-0.8.5.jar%2365!/:0.8.5+Jenkins-b310.git-155314e6e91465dad727e621a569906a410cd6f4]
	at org.spongepowered.asm.mixin.transformer.MixinProcessor.prepareConfigs(MixinProcessor.java:539) ~[mixin-0.8.5.jar%2365!/:0.8.5+Jenkins-b310.git-155314e6e91465dad727e621a569906a410cd6f4]
	at org.spongepowered.asm.mixin.transformer.MixinProcessor.select(MixinProcessor.java:462) ~[mixin-0.8.5.jar%2365!/:0.8.5+Jenkins-b310.git-155314e6e91465dad727e621a569906a410cd6f4]
	at org.spongepowered.asm.mixin.transformer.MixinProcessor.checkSelect(MixinProcessor.java:438) ~[mixin-0.8.5.jar%2365!/:0.8.5+Jenkins-b310.git-155314e6e91465dad727e621a569906a410cd6f4]
	at org.spongepowered.asm.mixin.transformer.MixinProcessor.applyMixins(MixinProcessor.java:290) ~[mixin-0.8.5.jar%2365!/:0.8.5+Jenkins-b310.git-155314e6e91465dad727e621a569906a410cd6f4]
	at org.spongepowered.asm.mixin.transformer.MixinTransformer.transformClass(MixinTransformer.java:250) ~[mixin-0.8.5.jar%2365!/:0.8.5+Jenkins-b310.git-155314e6e91465dad727e621a569906a410cd6f4]
	at org.spongepowered.asm.service.modlauncher.MixinTransformationHandler.processClass(MixinTransformationHandler.java:131) ~[mixin-0.8.5.jar%2365!/:0.8.5+Jenkins-b310.git-155314e6e91465dad727e621a569906a410cd6f4]
	at org.spongepowered.asm.launch.MixinLaunchPluginLegacy.processClass(MixinLaunchPluginLegacy.java:131) ~[mixin-0.8.5.jar%2365!/:0.8.5+Jenkins-b310.git-155314e6e91465dad727e621a569906a410cd6f4]
	at cpw.mods.modlauncher.serviceapi.ILaunchPluginService.processClassWithFlags(ILaunchPluginService.java:156) ~[modlauncher-10.0.9.jar%2355!/:10.0.9+10.0.9+main.dcd20f30]
	at cpw.mods.modlauncher.LaunchPluginHandler.offerClassNodeToPlugins(LaunchPluginHandler.java:88) ~[modlauncher-10.0.9.jar%2355!/:?]
	at cpw.mods.modlauncher.ClassTransformer.transform(ClassTransformer.java:120) ~[modlauncher-10.0.9.jar%2355!/:?]
	at cpw.mods.modlauncher.TransformingClassLoader.maybeTransformClassBytes(TransformingClassLoader.java:50) ~[modlauncher-10.0.9.jar%2355!/:?]
	at cpw.mods.cl.ModuleClassLoader.readerToClass(ModuleClassLoader.java:113) ~[securejarhandler-2.1.10.jar:?]
	at cpw.mods.cl.ModuleClassLoader.lambda$findClass$15(ModuleClassLoader.java:219) ~[securejarhandler-2.1.10.jar:?]
	at cpw.mods.cl.ModuleClassLoader.loadFromModule(ModuleClassLoader.java:229) ~[securejarhandler-2.1.10.jar:?]
	at cpw.mods.cl.ModuleClassLoader.findClass(ModuleClassLoader.java:219) ~[securejarhandler-2.1.10.jar:?]
	at java.lang.ClassLoader.loadClass(ClassLoader.java:637) ~[?:?]
	at java.lang.Class.forName(Class.java:545) ~[?:?]
	at net.minecraftforge.fml.loading.ImmediateWindowHandler$DummyProvider.lambda$updateModuleReads$1(ImmediateWindowHandler.java:145) ~[fmlloader-1.20.1-47.3.7.jar%2369!/:1.0]
	at java.util.Optional.map(Optional.java:260) ~[?:?]
	at net.minecraftforge.fml.loading.ImmediateWindowHandler$DummyProvider.updateModuleReads(ImmediateWindowHandler.java:145) ~[fmlloader-1.20.1-47.3.7.jar%2369!/:1.0]
	at net.minecraftforge.fml.loading.ImmediateWindowHandler.acceptGameLayer(ImmediateWindowHandler.java:71) ~[fmlloader-1.20.1-47.3.7.jar%2369!/:1.0]
	at net.minecraftforge.fml.loading.FMLLoader.beforeStart(FMLLoader.java:207) ~[fmlloader-1.20.1-47.3.7.jar%2369!/:1.0]
	at net.minecraftforge.fml.loading.targets.CommonLaunchHandler.launchService(CommonLaunchHandler.java:92) ~[fmlloader-1.20.1-47.3.7.jar%2369!/:?]
	at cpw.mods.modlauncher.LaunchServiceHandlerDecorator.launch(LaunchServiceHandlerDecorator.java:30) ~[modlauncher-10.0.9.jar%2355!/:?]
	at cpw.mods.modlauncher.LaunchServiceHandler.launch(LaunchServiceHandler.java:53) ~[modlauncher-10.0.9.jar%2355!/:?]
	at cpw.mods.modlauncher.LaunchServiceHandler.launch(LaunchServiceHandler.java:71) ~[modlauncher-10.0.9.jar%2355!/:?]
	at cpw.mods.modlauncher.Launcher.run(Launcher.java:108) ~[modlauncher-10.0.9.jar%2355!/:?]
	at cpw.mods.modlauncher.Launcher.main(Launcher.java:78) ~[modlauncher-10.0.9.jar%2355!/:?]
	at cpw.mods.modlauncher.BootstrapLaunchConsumer.accept(BootstrapLaunchConsumer.java:26) ~[modlauncher-10.0.9.jar%2355!/:?]
	at cpw.mods.modlauncher.BootstrapLaunchConsumer.accept(BootstrapLaunchConsumer.java:23) ~[modlauncher-10.0.9.jar%2355!/:?]
	at cpw.mods.bootstraplauncher.BootstrapLauncher.main(BootstrapLauncher.java:141) ~[bootstraplauncher-1.1.2.jar:?]
[22Mar2025 23:14:39.196] [main/DEBUG] [Ksyxis/KsyxisPlugin/]: Ksyxis: Bytecode provider threw an exception, mixin WON'T be applied. (provider: org.spongepowered.asm.launch.MixinLaunchPlugin@35b17c06, plugin: Ksyxis/KsyxisPlugin{provider=org.spongepowered.asm.launch.MixinLaunchPlugin@35b17c06}, targetClassName: net.minecraft.unmapped.C_bdwnwhiu, mixinClassName: ru.vidtu.ksyxis.mixins.ServerLevelMixin)
java.lang.ClassNotFoundException: net.minecraft.unmapped.C_bdwnwhiu
	at cpw.mods.cl.ModuleClassLoader.getMaybeTransformedClassBytes(ModuleClassLoader.java:252) ~[securejarhandler-2.1.10.jar:?]
	at cpw.mods.modlauncher.TransformingClassLoader.buildTransformedClassNodeFor(TransformingClassLoader.java:58) ~[modlauncher-10.0.9.jar%2355!/:?]
	at cpw.mods.modlauncher.LaunchPluginHandler.lambda$announceLaunch$10(LaunchPluginHandler.java:100) ~[modlauncher-10.0.9.jar%2355!/:?]
	at org.spongepowered.asm.launch.MixinLaunchPluginLegacy.getClassNode(MixinLaunchPluginLegacy.java:222) ~[mixin-0.8.5.jar%2365!/:0.8.5+Jenkins-b310.git-155314e6e91465dad727e621a569906a410cd6f4]
	at org.spongepowered.asm.launch.MixinLaunchPluginLegacy.getClassNode(MixinLaunchPluginLegacy.java:207) ~[mixin-0.8.5.jar%2365!/:0.8.5+Jenkins-b310.git-155314e6e91465dad727e621a569906a410cd6f4]
	at ru.vidtu.ksyxis.KsyxisPlugin.shouldApplyMixin(KsyxisPlugin.java:107) ~[Ksyxis-1.3.3.jar%23167!/:1.3.3]
	at org.spongepowered.asm.mixin.transformer.PluginHandle.shouldApplyMixin(PluginHandle.java:132) ~[mixin-0.8.5.jar%2365!/:0.8.5+Jenkins-b310.git-155314e6e91465dad727e621a569906a410cd6f4]
	at org.spongepowered.asm.mixin.transformer.MixinInfo.shouldApplyMixin(MixinInfo.java:987) ~[mixin-0.8.5.jar%2365!/:0.8.5+Jenkins-b310.git-155314e6e91465dad727e621a569906a410cd6f4]
	at org.spongepowered.asm.mixin.transformer.MixinInfo.readDeclaredTargets(MixinInfo.java:952) ~[mixin-0.8.5.jar%2365!/:0.8.5+Jenkins-b310.git-155314e6e91465dad727e621a569906a410cd6f4]
	at org.spongepowered.asm.mixin.transformer.MixinInfo.<init>(MixinInfo.java:881) ~[mixin-0.8.5.jar%2365!/:0.8.5+Jenkins-b310.git-155314e6e91465dad727e621a569906a410cd6f4]
	at org.spongepowered.asm.mixin.transformer.MixinConfig.prepareMixins(MixinConfig.java:850) ~[mixin-0.8.5.jar%2365!/:0.8.5+Jenkins-b310.git-155314e6e91465dad727e621a569906a410cd6f4]
	at org.spongepowered.asm.mixin.transformer.MixinConfig.prepare(MixinConfig.java:775) ~[mixin-0.8.5.jar%2365!/:0.8.5+Jenkins-b310.git-155314e6e91465dad727e621a569906a410cd6f4]
	at org.spongepowered.asm.mixin.transformer.MixinProcessor.prepareConfigs(MixinProcessor.java:539) ~[mixin-0.8.5.jar%2365!/:0.8.5+Jenkins-b310.git-155314e6e91465dad727e621a569906a410cd6f4]
	at org.spongepowered.asm.mixin.transformer.MixinProcessor.select(MixinProcessor.java:462) ~[mixin-0.8.5.jar%2365!/:0.8.5+Jenkins-b310.git-155314e6e91465dad727e621a569906a410cd6f4]
	at org.spongepowered.asm.mixin.transformer.MixinProcessor.checkSelect(MixinProcessor.java:438) ~[mixin-0.8.5.jar%2365!/:0.8.5+Jenkins-b310.git-155314e6e91465dad727e621a569906a410cd6f4]
	at org.spongepowered.asm.mixin.transformer.MixinProcessor.applyMixins(MixinProcessor.java:290) ~[mixin-0.8.5.jar%2365!/:0.8.5+Jenkins-b310.git-155314e6e91465dad727e621a569906a410cd6f4]
	at org.spongepowered.asm.mixin.transformer.MixinTransformer.transformClass(MixinTransformer.java:250) ~[mixin-0.8.5.jar%2365!/:0.8.5+Jenkins-b310.git-155314e6e91465dad727e621a569906a410cd6f4]
	at org.spongepowered.asm.service.modlauncher.MixinTransformationHandler.processClass(MixinTransformationHandler.java:131) ~[mixin-0.8.5.jar%2365!/:0.8.5+Jenkins-b310.git-155314e6e91465dad727e621a569906a410cd6f4]
	at org.spongepowered.asm.launch.MixinLaunchPluginLegacy.processClass(MixinLaunchPluginLegacy.java:131) ~[mixin-0.8.5.jar%2365!/:0.8.5+Jenkins-b310.git-155314e6e91465dad727e621a569906a410cd6f4]
	at cpw.mods.modlauncher.serviceapi.ILaunchPluginService.processClassWithFlags(ILaunchPluginService.java:156) ~[modlauncher-10.0.9.jar%2355!/:10.0.9+10.0.9+main.dcd20f30]
	at cpw.mods.modlauncher.LaunchPluginHandler.offerClassNodeToPlugins(LaunchPluginHandler.java:88) ~[modlauncher-10.0.9.jar%2355!/:?]
	at cpw.mods.modlauncher.ClassTransformer.transform(ClassTransformer.java:120) ~[modlauncher-10.0.9.jar%2355!/:?]
	at cpw.mods.modlauncher.TransformingClassLoader.maybeTransformClassBytes(TransformingClassLoader.java:50) ~[modlauncher-10.0.9.jar%2355!/:?]
	at cpw.mods.cl.ModuleClassLoader.readerToClass(ModuleClassLoader.java:113) ~[securejarhandler-2.1.10.jar:?]
	at cpw.mods.cl.ModuleClassLoader.lambda$findClass$15(ModuleClassLoader.java:219) ~[securejarhandler-2.1.10.jar:?]
	at cpw.mods.cl.ModuleClassLoader.loadFromModule(ModuleClassLoader.java:229) ~[securejarhandler-2.1.10.jar:?]
	at cpw.mods.cl.ModuleClassLoader.findClass(ModuleClassLoader.java:219) ~[securejarhandler-2.1.10.jar:?]
	at java.lang.ClassLoader.loadClass(ClassLoader.java:637) ~[?:?]
	at java.lang.Class.forName(Class.java:545) ~[?:?]
	at net.minecraftforge.fml.loading.ImmediateWindowHandler$DummyProvider.lambda$updateModuleReads$1(ImmediateWindowHandler.java:145) ~[fmlloader-1.20.1-47.3.7.jar%2369!/:1.0]
	at java.util.Optional.map(Optional.java:260) ~[?:?]
	at net.minecraftforge.fml.loading.ImmediateWindowHandler$DummyProvider.updateModuleReads(ImmediateWindowHandler.java:145) ~[fmlloader-1.20.1-47.3.7.jar%2369!/:1.0]
	at net.minecraftforge.fml.loading.ImmediateWindowHandler.acceptGameLayer(ImmediateWindowHandler.java:71) ~[fmlloader-1.20.1-47.3.7.jar%2369!/:1.0]
	at net.minecraftforge.fml.loading.FMLLoader.beforeStart(FMLLoader.java:207) ~[fmlloader-1.20.1-47.3.7.jar%2369!/:1.0]
	at net.minecraftforge.fml.loading.targets.CommonLaunchHandler.launchService(CommonLaunchHandler.java:92) ~[fmlloader-1.20.1-47.3.7.jar%2369!/:?]
	at cpw.mods.modlauncher.LaunchServiceHandlerDecorator.launch(LaunchServiceHandlerDecorator.java:30) ~[modlauncher-10.0.9.jar%2355!/:?]
	at cpw.mods.modlauncher.LaunchServiceHandler.launch(LaunchServiceHandler.java:53) ~[modlauncher-10.0.9.jar%2355!/:?]
	at cpw.mods.modlauncher.LaunchServiceHandler.launch(LaunchServiceHandler.java:71) ~[modlauncher-10.0.9.jar%2355!/:?]
	at cpw.mods.modlauncher.Launcher.run(Launcher.java:108) ~[modlauncher-10.0.9.jar%2355!/:?]
	at cpw.mods.modlauncher.Launcher.main(Launcher.java:78) ~[modlauncher-10.0.9.jar%2355!/:?]
	at cpw.mods.modlauncher.BootstrapLaunchConsumer.accept(BootstrapLaunchConsumer.java:26) ~[modlauncher-10.0.9.jar%2355!/:?]
	at cpw.mods.modlauncher.BootstrapLaunchConsumer.accept(BootstrapLaunchConsumer.java:23) ~[modlauncher-10.0.9.jar%2355!/:?]
	at cpw.mods.bootstraplauncher.BootstrapLauncher.main(BootstrapLauncher.java:141) ~[bootstraplauncher-1.1.2.jar:?]
[22Mar2025 23:14:39.201] [main/DEBUG] [Ksyxis/KsyxisPlugin/]: Ksyxis: Bytecode provider threw an exception, mixin WON'T be applied. (provider: org.spongepowered.asm.launch.MixinLaunchPlugin@35b17c06, plugin: Ksyxis/KsyxisPlugin{provider=org.spongepowered.asm.launch.MixinLaunchPlugin@35b17c06}, targetClassName: net.minecraft.unmapped.C_3865296, mixinClassName: ru.vidtu.ksyxis.mixins.ServerLevelMixin)
java.lang.ClassNotFoundException: net.minecraft.unmapped.C_3865296
	at cpw.mods.cl.ModuleClassLoader.getMaybeTransformedClassBytes(ModuleClassLoader.java:252) ~[securejarhandler-2.1.10.jar:?]
	at cpw.mods.modlauncher.TransformingClassLoader.buildTransformedClassNodeFor(TransformingClassLoader.java:58) ~[modlauncher-10.0.9.jar%2355!/:?]
	at cpw.mods.modlauncher.LaunchPluginHandler.lambda$announceLaunch$10(LaunchPluginHandler.java:100) ~[modlauncher-10.0.9.jar%2355!/:?]
	at org.spongepowered.asm.launch.MixinLaunchPluginLegacy.getClassNode(MixinLaunchPluginLegacy.java:222) ~[mixin-0.8.5.jar%2365!/:0.8.5+Jenkins-b310.git-155314e6e91465dad727e621a569906a410cd6f4]
	at org.spongepowered.asm.launch.MixinLaunchPluginLegacy.getClassNode(MixinLaunchPluginLegacy.java:207) ~[mixin-0.8.5.jar%2365!/:0.8.5+Jenkins-b310.git-155314e6e91465dad727e621a569906a410cd6f4]
	at ru.vidtu.ksyxis.KsyxisPlugin.shouldApplyMixin(KsyxisPlugin.java:107) ~[Ksyxis-1.3.3.jar%23167!/:1.3.3]
	at org.spongepowered.asm.mixin.transformer.PluginHandle.shouldApplyMixin(PluginHandle.java:132) ~[mixin-0.8.5.jar%2365!/:0.8.5+Jenkins-b310.git-155314e6e91465dad727e621a569906a410cd6f4]
	at org.spongepowered.asm.mixin.transformer.MixinInfo.shouldApplyMixin(MixinInfo.java:987) ~[mixin-0.8.5.jar%2365!/:0.8.5+Jenkins-b310.git-155314e6e91465dad727e621a569906a410cd6f4]
	at org.spongepowered.asm.mixin.transformer.MixinInfo.readDeclaredTargets(MixinInfo.java:952) ~[mixin-0.8.5.jar%2365!/:0.8.5+Jenkins-b310.git-155314e6e91465dad727e621a569906a410cd6f4]
	at org.spongepowered.asm.mixin.transformer.MixinInfo.<init>(MixinInfo.java:881) ~[mixin-0.8.5.jar%2365!/:0.8.5+Jenkins-b310.git-155314e6e91465dad727e621a569906a410cd6f4]
	at org.spongepowered.asm.mixin.transformer.MixinConfig.prepareMixins(MixinConfig.java:850) ~[mixin-0.8.5.jar%2365!/:0.8.5+Jenkins-b310.git-155314e6e91465dad727e621a569906a410cd6f4]
	at org.spongepowered.asm.mixin.transformer.MixinConfig.prepare(MixinConfig.java:775) ~[mixin-0.8.5.jar%2365!/:0.8.5+Jenkins-b310.git-155314e6e91465dad727e621a569906a410cd6f4]
	at org.spongepowered.asm.mixin.transformer.MixinProcessor.prepareConfigs(MixinProcessor.java:539) ~[mixin-0.8.5.jar%2365!/:0.8.5+Jenkins-b310.git-155314e6e91465dad727e621a569906a410cd6f4]
	at org.spongepowered.asm.mixin.transformer.MixinProcessor.select(MixinProcessor.java:462) ~[mixin-0.8.5.jar%2365!/:0.8.5+Jenkins-b310.git-155314e6e91465dad727e621a569906a410cd6f4]
	at org.spongepowered.asm.mixin.transformer.MixinProcessor.checkSelect(MixinProcessor.java:438) ~[mixin-0.8.5.jar%2365!/:0.8.5+Jenkins-b310.git-155314e6e91465dad727e621a569906a410cd6f4]
	at org.spongepowered.asm.mixin.transformer.MixinProcessor.applyMixins(MixinProcessor.java:290) ~[mixin-0.8.5.jar%2365!/:0.8.5+Jenkins-b310.git-155314e6e91465dad727e621a569906a410cd6f4]
	at org.spongepowered.asm.mixin.transformer.MixinTransformer.transformClass(MixinTransformer.java:250) ~[mixin-0.8.5.jar%2365!/:0.8.5+Jenkins-b310.git-155314e6e91465dad727e621a569906a410cd6f4]
	at org.spongepowered.asm.service.modlauncher.MixinTransformationHandler.processClass(MixinTransformationHandler.java:131) ~[mixin-0.8.5.jar%2365!/:0.8.5+Jenkins-b310.git-155314e6e91465dad727e621a569906a410cd6f4]
	at org.spongepowered.asm.launch.MixinLaunchPluginLegacy.processClass(MixinLaunchPluginLegacy.java:131) ~[mixin-0.8.5.jar%2365!/:0.8.5+Jenkins-b310.git-155314e6e91465dad727e621a569906a410cd6f4]
	at cpw.mods.modlauncher.serviceapi.ILaunchPluginService.processClassWithFlags(ILaunchPluginService.java:156) ~[modlauncher-10.0.9.jar%2355!/:10.0.9+10.0.9+main.dcd20f30]
	at cpw.mods.modlauncher.LaunchPluginHandler.offerClassNodeToPlugins(LaunchPluginHandler.java:88) ~[modlauncher-10.0.9.jar%2355!/:?]
	at cpw.mods.modlauncher.ClassTransformer.transform(ClassTransformer.java:120) ~[modlauncher-10.0.9.jar%2355!/:?]
	at cpw.mods.modlauncher.TransformingClassLoader.maybeTransformClassBytes(TransformingClassLoader.java:50) ~[modlauncher-10.0.9.jar%2355!/:?]
	at cpw.mods.cl.ModuleClassLoader.readerToClass(ModuleClassLoader.java:113) ~[securejarhandler-2.1.10.jar:?]
	at cpw.mods.cl.ModuleClassLoader.lambda$findClass$15(ModuleClassLoader.java:219) ~[securejarhandler-2.1.10.jar:?]
	at cpw.mods.cl.ModuleClassLoader.loadFromModule(ModuleClassLoader.java:229) ~[securejarhandler-2.1.10.jar:?]
	at cpw.mods.cl.ModuleClassLoader.findClass(ModuleClassLoader.java:219) ~[securejarhandler-2.1.10.jar:?]
	at java.lang.ClassLoader.loadClass(ClassLoader.java:637) ~[?:?]
	at java.lang.Class.forName(Class.java:545) ~[?:?]
	at net.minecraftforge.fml.loading.ImmediateWindowHandler$DummyProvider.lambda$updateModuleReads$1(ImmediateWindowHandler.java:145) ~[fmlloader-1.20.1-47.3.7.jar%2369!/:1.0]
	at java.util.Optional.map(Optional.java:260) ~[?:?]
	at net.minecraftforge.fml.loading.ImmediateWindowHandler$DummyProvider.updateModuleReads(ImmediateWindowHandler.java:145) ~[fmlloader-1.20.1-47.3.7.jar%2369!/:1.0]
	at net.minecraftforge.fml.loading.ImmediateWindowHandler.acceptGameLayer(ImmediateWindowHandler.java:71) ~[fmlloader-1.20.1-47.3.7.jar%2369!/:1.0]
	at net.minecraftforge.fml.loading.FMLLoader.beforeStart(FMLLoader.java:207) ~[fmlloader-1.20.1-47.3.7.jar%2369!/:1.0]
	at net.minecraftforge.fml.loading.targets.CommonLaunchHandler.launchService(CommonLaunchHandler.java:92) ~[fmlloader-1.20.1-47.3.7.jar%2369!/:?]
	at cpw.mods.modlauncher.LaunchServiceHandlerDecorator.launch(LaunchServiceHandlerDecorator.java:30) ~[modlauncher-10.0.9.jar%2355!/:?]
	at cpw.mods.modlauncher.LaunchServiceHandler.launch(LaunchServiceHandler.java:53) ~[modlauncher-10.0.9.jar%2355!/:?]
	at cpw.mods.modlauncher.LaunchServiceHandler.launch(LaunchServiceHandler.java:71) ~[modlauncher-10.0.9.jar%2355!/:?]
	at cpw.mods.modlauncher.Launcher.run(Launcher.java:108) ~[modlauncher-10.0.9.jar%2355!/:?]
	at cpw.mods.modlauncher.Launcher.main(Launcher.java:78) ~[modlauncher-10.0.9.jar%2355!/:?]
	at cpw.mods.modlauncher.BootstrapLaunchConsumer.accept(BootstrapLaunchConsumer.java:26) ~[modlauncher-10.0.9.jar%2355!/:?]
	at cpw.mods.modlauncher.BootstrapLaunchConsumer.accept(BootstrapLaunchConsumer.java:23) ~[modlauncher-10.0.9.jar%2355!/:?]
	at cpw.mods.bootstraplauncher.BootstrapLauncher.main(BootstrapLauncher.java:141) ~[bootstraplauncher-1.1.2.jar:?]
[22Mar2025 23:14:39.202] [main/DEBUG] [mixin/]: Preparing wthit.mixins.json (21)
[22Mar2025 23:14:39.237] [main/DEBUG] [mixin/]: Preparing curios.mixins.json (13)
[22Mar2025 23:14:39.255] [main/DEBUG] [mixin/]: Preparing tombstone.mixins.json (26)
[22Mar2025 23:14:39.267] [main/DEBUG] [net.minecraftforge.coremod.transformer.CoreModBaseTransformer/COREMOD]: Transforming net/minecraft/world/item/ItemStack
[22Mar2025 23:14:39.316] [main/DEBUG] [mixin/]: Preparing architectury.mixins.json (9)
[22Mar2025 23:14:39.320] [main/DEBUG] [mixin/]: Preparing architectury-common.mixins.json (10)
[22Mar2025 23:14:39.325] [main/DEBUG] [net.minecraftforge.coremod.transformer.CoreModBaseTransformer/COREMOD]: Transforming net/minecraft/world/item/BucketItem
[22Mar2025 23:14:39.334] [main/DEBUG] [net.minecraftforge.coremod.transformer.CoreModBaseTransformer/COREMOD]: Transforming net/minecraft/world/entity/EntityType
[22Mar2025 23:14:39.403] [main/DEBUG] [net.minecraftforge.coremod.transformer.CoreModBaseTransformer/COREMOD]: Transforming net/minecraft/world/level/block/LiquidBlock
[22Mar2025 23:14:39.408] [main/DEBUG] [mixin/]: Preparing nerb-common.mixins.json (6)
[22Mar2025 23:14:39.415] [main/DEBUG] [mixin/]: Preparing ferritecore.predicates.mixin.json (3)
[22Mar2025 23:14:39.416] [main/DEBUG] [mixin/]: Preparing ferritecore.fastmap.mixin.json (1)
[22Mar2025 23:14:39.417] [main/DEBUG] [mixin/]: Preparing ferritecore.mrl.mixin.json (2)
[22Mar2025 23:14:39.418] [main/DEBUG] [mixin/]: Preparing ferritecore.dedupmultipart.mixin.json (2)
[22Mar2025 23:14:39.418] [main/DEBUG] [mixin/]: Preparing ferritecore.blockstatecache.mixin.json (8)
[22Mar2025 23:14:39.424] [main/DEBUG] [mixin/]: @Mixin target net/minecraft/world/level/block/state/BlockBehaviour$BlockStateBase$Cache is public in ferritecore.blockstatecache.mixin.json:BlockStateCacheMixin and should be specified in value
[22Mar2025 23:14:39.426] [main/DEBUG] [mixin/]: Preparing ferritecore.dedupbakedquad.mixin.json (2)
[22Mar2025 23:14:39.426] [main/DEBUG] [mixin/]: Preparing ferritecore.threaddetec.mixin.json (1)
[22Mar2025 23:14:39.426] [main/DEBUG] [mixin/]: Preparing ferritecore.modelsides.mixin.json (1)
[22Mar2025 23:14:39.426] [main/DEBUG] [mixin/]: Preparing puzzleslib.common.mixins.json (3)
[22Mar2025 23:14:39.428] [main/DEBUG] [mixin/]: Preparing puzzleslib.forge.mixins.json (13)
[22Mar2025 23:14:39.437] [main/DEBUG] [mixin/]: Preparing expandability.mixins.json (4)
[22Mar2025 23:14:39.438] [main/DEBUG] [mixin/]: Preparing expandability-common.mixins.json (9)
[22Mar2025 23:14:39.559] [main/DEBUG] [mixin/]: Prepared 266 mixins in 2.158 sec (8.1ms avg) (0ms load, 0ms transform, 0ms plugin)
[22Mar2025 23:14:39.570] [main/INFO] [MixinExtras|Service/]: Initializing MixinExtras via com.llamalad7.mixinextras.service.MixinExtrasServiceImpl(version=0.4.1).
[22Mar2025 23:14:39.572] [main/DEBUG] [mixin/]: Registering new injector for @SugarWrapper with com.llamalad7.mixinextras.sugar.impl.SugarWrapperInjectionInfo
[22Mar2025 23:14:39.572] [main/DEBUG] [mixin/]: Registering new injector for @FactoryRedirectWrapper with com.llamalad7.mixinextras.wrapper.factory.FactoryRedirectWrapperInjectionInfo
[22Mar2025 23:14:39.577] [main/DEBUG] [mixin/]: Mixing perf.dedicated_reload_executor.MinecraftServerMixin from modernfix-common.mixins.json into net.minecraft.server.MinecraftServer
[22Mar2025 23:14:39.583] [main/DEBUG] [mixin/]: Mixing core.MinecraftServerMixin from modernfix-common.mixins.json into net.minecraft.server.MinecraftServer
[22Mar2025 23:14:39.586] [main/DEBUG] [mixin/]: Mixing MinecraftServerMixin from citadel.mixins.json into net.minecraft.server.MinecraftServer
[22Mar2025 23:14:39.590] [main/DEBUG] [mixin/]: Mixing MinecraftServerMixin from balm.mixins.json into net.minecraft.server.MinecraftServer
[22Mar2025 23:14:39.593] [main/DEBUG] [mixin/]: Renaming synthetic method lambda$reloadResources$0(Ljava/lang/Void;)V to md30edc7$lambda$reloadResources$0$0 in balm.mixins.json:MinecraftServerMixin
[22Mar2025 23:14:39.601] [main/DEBUG] [mixin/]: Mixing MinecraftServerMixin from ksyxis.mixins.json into net.minecraft.server.MinecraftServer
[22Mar2025 23:14:39.780] [main/DEBUG] [mixin/]: Mixing perf.fix_loop_spin_waiting.BlockableEventLoopMixin from modernfix-common.mixins.json into net.minecraft.util.thread.BlockableEventLoop
[22Mar2025 23:14:39.793] [main/DEBUG] [mixin/]: Mixing DedicatedServerMixin from tombstone.mixins.json into net.minecraft.server.dedicated.DedicatedServer
[22Mar2025 23:14:39.829] [main/DEBUG] [io.netty.util.internal.logging.InternalLoggerFactory/]: Using SLF4J as the default logging framework
[22Mar2025 23:14:39.831] [main/DEBUG] [io.netty.util.ResourceLeakDetector/]: -Dio.netty.leakDetection.level: simple
[22Mar2025 23:14:39.831] [main/DEBUG] [io.netty.util.ResourceLeakDetector/]: -Dio.netty.leakDetection.targetRecords: 4
[22Mar2025 23:14:39.933] [main/DEBUG] [mixin/]: Mixing perf.tag_id_caching.TagOrElementLocationMixin from modernfix-forge.mixins.json into net.minecraft.util.ExtraCodecs$TagOrElementLocation
[22Mar2025 23:14:40.028] [main/DEBUG] [oshi.util.FileUtil/]: No oshi.properties file found from ClassLoader cpw.mods.modlauncher.TransformingClassLoader@5c9934da
[22Mar2025 23:14:40.029] [main/DEBUG] [oshi.util.FileUtil/]: No oshi.properties file found from ClassLoader jdk.internal.loader.ClassLoaders$AppClassLoader@76ed5528
[22Mar2025 23:14:40.146] [main/DEBUG] [oshi.util.FileUtil/]: Reading file /proc/self/auxv
[22Mar2025 23:14:40.147] [main/DEBUG] [oshi.util.FileUtil/]: Reading file /proc/self/auxv
[22Mar2025 23:14:40.152] [main/DEBUG] [oshi.util.FileUtil/]: Reading file /proc/stat
[22Mar2025 23:14:40.159] [main/DEBUG] [oshi.util.FileUtil/]: Reading file /sys/devices/system/cpu/cpu0/topology/core_id
[22Mar2025 23:14:40.159] [main/DEBUG] [oshi.util.FileUtil/]: Reading file /sys/devices/system/cpu/cpu0/topology/core_id
[22Mar2025 23:14:40.159] [main/DEBUG] [oshi.util.FileUtil/]: Reading file /sys/devices/system/cpu/cpu0/topology/physical_package_id
[22Mar2025 23:14:40.159] [main/DEBUG] [oshi.util.FileUtil/]: Reading file /sys/devices/system/cpu/cpu0/topology/physical_package_id
[22Mar2025 23:14:40.159] [main/DEBUG] [oshi.util.FileUtil/]: Reading file /sys/devices/system/cpu/cpu0/cpu_capacity
[22Mar2025 23:14:40.161] [main/DEBUG] [oshi.util.FileUtil/]: Reading file /sys/devices/system/cpu/cpu1/topology/core_id
[22Mar2025 23:14:40.161] [main/DEBUG] [oshi.util.FileUtil/]: Reading file /sys/devices/system/cpu/cpu1/topology/core_id
[22Mar2025 23:14:40.161] [main/DEBUG] [oshi.util.FileUtil/]: Reading file /sys/devices/system/cpu/cpu1/topology/physical_package_id
[22Mar2025 23:14:40.161] [main/DEBUG] [oshi.util.FileUtil/]: Reading file /sys/devices/system/cpu/cpu1/topology/physical_package_id
[22Mar2025 23:14:40.161] [main/DEBUG] [oshi.util.FileUtil/]: Reading file /sys/devices/system/cpu/cpu1/cpu_capacity
[22Mar2025 23:14:40.162] [main/DEBUG] [oshi.util.FileUtil/]: Reading file /sys/devices/system/cpu/cpu2/topology/core_id
[22Mar2025 23:14:40.162] [main/DEBUG] [oshi.util.FileUtil/]: Reading file /sys/devices/system/cpu/cpu2/topology/core_id
[22Mar2025 23:14:40.162] [main/DEBUG] [oshi.util.FileUtil/]: Reading file /sys/devices/system/cpu/cpu2/topology/physical_package_id
[22Mar2025 23:14:40.162] [main/DEBUG] [oshi.util.FileUtil/]: Reading file /sys/devices/system/cpu/cpu2/topology/physical_package_id
[22Mar2025 23:14:40.162] [main/DEBUG] [oshi.util.FileUtil/]: Reading file /sys/devices/system/cpu/cpu2/cpu_capacity
[22Mar2025 23:14:40.163] [main/DEBUG] [oshi.util.FileUtil/]: Reading file /sys/devices/system/cpu/cpu3/topology/core_id
[22Mar2025 23:14:40.163] [main/DEBUG] [oshi.util.FileUtil/]: Reading file /sys/devices/system/cpu/cpu3/topology/core_id
[22Mar2025 23:14:40.163] [main/DEBUG] [oshi.util.FileUtil/]: Reading file /sys/devices/system/cpu/cpu3/topology/physical_package_id
[22Mar2025 23:14:40.163] [main/DEBUG] [oshi.util.FileUtil/]: Reading file /sys/devices/system/cpu/cpu3/topology/physical_package_id
[22Mar2025 23:14:40.163] [main/DEBUG] [oshi.util.FileUtil/]: Reading file /sys/devices/system/cpu/cpu3/cpu_capacity
[22Mar2025 23:14:40.165] [main/DEBUG] [oshi.util.FileUtil/]: Reading file /proc/cpuinfo
[22Mar2025 23:14:40.181] [main/DEBUG] [oshi.util.FileUtil/]: Reading file /proc/self/auxv
[22Mar2025 23:14:40.184] [main/DEBUG] [oshi.util.FileUtil/]: No oshi.architecture.properties file found from ClassLoader cpw.mods.modlauncher.TransformingClassLoader@5c9934da
[22Mar2025 23:14:40.184] [main/DEBUG] [oshi.util.FileUtil/]: No oshi.architecture.properties file found from ClassLoader jdk.internal.loader.ClassLoaders$AppClassLoader@76ed5528
[22Mar2025 23:14:40.204] [main/DEBUG] [oshi.util.FileUtil/]: Reading file /proc/meminfo
[22Mar2025 23:14:40.205] [main/DEBUG] [oshi.util.FileUtil/]: Reading file /proc/meminfo
[22Mar2025 23:14:40.211] [main/DEBUG] [mixin/]: Mixing perf.thread_priorities.UtilMixin from modernfix-common.mixins.json into net.minecraft.Util
[22Mar2025 23:14:40.211] [main/DEBUG] [mixin/]: Renaming synthetic method lambda$adjustPriorityOfThreadFactory$0(Ljava/util/concurrent/ForkJoinPool$ForkJoinWorkerThreadFactory;Ljava/util/concurrent/ForkJoinPool;)Ljava/util/concurrent/ForkJoinWorkerThread; to md30edc7$lambda$adjustPriorityOfThreadFactory$0$0 in modernfix-common.mixins.json:perf.thread_priorities.UtilMixin
[22Mar2025 23:14:40.263] [main/DEBUG] [mixin/]: Mixing feature.measure_time.BootstrapMixin from modernfix-common.mixins.json into net.minecraft.server.Bootstrap
[22Mar2025 23:14:40.268] [main/DEBUG] [mixin/]: Mixing core.BootstrapMixin from modernfix-forge.mixins.json into net.minecraft.server.Bootstrap
[22Mar2025 23:14:40.295] [main/INFO] [net.minecraft.server.Bootstrap/]: ModernFix reached bootstrap stage (10.68 s after launch)
[22Mar2025 23:14:40.305] [main/DEBUG] [mixin/]: Mixing perf.mojang_registry_size.MappedRegistryMixin from modernfix-common.mixins.json into net.minecraft.core.MappedRegistry
[22Mar2025 23:14:40.321] [main/DEBUG] [mixin/]: Mixing perf.mojang_registry_size.ResourceKeyMixin from modernfix-common.mixins.json into net.minecraft.resources.ResourceKey
[22Mar2025 23:14:40.322] [main/DEBUG] [mixin/]: Renaming synthetic method lambda$createEfficient$0(Lnet/minecraft/resources/ResourceLocation;)Ljava/util/Map; to md30edc7$lambda$createEfficient$0$0 in modernfix-common.mixins.json:perf.mojang_registry_size.ResourceKeyMixin
[22Mar2025 23:14:40.358] [main/DEBUG] [mixin/]: Mixing inject.MixinGameEvent from architectury-common.mixins.json into net.minecraft.world.level.gameevent.GameEvent
[22Mar2025 23:14:40.367] [main/DEBUG] [mixin/]: Mixing perf.reduce_blockstate_cache_rebuilds.GameDataMixin from modernfix-forge.mixins.json into net.minecraftforge.registries.GameData
[22Mar2025 23:14:40.388] [main/DEBUG] [mixin/]: Mixing perf.fast_registry_validation.ForgeRegistryMixin from modernfix-forge.mixins.json into net.minecraftforge.registries.ForgeRegistry
[22Mar2025 23:14:40.392] [main/DEBUG] [mixin/]: Mixing perf.forge_registry_alloc.ForgeRegistryMixin from modernfix-forge.mixins.json into net.minecraftforge.registries.ForgeRegistry
[22Mar2025 23:14:40.402] [main/DEBUG] [mixin/]: Mixing accessor.ForgeRegistryForgeAccessor from puzzleslib.forge.mixins.json into net.minecraftforge.registries.ForgeRegistry
[22Mar2025 23:14:40.416] [main/WARN] [mixin/]: @Final field delegatesByName:Ljava/util/Map; in modernfix-forge.mixins.json:perf.forge_registry_alloc.ForgeRegistryMixin should be final
[22Mar2025 23:14:40.417] [main/WARN] [mixin/]: @Final field delegatesByValue:Ljava/util/Map; in modernfix-forge.mixins.json:perf.forge_registry_alloc.ForgeRegistryMixin should be final
[22Mar2025 23:14:40.442] [main/DEBUG] [mixin/]: Mixing perf.reduce_blockstate_cache_rebuilds.BlockCallbacksMixin from modernfix-forge.mixins.json into net.minecraftforge.registries.GameData$BlockCallbacks
[22Mar2025 23:14:40.454] [main/DEBUG] [mixin/]: Mixing perf.forge_registry_alloc.DelegateHolderMixin from modernfix-forge.mixins.json into net.minecraft.world.level.block.Block
[22Mar2025 23:14:40.455] [main/DEBUG] [mixin/]: Mixing inject.MixinBlock from architectury-common.mixins.json into net.minecraft.world.level.block.Block
[22Mar2025 23:14:40.456] [main/DEBUG] [mixin/]: Mixing accessor.BlockAccessor from puzzleslib.common.mixins.json into net.minecraft.world.level.block.Block
[22Mar2025 23:14:40.474] [main/DEBUG] [mixin/]: Mixing bugfix.chunk_deadlock.BlockStateBaseMixin from modernfix-common.mixins.json into net.minecraft.world.level.block.state.BlockBehaviour$BlockStateBase
[22Mar2025 23:14:40.476] [main/DEBUG] [mixin/]: Mixing perf.reduce_blockstate_cache_rebuilds.BlockStateBaseMixin from modernfix-common.mixins.json into net.minecraft.world.level.block.state.BlockBehaviour$BlockStateBase
[22Mar2025 23:14:40.484] [main/DEBUG] [mixin/]: Mixing common.blockstate.BlockStateBaseMixin from starlight.mixins.json into net.minecraft.world.level.block.state.BlockBehaviour$BlockStateBase
[22Mar2025 23:14:40.486] [main/DEBUG] [mixin/]: Mixing BlockStateBaseMixin from ferritecore.blockstatecache.mixin.json into net.minecraft.world.level.block.state.BlockBehaviour$BlockStateBase
[22Mar2025 23:14:40.487] [main/DEBUG] [mixin/]: Mixing fluidcollision.BlockStateBaseMixin from expandability-common.mixins.json into net.minecraft.world.level.block.state.BlockBehaviour$BlockStateBase
[22Mar2025 23:14:40.535] [main/INFO] [ModernFix/]: Injecting BlockStateBase cache population hook into getOpacityIfCached from ca.spottedleaf.starlight.mixin.common.blockstate.BlockStateBaseMixin
[22Mar2025 23:14:40.535] [main/INFO] [ModernFix/]: Injecting BlockStateBase cache population hook into isConditionallyFullOpaque from ca.spottedleaf.starlight.mixin.common.blockstate.BlockStateBaseMixin
[22Mar2025 23:14:40.541] [main/DEBUG] [mixin/]: Mixing FastMapStateHolderMixin from ferritecore.fastmap.mixin.json into net.minecraft.world.level.block.state.StateHolder
[22Mar2025 23:14:40.590] [main/DEBUG] [mixin/]: Mixing perf.model_optimizations.PropertyMixin from modernfix-common.mixins.json into net.minecraft.world.level.block.state.properties.Property
[22Mar2025 23:14:40.602] [main/DEBUG] [mixin/]: Mixing bugfix.chunk_deadlock.EntityMixin from modernfix-common.mixins.json into net.minecraft.world.entity.Entity
[22Mar2025 23:14:40.609] [main/DEBUG] [mixin/]: Mixing item.umbrella.EntityMixin from mixins.artifacts.common.json into net.minecraft.world.entity.Entity
[22Mar2025 23:14:40.610] [main/DEBUG] [mixin/]: Mixing item.wearable.aquadashers.EntityMixin from mixins.artifacts.common.json into net.minecraft.world.entity.Entity
[22Mar2025 23:14:40.632] [main/DEBUG] [mixin/]: Mixing EntityMixin from balm.mixins.json into net.minecraft.world.entity.Entity
[22Mar2025 23:14:40.635] [main/DEBUG] [mixin/]: Mixing EntityMixin from alexscaves.mixins.json into net.minecraft.world.entity.Entity
[22Mar2025 23:14:40.688] [main/DEBUG] [mixin/]: Mixing EntityAccess from wthit.mixins.json into net.minecraft.world.entity.Entity
[22Mar2025 23:14:40.688] [main/DEBUG] [mixin/]: wthit.mixins.json:EntityAccess: Class version 61 required is higher than the class version supported by the current version of Mixin (JAVA_16 supports class version 60)
[22Mar2025 23:14:40.688] [main/DEBUG] [mixin/]: Mixing AccessorEntity from curios.mixins.json into net.minecraft.world.entity.Entity
[22Mar2025 23:14:40.689] [main/DEBUG] [mixin/]: Mixing EntityMixin from tombstone.mixins.json into net.minecraft.world.entity.Entity
[22Mar2025 23:14:40.695] [main/DEBUG] [mixin/]: Mixing swimming.EntityMixin from expandability.mixins.json into net.minecraft.world.entity.Entity
[22Mar2025 23:14:40.696] [main/DEBUG] [mixin/]: Mixing swimming.EntityMixin from expandability-common.mixins.json into net.minecraft.world.entity.Entity
[22Mar2025 23:14:40.802] [main/DEBUG] [mixin/]: Mixing perf.forge_cap_retrieval.LivingEntityMixin from modernfix-forge.mixins.json into net.minecraft.world.entity.LivingEntity
[22Mar2025 23:14:40.805] [main/DEBUG] [mixin/]: Mixing LivingEntityMixin from citadel.mixins.json into net.minecraft.world.entity.LivingEntity
[22Mar2025 23:14:40.807] [main/DEBUG] [mixin/]: Mixing accessors.LivingEntityAccessor from mixins.artifacts.common.json into net.minecraft.world.entity.LivingEntity
[22Mar2025 23:14:40.809] [main/DEBUG] [mixin/]: Mixing item.hurtsound.LivingEntityMixin from mixins.artifacts.common.json into net.minecraft.world.entity.LivingEntity
[22Mar2025 23:14:40.811] [main/DEBUG] [mixin/]: Mixing item.wearable.chorustotem.LivingEntityMixin from mixins.artifacts.common.json into net.minecraft.world.entity.LivingEntity
[22Mar2025 23:14:40.841] [main/DEBUG] [mixin/]: Mixing item.wearable.snowshoes.LivingEntityMixin from mixins.artifacts.forge.json into net.minecraft.world.entity.LivingEntity
[22Mar2025 23:14:40.842] [main/DEBUG] [mixin/]: Mixing LivingEntityMixin from alexscaves.mixins.json into net.minecraft.world.entity.LivingEntity
[22Mar2025 23:14:40.850] [main/DEBUG] [net.minecraftforge.coremod.transformer.CoreModBaseTransformer/COREMOD]: Transforming net/minecraft/world/effect/MobEffectInstance
[22Mar2025 23:14:40.860] [main/DEBUG] [mixin/]: Mixing MixinLivingEntity from curios.mixins.json into net.minecraft.world.entity.LivingEntity
[22Mar2025 23:14:40.865] [main/DEBUG] [mixin/]: Mixing LivingEntityMixin from tombstone.mixins.json into net.minecraft.world.entity.LivingEntity
[22Mar2025 23:14:40.865] [main/DEBUG] [mixin/]: Mixing swimming.LivingEntityMixin from expandability.mixins.json into net.minecraft.world.entity.LivingEntity
[22Mar2025 23:14:40.866] [main/DEBUG] [mixin/]: Mixing swimming.LivingEntityMixin from expandability-common.mixins.json into net.minecraft.world.entity.LivingEntity
[22Mar2025 23:14:40.991] [main/DEBUG] [mixin/]: Mixing perf.model_optimizations.BooleanPropertyMixin from modernfix-common.mixins.json into net.minecraft.world.level.block.state.properties.BooleanProperty
[22Mar2025 23:14:40.998] [main/DEBUG] [mixin/]: Mixing LevelMixin from citadel.mixins.json into net.minecraft.world.level.Level
[22Mar2025 23:14:41.001] [main/DEBUG] [mixin/]: Mixing common.world.LevelMixin from starlight.mixins.json into net.minecraft.world.level.Level
[22Mar2025 23:14:41.029] [main/DEBUG] [mixin/]: Mixing bugfix.chunk_deadlock.ServerLevelMixin from modernfix-common.mixins.json into net.minecraft.server.level.ServerLevel
[22Mar2025 23:14:41.030] [main/DEBUG] [mixin/]: Mixing perf.cache_strongholds.ServerLevelMixin from modernfix-common.mixins.json into net.minecraft.server.level.ServerLevel
[22Mar2025 23:14:41.033] [main/DEBUG] [mixin/]: Mixing perf.faster_structure_location.ServerLevelMixin from modernfix-common.mixins.json into net.minecraft.server.level.ServerLevel
[22Mar2025 23:14:41.034] [main/DEBUG] [mixin/]: Mixing MixinServerSleepStatus from comforts.mixins.json into net.minecraft.server.level.ServerLevel
[22Mar2025 23:14:41.036] [main/DEBUG] [mixin/]: Mixing ServerLevelMixin from citadel.mixins.json into net.minecraft.server.level.ServerLevel
[22Mar2025 23:14:41.041] [main/DEBUG] [mixin/]: Mixing common.world.ServerWorldMixin from starlight.mixins.json into net.minecraft.server.level.ServerLevel
[22Mar2025 23:14:41.049] [main/DEBUG] [mixin/]: Mixing ServerLevelMixin from ksyxis.mixins.json into net.minecraft.server.level.ServerLevel
[22Mar2025 23:14:41.114] [main/DEBUG] [mixin/]: Mixing accessor.PlayerAccessor from easymagic.common.mixins.json into net.minecraft.world.entity.player.Player
[22Mar2025 23:14:41.114] [main/DEBUG] [mixin/]: Mixing AccessorPlayer from comforts.mixins.json into net.minecraft.world.entity.player.Player
[22Mar2025 23:14:41.114] [main/DEBUG] [mixin/]: Mixing PlayerMixin from walljump.mixins.json into net.minecraft.world.entity.player.Player
[22Mar2025 23:14:41.116] [main/DEBUG] [mixin/]: Mixing PlayerMixin from alexscaves.mixins.json into net.minecraft.world.entity.player.Player
[22Mar2025 23:14:41.124] [main/DEBUG] [mixin/]: Mixing swimming.PlayerMixin from expandability-common.mixins.json into net.minecraft.world.entity.player.Player
[22Mar2025 23:14:41.184] [main/DEBUG] [mixin/]: Mixing perf.fast_forge_dummies.NamespacedHolderHelperMixin from modernfix-forge.mixins.json into net.minecraftforge.registries.NamespacedWrapper
[22Mar2025 23:14:41.193] [main/DEBUG] [mixin/]: Mixing inject.MixinFluid from architectury-common.mixins.json into net.minecraft.world.level.material.Fluid
[22Mar2025 23:14:41.198] [main/DEBUG] [mixin/]: Mixing perf.forge_registry_alloc.DelegateHolderMixin from modernfix-forge.mixins.json into net.minecraft.world.item.Item
[22Mar2025 23:14:41.199] [main/DEBUG] [mixin/]: Mixing ItemMixin from tombstone.mixins.json into net.minecraft.world.item.Item
[22Mar2025 23:14:41.199] [main/DEBUG] [mixin/]: Renaming synthetic method lambda$methodIsFoil$1(Lnet/minecraft/world/item/ItemStack;Lovh/corail/tombstone/api/capability/ISoulConsumer;)Ljava/lang/Boolean; to md30edc7$lambda$methodIsFoil$1$0 in tombstone.mixins.json:ItemMixin
[22Mar2025 23:14:41.199] [main/DEBUG] [mixin/]: Renaming synthetic method lambda$methodGetName$0(Lnet/minecraft/world/item/ItemStack;Lovh/corail/tombstone/api/capability/ISoulConsumer;)Ljava/lang/Boolean; to md30edc7$lambda$methodGetName$0$1 in tombstone.mixins.json:ItemMixin
[22Mar2025 23:14:41.223] [main/DEBUG] [mixin/]: Mixing inject.MixinItem from architectury-common.mixins.json into net.minecraft.world.item.Item
[22Mar2025 23:14:41.246] [main/DEBUG] [net.minecraftforge.coremod.transformer.CoreModBaseTransformer/COREMOD]: Transforming net/minecraft/world/entity/EntityType
[22Mar2025 23:14:41.315] [main/DEBUG] [mixin/]: Mixing inject.MixinEntityType from architectury-common.mixins.json into net.minecraft.world.entity.EntityType
[22Mar2025 23:14:41.347] [main/DEBUG] [mixin/]: Mixing perf.dynamic_dfu.BlockEntityTypeMixin from modernfix-common.mixins.json into net.minecraft.world.level.block.entity.BlockEntityType
[22Mar2025 23:14:41.359] [main/DEBUG] [mixin/]: Mixing ChunkStatusMixin from alexscaves.mixins.json into net.minecraft.world.level.chunk.ChunkStatus
[22Mar2025 23:14:41.444] [main/DEBUG] [mixin/]: Mixing accessor.FireBlockForgeAccessor from puzzleslib.forge.mixins.json into net.minecraft.world.level.block.FireBlock
[22Mar2025 23:14:41.480] [main/DEBUG] [mixin/]: Mixing ShapesMixin from creativecore.mixins.json into net.minecraft.world.phys.shapes.Shapes
[22Mar2025 23:14:41.518] [main/DEBUG] [mixin/]: Mixing DiscreteVSAccess from ferritecore.blockstatecache.mixin.json into net.minecraft.world.phys.shapes.DiscreteVoxelShape
[22Mar2025 23:14:41.521] [main/DEBUG] [mixin/]: Mixing BitSetDVSAccess from ferritecore.blockstatecache.mixin.json into net.minecraft.world.phys.shapes.BitSetDiscreteVoxelShape
[22Mar2025 23:14:41.530] [main/DEBUG] [mixin/]: Mixing VoxelShapeAccessor from creativecore.mixins.json into net.minecraft.world.phys.shapes.VoxelShape
[22Mar2025 23:14:41.531] [main/DEBUG] [mixin/]: Mixing VoxelShapeAccess from ferritecore.blockstatecache.mixin.json into net.minecraft.world.phys.shapes.VoxelShape
[22Mar2025 23:14:41.532] [main/DEBUG] [mixin/]: Unexpected: Registered method setShape(Lnet/minecraft/world/phys/shapes/DiscreteVoxelShape;)V in net.minecraft.world.phys.shapes.VoxelShape was not merged
[22Mar2025 23:14:41.535] [main/DEBUG] [mixin/]: Mixing ArrayVSAccess from ferritecore.blockstatecache.mixin.json into net.minecraft.world.phys.shapes.ArrayVoxelShape
[22Mar2025 23:14:41.537] [main/DEBUG] [mixin/]: Mixing SliceShapeAccess from ferritecore.blockstatecache.mixin.json into net.minecraft.world.phys.shapes.SliceShape
[22Mar2025 23:14:41.697] [main/DEBUG] [mixin/]: Mixing perf.reduce_blockstate_cache_rebuilds.BlocksMixin from modernfix-common.mixins.json into net.minecraft.world.level.block.Blocks
[22Mar2025 23:14:41.698] [main/DEBUG] [mixin/]: Renaming synthetic method lambda$getEmptyConsumer$0(Ljava/lang/Object;)V to md30edc7$lambda$getEmptyConsumer$0$0 in modernfix-common.mixins.json:perf.reduce_blockstate_cache_rebuilds.BlocksMixin
[22Mar2025 23:14:41.744] [main/DEBUG] [net.minecraftforge.coremod.transformer.CoreModBaseTransformer/COREMOD]: Transforming net/minecraft/world/level/block/LiquidBlock
[22Mar2025 23:14:41.744] [main/DEBUG] [mixin/]: Mixing inject.MixinLiquidBlock from architectury-common.mixins.json into net.minecraft.world.level.block.LiquidBlock
[22Mar2025 23:14:41.753] [main/DEBUG] [mixin/]: Mixing ShearableBlocksMixin from wthit.mixins.json into net.minecraft.world.level.block.LeavesBlock
[22Mar2025 23:14:41.753] [main/DEBUG] [mixin/]: wthit.mixins.json:ShearableBlocksMixin: Class version 61 required is higher than the class version supported by the current version of Mixin (JAVA_16 supports class version 60)
[22Mar2025 23:14:41.756] [main/DEBUG] [mixin/]: Mixing ShearableBlocksMixin from wthit.mixins.json into net.minecraft.world.level.block.CherryLeavesBlock
[22Mar2025 23:14:41.756] [main/DEBUG] [mixin/]: wthit.mixins.json:ShearableBlocksMixin: Class version 61 required is higher than the class version supported by the current version of Mixin (JAVA_16 supports class version 60)
[22Mar2025 23:14:41.757] [main/DEBUG] [mixin/]: Mixing ShearableBlocksMixin from wthit.mixins.json into net.minecraft.world.level.block.MangroveLeavesBlock
[22Mar2025 23:14:41.757] [main/DEBUG] [mixin/]: wthit.mixins.json:ShearableBlocksMixin: Class version 61 required is higher than the class version supported by the current version of Mixin (JAVA_16 supports class version 60)
[22Mar2025 23:14:41.763] [main/DEBUG] [mixin/]: Mixing NoteBlockAccess from wthit.mixins.json into net.minecraft.world.level.block.NoteBlock
[22Mar2025 23:14:41.763] [main/DEBUG] [mixin/]: wthit.mixins.json:NoteBlockAccess: Class version 61 required is higher than the class version supported by the current version of Mixin (JAVA_16 supports class version 60)
[22Mar2025 23:14:41.775] [main/DEBUG] [mixin/]: Mixing ShearableBlocksMixin from wthit.mixins.json into net.minecraft.world.level.block.WebBlock
[22Mar2025 23:14:41.776] [main/DEBUG] [mixin/]: wthit.mixins.json:ShearableBlocksMixin: Class version 61 required is higher than the class version supported by the current version of Mixin (JAVA_16 supports class version 60)
[22Mar2025 23:14:41.778] [main/DEBUG] [mixin/]: Mixing ShearableBlocksMixin from wthit.mixins.json into net.minecraft.world.level.block.TallGrassBlock
[22Mar2025 23:14:41.779] [main/DEBUG] [mixin/]: wthit.mixins.json:ShearableBlocksMixin: Class version 61 required is higher than the class version supported by the current version of Mixin (JAVA_16 supports class version 60)
[22Mar2025 23:14:41.781] [main/DEBUG] [mixin/]: Mixing ShearableBlocksMixin from wthit.mixins.json into net.minecraft.world.level.block.DeadBushBlock
[22Mar2025 23:14:41.782] [main/DEBUG] [mixin/]: wthit.mixins.json:ShearableBlocksMixin: Class version 61 required is higher than the class version supported by the current version of Mixin (JAVA_16 supports class version 60)
[22Mar2025 23:14:41.785] [main/DEBUG] [mixin/]: Mixing ShearableBlocksMixin from wthit.mixins.json into net.minecraft.world.level.block.SeagrassBlock
[22Mar2025 23:14:41.785] [main/DEBUG] [mixin/]: wthit.mixins.json:ShearableBlocksMixin: Class version 61 required is higher than the class version supported by the current version of Mixin (JAVA_16 supports class version 60)
[22Mar2025 23:14:41.795] [main/DEBUG] [mixin/]: Mixing ChiseledBookShelfBlockAccess from wthit.mixins.json into net.minecraft.world.level.block.ChiseledBookShelfBlock
[22Mar2025 23:14:41.796] [main/DEBUG] [mixin/]: wthit.mixins.json:ChiseledBookShelfBlockAccess: Class version 61 required is higher than the class version supported by the current version of Mixin (JAVA_16 supports class version 60)
[22Mar2025 23:14:41.797] [main/DEBUG] [mixin/]: Renaming @Invoker method wthit_getRelativeHitCoordinatesForBlockFace(Lnet/minecraft/world/phys/BlockHitResult;Lnet/minecraft/core/Direction;)Ljava/util/Optional; to wthit_getRelativeHitCoordinatesForBlockFace_$md$30edc7$0 in wthit.mixins.json:ChiseledBookShelfBlockAccess
[22Mar2025 23:14:41.797] [main/DEBUG] [mixin/]: Renaming @Invoker method wthit_getHitSlot(Lnet/minecraft/world/phys/Vec2;)I to wthit_getHitSlot_$md$30edc7$1 in wthit.mixins.json:ChiseledBookShelfBlockAccess
[22Mar2025 23:14:41.808] [main/DEBUG] [net.minecraftforge.coremod.transformer.CoreModBaseTransformer/COREMOD]: Transforming net/minecraft/world/level/block/StairBlock
[22Mar2025 23:14:41.816] [main/DEBUG] [mixin/]: Mixing ChestBlockMixin from tombstone.mixins.json into net.minecraft.world.level.block.ChestBlock
[22Mar2025 23:14:41.829] [main/DEBUG] [mixin/]: Mixing CropBlockMixin from balm.mixins.json into net.minecraft.world.level.block.CropBlock
[22Mar2025 23:14:41.885] [main/DEBUG] [mixin/]: Mixing StemBlockMixin from balm.mixins.json into net.minecraft.world.level.block.StemBlock
[22Mar2025 23:14:41.888] [main/DEBUG] [mixin/]: Mixing ShearableBlocksMixin from wthit.mixins.json into net.minecraft.world.level.block.VineBlock
[22Mar2025 23:14:41.889] [main/DEBUG] [mixin/]: wthit.mixins.json:ShearableBlocksMixin: Class version 61 required is higher than the class version supported by the current version of Mixin (JAVA_16 supports class version 60)
[22Mar2025 23:14:41.896] [main/DEBUG] [mixin/]: Mixing EnchantmentTableBlockMixin from easymagic.common.mixins.json into net.minecraft.world.level.block.EnchantmentTableBlock
[22Mar2025 23:14:41.938] [main/DEBUG] [mixin/]: Mixing perf.deduplicate_wall_shapes.WallBlockMixin from modernfix-common.mixins.json into net.minecraft.world.level.block.WallBlock
[22Mar2025 23:14:41.959] [main/DEBUG] [net.minecraftforge.coremod.transformer.CoreModBaseTransformer/COREMOD]: Transforming net/minecraft/world/level/block/FlowerPotBlock
[22Mar2025 23:14:42.028] [main/DEBUG] [mixin/]: Mixing swimming.BubbleColumnBlockMixin from expandability-common.mixins.json into net.minecraft.world.level.block.BubbleColumnBlock
[22Mar2025 23:14:42.086] [main/DEBUG] [mixin/]: Mixing MixinPowderSnowBlock from curios.mixins.json into net.minecraft.world.level.block.PowderSnowBlock
[22Mar2025 23:14:42.155] [main/DEBUG] [mixin/]: Mixing perf.state_definition_construct.StateDefinitionMixin from modernfix-common.mixins.json into net.minecraft.world.level.block.state.StateDefinition
[22Mar2025 23:14:42.188] [main/DEBUG] [mixin/]: Mixing FlowingFluidMixin from alexscaves.mixins.json into net.minecraft.world.level.material.FlowingFluid
[22Mar2025 23:14:42.257] [main/INFO] [net.minecraft.server.Bootstrap/]: Vanilla bootstrap took 1956 milliseconds
[22Mar2025 23:14:42.277] [main/DEBUG] [io.netty.util.internal.PlatformDependent0/]: -Dio.netty.noUnsafe: false
[22Mar2025 23:14:42.277] [main/DEBUG] [io.netty.util.internal.PlatformDependent0/]: Java version: 17
[22Mar2025 23:14:42.278] [main/DEBUG] [io.netty.util.internal.PlatformDependent0/]: sun.misc.Unsafe.theUnsafe: available
[22Mar2025 23:14:42.278] [main/DEBUG] [io.netty.util.internal.PlatformDependent0/]: sun.misc.Unsafe.copyMemory: available
[22Mar2025 23:14:42.278] [main/DEBUG] [io.netty.util.internal.PlatformDependent0/]: sun.misc.Unsafe.storeFence: available
[22Mar2025 23:14:42.278] [main/DEBUG] [io.netty.util.internal.PlatformDependent0/]: java.nio.Buffer.address: available
[22Mar2025 23:14:42.279] [main/DEBUG] [io.netty.util.internal.PlatformDependent0/]: direct buffer constructor: unavailable
java.lang.UnsupportedOperationException: Reflective setAccessible(true) disabled
	at io.netty.util.internal.ReflectionUtil.trySetAccessible(ReflectionUtil.java:31) ~[netty-common-4.1.82.Final.jar%2382!/:4.1.82.Final]
	at io.netty.util.internal.PlatformDependent0$5.run(PlatformDependent0.java:288) ~[netty-common-4.1.82.Final.jar%2382!/:4.1.82.Final]
	at java.security.AccessController.doPrivileged(AccessController.java:318) ~[?:?]
	at io.netty.util.internal.PlatformDependent0.<clinit>(PlatformDependent0.java:282) ~[netty-common-4.1.82.Final.jar%2382!/:4.1.82.Final]
	at io.netty.util.internal.PlatformDependent.isAndroid(PlatformDependent.java:333) ~[netty-common-4.1.82.Final.jar%2382!/:4.1.82.Final]
	at io.netty.util.internal.PlatformDependent.<clinit>(PlatformDependent.java:88) ~[netty-common-4.1.82.Final.jar%2382!/:4.1.82.Final]
	at io.netty.util.ConstantPool.<init>(ConstantPool.java:34) ~[netty-common-4.1.82.Final.jar%2382!/:4.1.82.Final]
	at io.netty.util.AttributeKey$1.<init>(AttributeKey.java:27) ~[netty-common-4.1.82.Final.jar%2382!/:4.1.82.Final]
	at io.netty.util.AttributeKey.<clinit>(AttributeKey.java:27) ~[netty-common-4.1.82.Final.jar%2382!/:4.1.82.Final]
	at net.minecraftforge.network.NetworkConstants.<clinit>(NetworkConstants.java:34) ~[forge-1.20.1-47.3.7-universal.jar%23190!/:?]
	at net.minecraft.server.Bootstrap.handler$zdf000$doClassloadHack(Bootstrap.java:1034) ~[server-1.20.1-20230612.114412-srg.jar%23185!/:?]
	at net.minecraft.server.Bootstrap.m_135870_(Bootstrap.java:64) ~[server-1.20.1-20230612.114412-srg.jar%23185!/:?]
	at net.minecraftforge.registries.ForgeRegistries.init(ForgeRegistries.java:212) ~[forge-1.20.1-47.3.7-universal.jar%23190!/:?]
	at net.minecraftforge.registries.ForgeRegistries.<clinit>(ForgeRegistries.java:65) ~[forge-1.20.1-47.3.7-universal.jar%23190!/:?]
	at net.minecraft.world.level.block.LiquidBlock.<init>(LiquidBlock.java:53) ~[server-1.20.1-20230612.114412-srg.jar%23185!/:?]
	at net.minecraft.world.level.block.Blocks.<clinit>(Blocks.java:77) ~[server-1.20.1-20230612.114412-srg.jar%23185!/:?]
	at net.minecraft.world.level.block.FireBlock.m_53484_(FireBlock.java:301) ~[server-1.20.1-20230612.114412-srg.jar%23185!/:?]
	at net.minecraft.server.Bootstrap.m_135870_(Bootstrap.java:46) ~[server-1.20.1-20230612.114412-srg.jar%23185!/:?]
	at net.minecraft.server.Main.main(Main.java:121) ~[server-1.20.1-20230612.114412-srg.jar%23185!/:?]
	at jdk.internal.reflect.NativeMethodAccessorImpl.invoke0(Native Method) ~[?:?]
	at jdk.internal.reflect.NativeMethodAccessorImpl.invoke(NativeMethodAccessorImpl.java:77) ~[?:?]
	at jdk.internal.reflect.DelegatingMethodAccessorImpl.invoke(DelegatingMethodAccessorImpl.java:43) ~[?:?]
	at java.lang.reflect.Method.invoke(Method.java:569) ~[?:?]
	at net.minecraftforge.fml.loading.targets.CommonLaunchHandler.runTarget(CommonLaunchHandler.java:111) ~[fmlloader-1.20.1-47.3.7.jar%2369!/:?]
	at net.minecraftforge.fml.loading.targets.CommonLaunchHandler.serverService(CommonLaunchHandler.java:103) ~[fmlloader-1.20.1-47.3.7.jar%2369!/:?]
	at net.minecraftforge.fml.loading.targets.CommonServerLaunchHandler.lambda$makeService$0(CommonServerLaunchHandler.java:27) ~[fmlloader-1.20.1-47.3.7.jar%2369!/:?]
	at cpw.mods.modlauncher.LaunchServiceHandlerDecorator.launch(LaunchServiceHandlerDecorator.java:30) ~[modlauncher-10.0.9.jar%2355!/:?]
	at cpw.mods.modlauncher.LaunchServiceHandler.launch(LaunchServiceHandler.java:53) ~[modlauncher-10.0.9.jar%2355!/:?]
	at cpw.mods.modlauncher.LaunchServiceHandler.launch(LaunchServiceHandler.java:71) ~[modlauncher-10.0.9.jar%2355!/:?]
	at cpw.mods.modlauncher.Launcher.run(Launcher.java:108) ~[modlauncher-10.0.9.jar%2355!/:?]
	at cpw.mods.modlauncher.Launcher.main(Launcher.java:78) ~[modlauncher-10.0.9.jar%2355!/:?]
	at cpw.mods.modlauncher.BootstrapLaunchConsumer.accept(BootstrapLaunchConsumer.java:26) ~[modlauncher-10.0.9.jar%2355!/:?]
	at cpw.mods.modlauncher.BootstrapLaunchConsumer.accept(BootstrapLaunchConsumer.java:23) ~[modlauncher-10.0.9.jar%2355!/:?]
	at cpw.mods.bootstraplauncher.BootstrapLauncher.main(BootstrapLauncher.java:141) ~[bootstraplauncher-1.1.2.jar:?]
[22Mar2025 23:14:42.280] [main/DEBUG] [io.netty.util.internal.PlatformDependent0/]: java.nio.Bits.unaligned: available, true
[22Mar2025 23:14:42.281] [main/DEBUG] [io.netty.util.internal.PlatformDependent0/]: jdk.internal.misc.Unsafe.allocateUninitializedArray(int): unavailable
java.lang.IllegalAccessException: class io.netty.util.internal.PlatformDependent0$7 (in module io.netty.common) cannot access class jdk.internal.misc.Unsafe (in module java.base) because module java.base does not export jdk.internal.misc to module io.netty.common
	at jdk.internal.reflect.Reflection.newIllegalAccessException(Reflection.java:392) ~[?:?]
	at java.lang.reflect.AccessibleObject.checkAccess(AccessibleObject.java:674) ~[?:?]
	at java.lang.reflect.Method.invoke(Method.java:561) ~[?:?]
	at io.netty.util.internal.PlatformDependent0$7.run(PlatformDependent0.java:410) ~[netty-common-4.1.82.Final.jar%2382!/:4.1.82.Final]
	at java.security.AccessController.doPrivileged(AccessController.java:318) ~[?:?]
	at io.netty.util.internal.PlatformDependent0.<clinit>(PlatformDependent0.java:401) ~[netty-common-4.1.82.Final.jar%2382!/:4.1.82.Final]
	at io.netty.util.internal.PlatformDependent.isAndroid(PlatformDependent.java:333) ~[netty-common-4.1.82.Final.jar%2382!/:4.1.82.Final]
	at io.netty.util.internal.PlatformDependent.<clinit>(PlatformDependent.java:88) ~[netty-common-4.1.82.Final.jar%2382!/:4.1.82.Final]
	at io.netty.util.ConstantPool.<init>(ConstantPool.java:34) ~[netty-common-4.1.82.Final.jar%2382!/:4.1.82.Final]
	at io.netty.util.AttributeKey$1.<init>(AttributeKey.java:27) ~[netty-common-4.1.82.Final.jar%2382!/:4.1.82.Final]
	at io.netty.util.AttributeKey.<clinit>(AttributeKey.java:27) ~[netty-common-4.1.82.Final.jar%2382!/:4.1.82.Final]
	at net.minecraftforge.network.NetworkConstants.<clinit>(NetworkConstants.java:34) ~[forge-1.20.1-47.3.7-universal.jar%23190!/:?]
	at net.minecraft.server.Bootstrap.handler$zdf000$doClassloadHack(Bootstrap.java:1034) ~[server-1.20.1-20230612.114412-srg.jar%23185!/:?]
	at net.minecraft.server.Bootstrap.m_135870_(Bootstrap.java:64) ~[server-1.20.1-20230612.114412-srg.jar%23185!/:?]
	at net.minecraftforge.registries.ForgeRegistries.init(ForgeRegistries.java:212) ~[forge-1.20.1-47.3.7-universal.jar%23190!/:?]
	at net.minecraftforge.registries.ForgeRegistries.<clinit>(ForgeRegistries.java:65) ~[forge-1.20.1-47.3.7-universal.jar%23190!/:?]
	at net.minecraft.world.level.block.LiquidBlock.<init>(LiquidBlock.java:53) ~[server-1.20.1-20230612.114412-srg.jar%23185!/:?]
	at net.minecraft.world.level.block.Blocks.<clinit>(Blocks.java:77) ~[server-1.20.1-20230612.114412-srg.jar%23185!/:?]
	at net.minecraft.world.level.block.FireBlock.m_53484_(FireBlock.java:301) ~[server-1.20.1-20230612.114412-srg.jar%23185!/:?]
	at net.minecraft.server.Bootstrap.m_135870_(Bootstrap.java:46) ~[server-1.20.1-20230612.114412-srg.jar%23185!/:?]
	at net.minecraft.server.Main.main(Main.java:121) ~[server-1.20.1-20230612.114412-srg.jar%23185!/:?]
	at jdk.internal.reflect.NativeMethodAccessorImpl.invoke0(Native Method) ~[?:?]
	at jdk.internal.reflect.NativeMethodAccessorImpl.invoke(NativeMethodAccessorImpl.java:77) ~[?:?]
	at jdk.internal.reflect.DelegatingMethodAccessorImpl.invoke(DelegatingMethodAccessorImpl.java:43) ~[?:?]
	at java.lang.reflect.Method.invoke(Method.java:569) ~[?:?]
	at net.minecraftforge.fml.loading.targets.CommonLaunchHandler.runTarget(CommonLaunchHandler.java:111) ~[fmlloader-1.20.1-47.3.7.jar%2369!/:?]
	at net.minecraftforge.fml.loading.targets.CommonLaunchHandler.serverService(CommonLaunchHandler.java:103) ~[fmlloader-1.20.1-47.3.7.jar%2369!/:?]
	at net.minecraftforge.fml.loading.targets.CommonServerLaunchHandler.lambda$makeService$0(CommonServerLaunchHandler.java:27) ~[fmlloader-1.20.1-47.3.7.jar%2369!/:?]
	at cpw.mods.modlauncher.LaunchServiceHandlerDecorator.launch(LaunchServiceHandlerDecorator.java:30) ~[modlauncher-10.0.9.jar%2355!/:?]
	at cpw.mods.modlauncher.LaunchServiceHandler.launch(LaunchServiceHandler.java:53) ~[modlauncher-10.0.9.jar%2355!/:?]
	at cpw.mods.modlauncher.LaunchServiceHandler.launch(LaunchServiceHandler.java:71) ~[modlauncher-10.0.9.jar%2355!/:?]
	at cpw.mods.modlauncher.Launcher.run(Launcher.java:108) ~[modlauncher-10.0.9.jar%2355!/:?]
	at cpw.mods.modlauncher.Launcher.main(Launcher.java:78) ~[modlauncher-10.0.9.jar%2355!/:?]
	at cpw.mods.modlauncher.BootstrapLaunchConsumer.accept(BootstrapLaunchConsumer.java:26) ~[modlauncher-10.0.9.jar%2355!/:?]
	at cpw.mods.modlauncher.BootstrapLaunchConsumer.accept(BootstrapLaunchConsumer.java:23) ~[modlauncher-10.0.9.jar%2355!/:?]
	at cpw.mods.bootstraplauncher.BootstrapLauncher.main(BootstrapLauncher.java:141) ~[bootstraplauncher-1.1.2.jar:?]
[22Mar2025 23:14:42.282] [main/DEBUG] [io.netty.util.internal.PlatformDependent0/]: java.nio.DirectByteBuffer.<init>(long, int): unavailable
[22Mar2025 23:14:42.282] [main/DEBUG] [io.netty.util.internal.PlatformDependent/]: sun.misc.Unsafe: available
[22Mar2025 23:14:42.283] [main/DEBUG] [io.netty.util.internal.PlatformDependent/]: maxDirectMemory: 12884901888 bytes (maybe)
[22Mar2025 23:14:42.284] [main/DEBUG] [io.netty.util.internal.PlatformDependent/]: -Dio.netty.tmpdir: /tmp (java.io.tmpdir)
[22Mar2025 23:14:42.284] [main/DEBUG] [io.netty.util.internal.PlatformDependent/]: -Dio.netty.bitMode: 64 (sun.arch.data.model)
[22Mar2025 23:14:42.284] [main/DEBUG] [io.netty.util.internal.PlatformDependent/]: -Dio.netty.maxDirectMemory: -1 bytes
[22Mar2025 23:14:42.285] [main/DEBUG] [io.netty.util.internal.PlatformDependent/]: -Dio.netty.uninitializedArrayAllocationThreshold: -1
[22Mar2025 23:14:42.286] [main/DEBUG] [io.netty.util.internal.CleanerJava9/]: java.nio.ByteBuffer.cleaner(): available
[22Mar2025 23:14:42.286] [main/DEBUG] [io.netty.util.internal.PlatformDependent/]: -Dio.netty.noPreferDirect: false
[22Mar2025 23:14:42.414] [main/DEBUG] [mixin/]: Mixing BrushableBlockEntityMixin from tombstone.mixins.json into net.minecraft.world.level.block.entity.BrushableBlockEntity
[22Mar2025 23:14:42.436] [main/DEBUG] [mixin/]: Mixing FallingBlockEntityMixin from alexscaves.mixins.json into net.minecraft.world.entity.item.FallingBlockEntity
[22Mar2025 23:14:42.439] [main/DEBUG] [mixin/]: Mixing MixinFallingBlockEntity from architectury.mixins.json into net.minecraft.world.entity.item.FallingBlockEntity
[22Mar2025 23:14:42.495] [main/DEBUG] [mixin/]: Mixing RandomizableContainerBlockEntityAccess from wthit.mixins.json into net.minecraft.world.level.block.entity.RandomizableContainerBlockEntity
[22Mar2025 23:14:42.495] [main/DEBUG] [mixin/]: wthit.mixins.json:RandomizableContainerBlockEntityAccess: Class version 61 required is higher than the class version supported by the current version of Mixin (JAVA_16 supports class version 60)
[22Mar2025 23:14:42.497] [main/DEBUG] [mixin/]: Mixing BaseContainerBlockEntityAccess from wthit.mixins.json into net.minecraft.world.level.block.entity.BaseContainerBlockEntity
[22Mar2025 23:14:42.497] [main/DEBUG] [mixin/]: wthit.mixins.json:BaseContainerBlockEntityAccess: Class version 61 required is higher than the class version supported by the current version of Mixin (JAVA_16 supports class version 60)
[22Mar2025 23:14:42.634] [main/DEBUG] [mixin/]: Mixing ChiseledBookShelfBlockEntityMixin from easymagic.common.mixins.json into net.minecraft.world.level.block.entity.ChiseledBookShelfBlockEntity
[22Mar2025 23:14:42.636] [main/DEBUG] [mixin/]: Mixing ChiseledBookShelfBlockEntityAccess from wthit.mixins.json into net.minecraft.world.level.block.entity.ChiseledBookShelfBlockEntity
[22Mar2025 23:14:42.636] [main/DEBUG] [mixin/]: wthit.mixins.json:ChiseledBookShelfBlockEntityAccess: Class version 61 required is higher than the class version supported by the current version of Mixin (JAVA_16 supports class version 60)
[22Mar2025 23:14:42.789] [main/DEBUG] [mixin/]: Mixing AbstractFurnaceBlockEntityAccess from wthit.mixins.json into net.minecraft.world.level.block.entity.AbstractFurnaceBlockEntity
[22Mar2025 23:14:42.790] [main/DEBUG] [mixin/]: wthit.mixins.json:AbstractFurnaceBlockEntityAccess: Class version 61 required is higher than the class version supported by the current version of Mixin (JAVA_16 supports class version 60)
[22Mar2025 23:14:42.852] [main/DEBUG] [mixin/]: Mixing AbstractArrowMixin from alexscaves.mixins.json into net.minecraft.world.entity.projectile.AbstractArrow
[22Mar2025 23:14:42.920] [main/DEBUG] [mixin/]: Mixing accessors.MobAccessor from mixins.artifacts.common.json into net.minecraft.world.entity.Mob
[22Mar2025 23:14:42.920] [main/DEBUG] [mixin/]: Mixing MobRememberSpawnReasonMixin from takesapillage.mixins.json into net.minecraft.world.entity.Mob
[22Mar2025 23:14:42.921] [main/DEBUG] [mixin/]: Mixing MobMixin from alexscaves.mixins.json into net.minecraft.world.entity.Mob
[22Mar2025 23:14:42.924] [main/DEBUG] [mixin/]: Mixing MobMixin from tombstone.mixins.json into net.minecraft.world.entity.Mob
[22Mar2025 23:14:42.925] [main/DEBUG] [mixin/]: Renaming synthetic method lambda$methodSetTarget$2(Lnet/minecraft/world/entity/LivingEntity;Ljava/util/UUID;)Ljava/lang/Boolean; to md30edc7$lambda$methodSetTarget$2$0 in tombstone.mixins.json:MobMixin
[22Mar2025 23:14:42.925] [main/DEBUG] [mixin/]: Renaming synthetic method lambda$methodCanBeLeashed$1(Lnet/minecraft/world/entity/player/Player;Ljava/util/UUID;)Ljava/lang/Boolean; to md30edc7$lambda$methodCanBeLeashed$1$1 in tombstone.mixins.json:MobMixin
[22Mar2025 23:14:42.926] [main/DEBUG] [mixin/]: Renaming synthetic method lambda$methodTick$0(Lnet/minecraft/world/entity/Mob;Lovh/corail/tombstone/api/capability/ISpellCaster;)V to md30edc7$lambda$methodTick$0$2 in tombstone.mixins.json:MobMixin
[22Mar2025 23:14:42.974] [main/DEBUG] [mixin/]: Mixing MonsterMixin from alexscaves.mixins.json into net.minecraft.world.entity.monster.Monster
[22Mar2025 23:14:42.978] [main/DEBUG] [mixin/]: Mixing MonsterMixin from tombstone.mixins.json into net.minecraft.world.entity.monster.Monster
[22Mar2025 23:14:43.026] [main/DEBUG] [mixin/]: Mixing accessor.EnchantmentMenuAccessor from easymagic.common.mixins.json into net.minecraft.world.inventory.EnchantmentMenu
[22Mar2025 23:14:43.041] [main/DEBUG] [net.minecraftforge.coremod.transformer.CoreModBaseTransformer/COREMOD]: Transforming net/minecraft/world/item/ItemStack
[22Mar2025 23:14:43.042] [main/DEBUG] [mixin/]: Mixing ItemStackMixin from tombstone.mixins.json into net.minecraft.world.item.ItemStack
[22Mar2025 23:14:43.062] [main/DEBUG] [mixin/]: Mixing BeaconBlockEntityAccess from wthit.mixins.json into net.minecraft.world.level.block.entity.BeaconBlockEntity
[22Mar2025 23:14:43.063] [main/DEBUG] [mixin/]: wthit.mixins.json:BeaconBlockEntityAccess: Class version 61 required is higher than the class version supported by the current version of Mixin (JAVA_16 supports class version 60)
[22Mar2025 23:14:43.314] [main/DEBUG] [mixin/]: Mixing SmithingMenuMixin from citadel.mixins.json into net.minecraft.world.inventory.SmithingMenu
[22Mar2025 23:14:43.353] [main/DEBUG] [mixin/]: Mixing BeehiveBlockEntityAccess from wthit.mixins.json into net.minecraft.world.level.block.entity.BeehiveBlockEntity
[22Mar2025 23:14:43.354] [main/DEBUG] [mixin/]: wthit.mixins.json:BeehiveBlockEntityAccess: Class version 61 required is higher than the class version supported by the current version of Mixin (JAVA_16 supports class version 60)
[22Mar2025 23:14:43.407] [main/DEBUG] [mixin/]: Mixing MixinLightningBolt from architectury-common.mixins.json into net.minecraft.world.entity.LightningBolt
[22Mar2025 23:14:43.457] [main/DEBUG] [net.minecraftforge.coremod.transformer.CoreModBaseTransformer/COREMOD]: Transforming net/minecraft/world/entity/animal/frog/Tadpole
[22Mar2025 23:14:43.500] [main/DEBUG] [mixin/]: Mixing accessor.BlockItemAccessor from puzzleslib.common.mixins.json into net.minecraft.world.item.BlockItem
[22Mar2025 23:14:43.525] [main/DEBUG] [net.minecraftforge.coremod.transformer.CoreModBaseTransformer/COREMOD]: Transforming net/minecraft/world/item/BucketItem
[22Mar2025 23:14:43.525] [main/DEBUG] [mixin/]: Mixing inject.MixinBucketItem from architectury-common.mixins.json into net.minecraft.world.item.BucketItem
[22Mar2025 23:14:43.533] [main/DEBUG] [mixin/]: Mixing BundleItemMixin from tombstone.mixins.json into net.minecraft.world.item.BundleItem
[22Mar2025 23:14:43.533] [main/DEBUG] [mixin/]: Renaming synthetic method lambda$getEnchantmentLevel$0(Lnet/minecraft/world/item/ItemStack;Lovh/corail/tombstone/api/capability/ISoulConsumer;)Ljava/lang/Boolean; to md30edc7$lambda$getEnchantmentLevel$0$0 in tombstone.mixins.json:BundleItemMixin
[22Mar2025 23:14:43.536] [main/DEBUG] [mixin/]: Mixing item.wearable.anglershat.FishingRodItemMixin from mixins.artifacts.common.json into net.minecraft.world.item.FishingRodItem
[22Mar2025 23:14:43.544] [main/DEBUG] [mixin/]: Mixing MixinShearsItem from curios.mixins.json into net.minecraft.world.item.ShearsItem
[22Mar2025 23:14:43.548] [main/DEBUG] [mixin/]: Mixing PotionItemMixin from tombstone.mixins.json into net.minecraft.world.item.PotionItem
[22Mar2025 23:14:43.549] [main/DEBUG] [mixin/]: Renaming synthetic method lambda$methodFinishUsingItemReturn$1(Lnet/minecraft/world/entity/LivingEntity;Lovh/corail/tombstone/api/capability/ITBCapability;)V to md30edc7$lambda$methodFinishUsingItemReturn$1$0 in tombstone.mixins.json:PotionItemMixin
[22Mar2025 23:14:43.549] [main/DEBUG] [mixin/]: Renaming synthetic method lambda$effectList$0(Lnet/minecraft/world/effect/MobEffectInstance;)Ljava/lang/Integer; to md30edc7$lambda$effectList$0$1 in tombstone.mixins.json:PotionItemMixin
[22Mar2025 23:14:43.595] [main/DEBUG] [mixin/]: Mixing inject.MixinItemProperties from architectury-common.mixins.json into net.minecraft.world.item.Item$Properties
[22Mar2025 23:14:43.624] [main/DEBUG] [mixin/]: Mixing AbstractMinecartMixin from alexscaves.mixins.json into net.minecraft.world.entity.vehicle.AbstractMinecart
[22Mar2025 23:14:43.700] [main/DEBUG] [mixin/]: Mixing ServerPlayerEntityTickMixin from yungsapi.mixins.json into net.minecraft.server.level.ServerPlayer
[22Mar2025 23:14:43.701] [main/DEBUG] [mixin/]: Mixing ServerPlayerMixin from nerb-common.mixins.json into net.minecraft.server.level.ServerPlayer
[22Mar2025 23:14:43.702] [main/DEBUG] [mixin/]: Mixing ServerPlayerMixin from tombstone.mixins.json into net.minecraft.server.level.ServerPlayer
[22Mar2025 23:14:43.732] [main/DEBUG] [mixin/]: Mixing perf.dynamic_dfu.EntityTypeBuilderMixin from modernfix-common.mixins.json into net.minecraft.world.entity.EntityType$Builder
[22Mar2025 23:14:43.771] [main/DEBUG] [mixin/]: Mixing perf.ticking_chunk_alloc.BatMixin from modernfix-common.mixins.json into net.minecraft.world.entity.ambient.Bat
[22Mar2025 23:14:43.796] [main/DEBUG] [mixin/]: Mixing HurtByTargetGoalMixin from tombstone.mixins.json into net.minecraft.world.entity.ai.goal.target.HurtByTargetGoal
[22Mar2025 23:14:43.799] [main/DEBUG] [mixin/]: Mixing accessor.TargetGoalAccessor from tombstone.mixins.json into net.minecraft.world.entity.ai.goal.target.TargetGoal
[22Mar2025 23:14:43.845] [main/DEBUG] [net.minecraftforge.coremod.transformer.CoreModBaseTransformer/COREMOD]: Transforming net/minecraft/world/entity/monster/Spider
[22Mar2025 23:14:43.909] [main/DEBUG] [net.minecraftforge.coremod.transformer.CoreModBaseTransformer/COREMOD]: Transforming net/minecraft/world/entity/monster/Zombie
[22Mar2025 23:14:43.965] [main/DEBUG] [net.minecraftforge.coremod.transformer.CoreModBaseTransformer/COREMOD]: Transforming net/minecraft/world/entity/monster/ZombieVillager
[22Mar2025 23:14:44.048] [main/DEBUG] [net.minecraftforge.coremod.transformer.CoreModBaseTransformer/COREMOD]: Transforming net/minecraft/world/entity/monster/Evoker$EvokerSummonSpellGoal
[22Mar2025 23:14:44.088] [main/DEBUG] [mixin/]: Mixing FrogMixin from alexscaves.mixins.json into net.minecraft.world.entity.animal.frog.Frog
[22Mar2025 23:14:44.260] [main/DEBUG] [net.minecraftforge.coremod.transformer.CoreModBaseTransformer/COREMOD]: Transforming net/minecraft/world/entity/animal/horse/SkeletonTrapGoal
[22Mar2025 23:14:44.283] [main/DEBUG] [net.minecraftforge.coremod.transformer.CoreModBaseTransformer/COREMOD]: Transforming net/minecraft/world/entity/monster/Strider
[22Mar2025 23:14:44.369] [main/DEBUG] [mixin/]: Mixing ClayGolemSensorMixin from takesapillage.mixins.json into net.minecraft.world.entity.ai.sensing.GolemSensor
[22Mar2025 23:14:44.370] [main/DEBUG] [mixin/]: Renaming synthetic method lambda$checkForNearbyClayGolem$0(Lnet/minecraft/world/entity/LivingEntity;)Z to md30edc7$lambda$checkForNearbyClayGolem$0$0 in takesapillage.mixins.json:ClayGolemSensorMixin
[22Mar2025 23:14:44.388] [main/DEBUG] [mixin/]: Mixing perf.ticking_chunk_alloc.ChunkAccessMixin from modernfix-common.mixins.json into net.minecraft.world.level.chunk.ChunkAccess
[22Mar2025 23:14:44.400] [main/DEBUG] [mixin/]: Mixing common.chunk.ChunkAccessMixin from starlight.mixins.json into net.minecraft.world.level.chunk.ChunkAccess
[22Mar2025 23:14:44.411] [main/DEBUG] [mixin/]: Mixing common.chunk.LevelChunkMixin from starlight.mixins.json into net.minecraft.world.level.chunk.LevelChunk
[22Mar2025 23:14:44.458] [main/DEBUG] [net.minecraftforge.coremod.transformer.CoreModBaseTransformer/COREMOD]: Transforming net/minecraft/world/entity/npc/Villager
[22Mar2025 23:14:44.545] [main/DEBUG] [mixin/]: Mixing item.wearable.villagerhat.VillagerMixin from mixins.artifacts.common.json into net.minecraft.world.entity.npc.Villager
[22Mar2025 23:14:44.547] [main/DEBUG] [mixin/]: Mixing accessor.VillagerAccessor from tombstone.mixins.json into net.minecraft.world.entity.npc.Villager
[22Mar2025 23:14:44.606] [main/DEBUG] [mixin/]: Mixing inject.MixinFoodPropertiesBuilder from architectury-common.mixins.json into net.minecraft.world.food.FoodProperties$Builder
[22Mar2025 23:14:44.611] [main/DEBUG] [net.minecraftforge.coremod.transformer.CoreModBaseTransformer/COREMOD]: Transforming net/minecraft/world/effect/MobEffectInstance
[22Mar2025 23:14:44.652] [main/DEBUG] [mixin/]: Mixing bugfix.forge_vehicle_packets.ServerGamePacketListenerImplMixin from modernfix-forge.mixins.json into net.minecraft.server.network.ServerGamePacketListenerImpl
[22Mar2025 23:14:44.653] [main/DEBUG] [mixin/]: Mixing item.umbrella.server.ServerGamePacketListenerImplMixin from mixins.artifacts.common.json into net.minecraft.server.network.ServerGamePacketListenerImpl
[22Mar2025 23:14:44.655] [main/DEBUG] [mixin/]: Mixing MixinServerGamePacketListenerImpl from badpackets.mixins.json into net.minecraft.server.network.ServerGamePacketListenerImpl
[22Mar2025 23:14:44.655] [main/DEBUG] [mixin/]: badpackets.mixins.json:MixinServerGamePacketListenerImpl: Class version 61 required is higher than the class version supported by the current version of Mixin (JAVA_16 supports class version 60)
[22Mar2025 23:14:44.658] [main/DEBUG] [mixin/]: Mixing swimming.server.ServerGamePacketListenerImplMixin from expandability-common.mixins.json into net.minecraft.server.network.ServerGamePacketListenerImpl
[22Mar2025 23:14:44.683] [main/DEBUG] [mixin/]: Mixing accessor.PotionBrewingAccessor from yungsapi.mixins.json into net.minecraft.world.item.alchemy.PotionBrewing
[22Mar2025 23:14:44.683] [main/DEBUG] [mixin/]: Renaming @Invoker method callAddMix(Lnet/minecraft/world/item/alchemy/Potion;Lnet/minecraft/world/item/Item;Lnet/minecraft/world/item/alchemy/Potion;)V to callAddMix_$md$30edc7$0 in yungsapi.mixins.json:accessor.PotionBrewingAccessor
[22Mar2025 23:14:44.683] [main/DEBUG] [mixin/]: Mixing accessor.PotionBrewingForgeAccessor from puzzleslib.forge.mixins.json into net.minecraft.world.item.alchemy.PotionBrewing
[22Mar2025 23:14:44.683] [main/DEBUG] [mixin/]: Renaming @Accessor method puzzleslib$getPotionMixes()Ljava/util/List; to puzzleslib$getPotionMixes_$md$30edc7$1 in puzzleslib.forge.mixins.json:accessor.PotionBrewingForgeAccessor
[22Mar2025 23:14:44.684] [main/DEBUG] [mixin/]: Renaming @Accessor method puzzleslib$getContainerMixes()Ljava/util/List; to puzzleslib$getContainerMixes_$md$30edc7$2 in puzzleslib.forge.mixins.json:accessor.PotionBrewingForgeAccessor
[22Mar2025 23:14:44.684] [main/DEBUG] [mixin/]: Renaming @Accessor method puzzleslib$getAllowedContainers()Ljava/util/List; to puzzleslib$getAllowedContainers_$md$30edc7$3 in puzzleslib.forge.mixins.json:accessor.PotionBrewingForgeAccessor
[22Mar2025 23:14:44.691] [main/DEBUG] [mixin/]: Mixing perf.nbt_memory_usage.CompoundTagMixin from modernfix-common.mixins.json into net.minecraft.nbt.CompoundTag
[22Mar2025 23:14:44.697] [main/DEBUG] [mixin/]: Mixing perf.nbt_memory_usage.CompoundTag1Mixin from modernfix-common.mixins.json into net.minecraft.nbt.CompoundTag$1
[22Mar2025 23:14:44.793] [main/DEBUG] [mixin/]: Mixing accessor.StructureProcessorAccessor from betterdungeons.mixins.json into net.minecraft.world.level.levelgen.structure.templatesystem.StructureProcessor
[22Mar2025 23:14:44.815] [main/DEBUG] [mixin/]: Mixing common.lightengine.LevelLightEngineMixin from starlight.mixins.json into net.minecraft.world.level.lighting.LevelLightEngine
[22Mar2025 23:14:44.816] [main/DEBUG] [mixin/]: Renaming synthetic method lambda$clientUpdateLight$1(J)[Lca/spottedleaf/starlight/common/light/SWMRNibbleArray; to md30edc7$lambda$clientUpdateLight$1$0 in starlight.mixins.json:common.lightengine.LevelLightEngineMixin
[22Mar2025 23:14:44.819] [main/DEBUG] [mixin/]: Renaming synthetic method lambda$clientUpdateLight$0(J)[Lca/spottedleaf/starlight/common/light/SWMRNibbleArray; to md30edc7$lambda$clientUpdateLight$0$1 in starlight.mixins.json:common.lightengine.LevelLightEngineMixin
[22Mar2025 23:14:44.842] [main/DEBUG] [mixin/]: Mixing common.lightengine.ThreadedLevelLightEngineMixin from starlight.mixins.json into net.minecraft.server.level.ThreadedLevelLightEngine
[22Mar2025 23:14:44.842] [main/DEBUG] [mixin/]: Renaming synthetic method lambda$lightChunk$7(Lnet/minecraft/world/level/ChunkPos;Lnet/minecraft/world/level/chunk/ChunkAccess;Ljava/lang/Throwable;)V to md30edc7$lambda$lightChunk$7$0 in starlight.mixins.json:common.lightengine.ThreadedLevelLightEngineMixin
[22Mar2025 23:14:44.843] [main/DEBUG] [mixin/]: Renaming synthetic method lambda$lightChunk$6(Lnet/minecraft/world/level/ChunkPos;Ljava/lang/Runnable;)V to md30edc7$lambda$lightChunk$6$1 in starlight.mixins.json:common.lightengine.ThreadedLevelLightEngineMixin
[22Mar2025 23:14:44.843] [main/DEBUG] [mixin/]: Renaming synthetic method lambda$lightChunk$5(Lnet/minecraft/world/level/chunk/ChunkAccess;ZLnet/minecraft/world/level/ChunkPos;)Lnet/minecraft/world/level/chunk/ChunkAccess; to md30edc7$lambda$lightChunk$5$2 in starlight.mixins.json:common.lightengine.ThreadedLevelLightEngineMixin
[22Mar2025 23:14:44.843] [main/DEBUG] [mixin/]: Renaming synthetic method lambda$updateSectionStatus$4(Lnet/minecraft/core/SectionPos;Z)Ljava/util/concurrent/CompletableFuture; to md30edc7$lambda$updateSectionStatus$4$3 in starlight.mixins.json:common.lightengine.ThreadedLevelLightEngineMixin
[22Mar2025 23:14:44.843] [main/DEBUG] [mixin/]: Renaming synthetic method lambda$checkBlock$3(Lnet/minecraft/core/BlockPos;)Ljava/util/concurrent/CompletableFuture; to md30edc7$lambda$checkBlock$3$4 in starlight.mixins.json:common.lightengine.ThreadedLevelLightEngineMixin
[22Mar2025 23:14:44.843] [main/DEBUG] [mixin/]: Renaming synthetic method lambda$queueTaskForSection$2(IILjava/lang/Void;Ljava/lang/Throwable;)V to md30edc7$lambda$queueTaskForSection$2$5 in starlight.mixins.json:common.lightengine.ThreadedLevelLightEngineMixin
[22Mar2025 23:14:44.843] [main/DEBUG] [mixin/]: Renaming synthetic method lambda$queueTaskForSection$1(JIILnet/minecraft/server/level/ServerLevel;Ljava/lang/Void;)V to md30edc7$lambda$queueTaskForSection$1$6 in starlight.mixins.json:common.lightengine.ThreadedLevelLightEngineMixin
[22Mar2025 23:14:44.843] [main/DEBUG] [mixin/]: Renaming synthetic method lambda$queueTaskForSection$0(IIILjava/util/function/Supplier;)V to md30edc7$lambda$queueTaskForSection$0$7 in starlight.mixins.json:common.lightengine.ThreadedLevelLightEngineMixin
[22Mar2025 23:14:44.873] [main/DEBUG] [mixin/]: Mixing perf.dynamic_structure_manager.StructureManagerMixin from modernfix-common.mixins.json into net.minecraft.world.level.levelgen.structure.templatesystem.StructureTemplateManager
[22Mar2025 23:14:44.876] [main/DEBUG] [mixin/]: Mixing perf.cache_upgraded_structures.StructureManagerMixin from modernfix-common.mixins.json into net.minecraft.world.level.levelgen.structure.templatesystem.StructureTemplateManager
[22Mar2025 23:14:44.891] [main/DEBUG] [mixin/]: Mixing ChunkGeneratorMixin from citadel.mixins.json into net.minecraft.world.level.chunk.ChunkGenerator
[22Mar2025 23:14:44.928] [main/DEBUG] [mixin/]: Mixing MixinInventory from curios.mixins.json into net.minecraft.world.entity.player.Inventory
[22Mar2025 23:14:44.939] [main/DEBUG] [mixin/]: Mixing SlotAccessor from balm.mixins.json into net.minecraft.world.inventory.Slot
[22Mar2025 23:14:44.969] [main/DEBUG] [mixin/]: Mixing accessor.ShapedRecipeAccessor from tombstone.mixins.json into net.minecraft.world.item.crafting.ShapedRecipe
[22Mar2025 23:14:45.090] [main/DEBUG] [mixin/]: Mixing EnchantRandomlyFunctionMixin from alexscaves.mixins.json into net.minecraft.world.level.storage.loot.functions.EnchantRandomlyFunction
[22Mar2025 23:14:45.090] [main/DEBUG] [mixin/]: Renaming synthetic method lambda$ac_enchantItem$0(ZLnet/minecraft/world/item/ItemStack;Lnet/minecraft/world/item/enchantment/Enchantment;)Z to md30edc7$lambda$ac_enchantItem$0$0 in alexscaves.mixins.json:EnchantRandomlyFunctionMixin
[22Mar2025 23:14:45.112] [main/DEBUG] [mixin/]: Mixing MixinApplyBonusCount from curios.mixins.json into net.minecraft.world.level.storage.loot.functions.ApplyBonusCount
[22Mar2025 23:14:45.238] [main/DEBUG] [mixin/]: Mixing MultifaceGrowthFeatureMixin from alexscaves.mixins.json into net.minecraft.world.level.levelgen.feature.MultifaceGrowthFeature
[22Mar2025 23:14:45.245] [main/DEBUG] [mixin/]: Mixing gen.NoLakesInStructuresMixin from iceandfire.mixins.json into net.minecraft.world.level.levelgen.feature.LakeFeature
[22Mar2025 23:14:45.254] [main/DEBUG] [mixin/]: Mixing SeagrassFeatureMixin from alexscaves.mixins.json into net.minecraft.world.level.levelgen.feature.SeagrassFeature
[22Mar2025 23:14:45.256] [main/DEBUG] [mixin/]: Mixing KelpFeatureMixin from alexscaves.mixins.json into net.minecraft.world.level.levelgen.feature.KelpFeature
[22Mar2025 23:14:45.258] [main/DEBUG] [mixin/]: Mixing CoralFeatureMixin from alexscaves.mixins.json into net.minecraft.world.level.levelgen.feature.CoralFeature
[22Mar2025 23:14:45.264] [main/DEBUG] [mixin/]: Mixing NoBasaltColumnsInStructuresMixin from betterdungeons.mixins.json into net.minecraft.world.level.levelgen.feature.BasaltColumnsFeature
[22Mar2025 23:14:45.266] [main/DEBUG] [net.minecraftforge.coremod.transformer.CoreModBaseTransformer/COREMOD]: Transforming net/minecraft/world/level/levelgen/structure/Structure
[22Mar2025 23:14:45.279] [main/DEBUG] [mixin/]: Mixing NoDeltasInStructuresMixin from betterdungeons.mixins.json into net.minecraft.world.level.levelgen.feature.DeltaFeature
[22Mar2025 23:14:45.414] [main/DEBUG] [net.minecraftforge.coremod.transformer.CoreModBaseTransformer/COREMOD]: Transforming net/minecraft/world/level/levelgen/structure/Structure
[22Mar2025 23:14:45.463] [main/DEBUG] [net.minecraftforge.coremod.transformer.CoreModBaseTransformer/COREMOD]: Transforming net/minecraft/world/level/levelgen/structure/structures/OceanRuinPieces$OceanRuinPiece
[22Mar2025 23:14:45.488] [main/DEBUG] [net.minecraftforge.coremod.transformer.CoreModBaseTransformer/COREMOD]: Transforming net/minecraft/world/level/levelgen/structure/structures/SwampHutPiece
[22Mar2025 23:14:45.498] [main/DEBUG] [mixin/]: Mixing SwampHutPieceMixin from alexscaves.mixins.json into net.minecraft.world.level.levelgen.structure.structures.SwampHutPiece
[22Mar2025 23:14:45.501] [main/WARN] [mixin/]: Mixin alexscaves.mixins.json:SwampHutPieceMixin has multiple constructors, (Lnet/minecraft/world/level/levelgen/structure/pieces/StructurePieceType;IIIIIILnet/minecraft/core/Direction;)V was selected

[22Mar2025 23:14:45.507] [main/DEBUG] [net.minecraftforge.coremod.transformer.CoreModBaseTransformer/COREMOD]: Transforming net/minecraft/world/level/levelgen/structure/structures/OceanMonumentPieces$OceanMonumentPiece
[22Mar2025 23:14:45.528] [main/DEBUG] [net.minecraftforge.coremod.transformer.CoreModBaseTransformer/COREMOD]: Transforming net/minecraft/world/level/levelgen/structure/structures/WoodlandMansionPieces$WoodlandMansionPiece
[22Mar2025 23:14:45.557] [main/DEBUG] [mixin/]: Mixing JigsawStructureMixin from alexscaves.mixins.json into net.minecraft.world.level.levelgen.structure.structures.JigsawStructure
[22Mar2025 23:14:45.564] [main/DEBUG] [mixin/]: Mixing accessor.StructureTemplatePoolAccessor from yungsapi.mixins.json into net.minecraft.world.level.levelgen.structure.pools.StructureTemplatePool
[22Mar2025 23:14:45.565] [main/DEBUG] [mixin/]: Mixing IncreaseStructureWeightLimitMixinForge from yungsapi_forge.mixins.json into net.minecraft.world.level.levelgen.structure.pools.StructureTemplatePool
[22Mar2025 23:14:45.580] [main/DEBUG] [mixin/]: Mixing OceanMonumentStructureMixin from alexscaves.mixins.json into net.minecraft.world.level.levelgen.structure.structures.OceanMonumentStructure
[22Mar2025 23:14:45.593] [main/DEBUG] [mixin/]: Mixing ShipwreckStructureMixin from alexscaves.mixins.json into net.minecraft.world.level.levelgen.structure.structures.ShipwreckStructure
[22Mar2025 23:14:45.670] [main/DEBUG] [mixin/]: Mixing BiomeSourceMixin from alexscaves.mixins.json into net.minecraft.world.level.biome.BiomeSource
[22Mar2025 23:14:45.675] [main/DEBUG] [net.minecraftforge.coremod.transformer.CoreModBaseTransformer/COREMOD]: Transforming net/minecraft/world/level/biome/Biome
[22Mar2025 23:14:45.675] [main/DEBUG] [mixin/]: Mixing perf.remove_biome_temperature_cache.BiomeMixin from modernfix-common.mixins.json into net.minecraft.world.level.biome.Biome
[22Mar2025 23:14:45.712] [main/DEBUG] [mixin/]: Mixing accessor.MobSpawnSettingsBuilderForgeAccessor from puzzleslib.forge.mixins.json into net.minecraft.world.level.biome.MobSpawnSettings$Builder
[22Mar2025 23:14:45.728] [main/DEBUG] [mixin/]: Mixing MultiNoiseBiomeSourceMixin from alexscaves.mixins.json into net.minecraft.world.level.biome.MultiNoiseBiomeSource
[22Mar2025 23:14:45.755] [main/DEBUG] [mixin/]: Mixing NoiseBasedChunkGeneratorMixin from citadel.mixins.json into net.minecraft.world.level.levelgen.NoiseBasedChunkGenerator
[22Mar2025 23:14:45.862] [main/DEBUG] [mixin/]: Mixing accessor.SinglePoolElementAccessor from yungsapi.mixins.json into net.minecraft.world.level.levelgen.structure.pools.SinglePoolElement
[22Mar2025 23:14:45.869] [main/DEBUG] [mixin/]: Mixing accessor.ListPoolElementAccessor from yungsapi.mixins.json into net.minecraft.world.level.levelgen.structure.pools.ListPoolElement
[22Mar2025 23:14:45.871] [main/DEBUG] [mixin/]: Mixing accessor.FeaturePoolElementAccessor from yungsapi.mixins.json into net.minecraft.world.level.levelgen.structure.pools.FeaturePoolElement
[22Mar2025 23:14:45.896] [main/DEBUG] [mixin/]: Mixing LanguageMixin from wthit.mixins.json into net.minecraft.locale.Language
[22Mar2025 23:14:45.896] [main/DEBUG] [mixin/]: wthit.mixins.json:LanguageMixin: Class version 61 required is higher than the class version supported by the current version of Mixin (JAVA_16 supports class version 60)
[22Mar2025 23:14:46.008] [main/DEBUG] [net.minecraftforge.common.ForgeI18n/CORE]: Loading I18N data entries: 6430
[22Mar2025 23:14:46.020] [main/DEBUG] [net.minecraftforge.fml.ModWorkManager/LOADING]: Using 4 threads for parallel mod-loading
[22Mar2025 23:14:46.024] [main/DEBUG] [net.minecraftforge.fml.javafmlmod.FMLJavaModLanguageProvider/LOADING]: Loading FMLModContainer from classloader cpw.mods.modlauncher.TransformingClassLoader@5c9934da - got cpw.mods.cl.ModuleClassLoader@160396db
[22Mar2025 23:14:46.025] [main/DEBUG] [net.minecraftforge.fml.javafmlmod.FMLModContainer/LOADING]: Creating FMLModContainer instance for com.yungnickyoung.minecraft.betterdungeons.BetterDungeonsForge
[22Mar2025 23:14:46.026] [main/DEBUG] [net.minecraftforge.fml.javafmlmod.FMLJavaModLanguageProvider/LOADING]: Loading FMLModContainer from classloader cpw.mods.modlauncher.TransformingClassLoader@5c9934da - got cpw.mods.cl.ModuleClassLoader@160396db
[22Mar2025 23:14:46.026] [main/DEBUG] [net.minecraftforge.fml.javafmlmod.FMLModContainer/LOADING]: Creating FMLModContainer instance for net.blay09.mods.kuma.forge.ForgeKumaAPI
[22Mar2025 23:14:46.026] [main/DEBUG] [net.minecraftforge.fml.javafmlmod.FMLJavaModLanguageProvider/LOADING]: Loading FMLModContainer from classloader cpw.mods.modlauncher.TransformingClassLoader@5c9934da - got cpw.mods.cl.ModuleClassLoader@160396db
[22Mar2025 23:14:46.027] [main/DEBUG] [net.minecraftforge.fml.javafmlmod.FMLModContainer/LOADING]: Creating FMLModContainer instance for net.blay09.mods.trashslot.ForgeTrashSlot
[22Mar2025 23:14:46.027] [main/DEBUG] [net.minecraftforge.fml.javafmlmod.FMLJavaModLanguageProvider/LOADING]: Loading FMLModContainer from classloader cpw.mods.modlauncher.TransformingClassLoader@5c9934da - got cpw.mods.cl.ModuleClassLoader@160396db
[22Mar2025 23:14:46.027] [main/DEBUG] [net.minecraftforge.fml.javafmlmod.FMLModContainer/LOADING]: Creating FMLModContainer instance for fuzs.easymagic.EasyMagicForge
[22Mar2025 23:14:46.027] [main/DEBUG] [net.minecraftforge.fml.javafmlmod.FMLJavaModLanguageProvider/LOADING]: Loading FMLModContainer from classloader cpw.mods.modlauncher.TransformingClassLoader@5c9934da - got cpw.mods.cl.ModuleClassLoader@160396db
[22Mar2025 23:14:46.027] [main/DEBUG] [net.minecraftforge.fml.javafmlmod.FMLModContainer/LOADING]: Creating FMLModContainer instance for com.jahirtrap.configlib.ConfigLibMod
[22Mar2025 23:14:46.028] [main/DEBUG] [net.minecraftforge.fml.javafmlmod.FMLJavaModLanguageProvider/LOADING]: Loading FMLModContainer from classloader cpw.mods.modlauncher.TransformingClassLoader@5c9934da - got cpw.mods.cl.ModuleClassLoader@160396db
[22Mar2025 23:14:46.028] [main/DEBUG] [net.minecraftforge.fml.javafmlmod.FMLModContainer/LOADING]: Creating FMLModContainer instance for atomicstryker.dynamiclights.server.DynamicLights
[22Mar2025 23:14:46.029] [main/DEBUG] [net.minecraftforge.fml.javafmlmod.FMLJavaModLanguageProvider/LOADING]: Loading FMLModContainer from classloader cpw.mods.modlauncher.TransformingClassLoader@5c9934da - got cpw.mods.cl.ModuleClassLoader@160396db
[22Mar2025 23:14:46.029] [main/DEBUG] [net.minecraftforge.fml.javafmlmod.FMLModContainer/LOADING]: Creating FMLModContainer instance for net.p3pp3rf1y.sophisticatedcore.SophisticatedCore
[22Mar2025 23:14:46.029] [main/DEBUG] [net.minecraftforge.fml.javafmlmod.FMLJavaModLanguageProvider/LOADING]: Loading FMLModContainer from classloader cpw.mods.modlauncher.TransformingClassLoader@5c9934da - got cpw.mods.cl.ModuleClassLoader@160396db
[22Mar2025 23:14:46.029] [main/DEBUG] [net.minecraftforge.fml.javafmlmod.FMLModContainer/LOADING]: Creating FMLModContainer instance for journeymap.common.Journeymap
[22Mar2025 23:14:46.030] [main/DEBUG] [net.minecraftforge.fml.javafmlmod.FMLJavaModLanguageProvider/LOADING]: Loading FMLModContainer from classloader cpw.mods.modlauncher.TransformingClassLoader@5c9934da - got cpw.mods.cl.ModuleClassLoader@160396db
[22Mar2025 23:14:46.030] [main/DEBUG] [net.minecraftforge.fml.javafmlmod.FMLModContainer/LOADING]: Creating FMLModContainer instance for org.embeddedt.modernfix.forge.init.ModernFixForge
[22Mar2025 23:14:46.031] [main/DEBUG] [net.minecraftforge.fml.javafmlmod.FMLJavaModLanguageProvider/LOADING]: Loading FMLModContainer from classloader cpw.mods.modlauncher.TransformingClassLoader@5c9934da - got cpw.mods.cl.ModuleClassLoader@160396db
[22Mar2025 23:14:46.031] [main/DEBUG] [net.minecraftforge.fml.javafmlmod.FMLModContainer/LOADING]: Creating FMLModContainer instance for mezz.jei.forge.JustEnoughItems
[22Mar2025 23:14:46.031] [main/DEBUG] [net.minecraftforge.fml.javafmlmod.FMLJavaModLanguageProvider/LOADING]: Loading FMLModContainer from classloader cpw.mods.modlauncher.TransformingClassLoader@5c9934da - got cpw.mods.cl.ModuleClassLoader@160396db
[22Mar2025 23:14:46.031] [main/DEBUG] [net.minecraftforge.fml.javafmlmod.FMLModContainer/LOADING]: Creating FMLModContainer instance for com.illusivesoulworks.comforts.ComfortsForgeMod
[22Mar2025 23:14:46.032] [main/DEBUG] [net.minecraftforge.fml.javafmlmod.FMLJavaModLanguageProvider/LOADING]: Loading FMLModContainer from classloader cpw.mods.modlauncher.TransformingClassLoader@5c9934da - got cpw.mods.cl.ModuleClassLoader@160396db
[22Mar2025 23:14:46.032] [main/DEBUG] [net.minecraftforge.fml.javafmlmod.FMLModContainer/LOADING]: Creating FMLModContainer instance for com.github.alexthe666.citadel.Citadel
[22Mar2025 23:14:46.032] [main/DEBUG] [net.minecraftforge.fml.javafmlmod.FMLJavaModLanguageProvider/LOADING]: Loading FMLModContainer from classloader cpw.mods.modlauncher.TransformingClassLoader@5c9934da - got cpw.mods.cl.ModuleClassLoader@160396db
[22Mar2025 23:14:46.032] [main/DEBUG] [net.minecraftforge.fml.javafmlmod.FMLModContainer/LOADING]: Creating FMLModContainer instance for com.github.alexthe666.alexsmobs.AlexsMobs
[22Mar2025 23:14:46.033] [main/DEBUG] [net.minecraftforge.fml.javafmlmod.FMLJavaModLanguageProvider/LOADING]: Loading FMLModContainer from classloader cpw.mods.modlauncher.TransformingClassLoader@5c9934da - got cpw.mods.cl.ModuleClassLoader@160396db
[22Mar2025 23:14:46.033] [main/DEBUG] [net.minecraftforge.fml.javafmlmod.FMLModContainer/LOADING]: Creating FMLModContainer instance for com.tiviacz.travelersbackpack.TravelersBackpack
[22Mar2025 23:14:46.034] [main/DEBUG] [net.minecraftforge.fml.javafmlmod.FMLJavaModLanguageProvider/LOADING]: Loading FMLModContainer from classloader cpw.mods.modlauncher.TransformingClassLoader@5c9934da - got cpw.mods.cl.ModuleClassLoader@160396db
[22Mar2025 23:14:46.034] [main/DEBUG] [net.minecraftforge.fml.javafmlmod.FMLModContainer/LOADING]: Creating FMLModContainer instance for artifacts.forge.ArtifactsForge
[22Mar2025 23:14:46.034] [main/DEBUG] [net.minecraftforge.fml.javafmlmod.FMLJavaModLanguageProvider/LOADING]: Loading FMLModContainer from classloader cpw.mods.modlauncher.TransformingClassLoader@5c9934da - got cpw.mods.cl.ModuleClassLoader@160396db
[22Mar2025 23:14:46.035] [main/DEBUG] [net.minecraftforge.fml.javafmlmod.FMLModContainer/LOADING]: Creating FMLModContainer instance for lol.bai.badpackets.impl.forge.ForgeBadPackets
[22Mar2025 23:14:46.035] [main/DEBUG] [net.minecraftforge.fml.javafmlmod.FMLJavaModLanguageProvider/LOADING]: Loading FMLModContainer from classloader cpw.mods.modlauncher.TransformingClassLoader@5c9934da - got cpw.mods.cl.ModuleClassLoader@160396db
[22Mar2025 23:14:46.035] [main/DEBUG] [net.minecraftforge.fml.javafmlmod.FMLModContainer/LOADING]: Creating FMLModContainer instance for com.yungnickyoung.minecraft.yungsapi.YungsApiForge
[22Mar2025 23:14:46.035] [main/DEBUG] [net.minecraftforge.fml.javafmlmod.FMLJavaModLanguageProvider/LOADING]: Loading FMLModContainer from classloader cpw.mods.modlauncher.TransformingClassLoader@5c9934da - got cpw.mods.cl.ModuleClassLoader@160396db
[22Mar2025 23:14:46.036] [main/DEBUG] [net.minecraftforge.fml.javafmlmod.FMLModContainer/LOADING]: Creating FMLModContainer instance for com.llamalad7.mixinextras.platform.forge.MixinExtrasMod
[22Mar2025 23:14:46.036] [main/DEBUG] [net.minecraftforge.fml.javafmlmod.FMLJavaModLanguageProvider/LOADING]: Loading FMLModContainer from classloader cpw.mods.modlauncher.TransformingClassLoader@5c9934da - got cpw.mods.cl.ModuleClassLoader@160396db
[22Mar2025 23:14:46.036] [main/DEBUG] [net.minecraftforge.fml.javafmlmod.FMLModContainer/LOADING]: Creating FMLModContainer instance for xiroc.dungeoncrawl.DungeonCrawl
[22Mar2025 23:14:46.037] [main/DEBUG] [net.minecraftforge.fml.javafmlmod.FMLJavaModLanguageProvider/LOADING]: Loading FMLModContainer from classloader cpw.mods.modlauncher.TransformingClassLoader@5c9934da - got cpw.mods.cl.ModuleClassLoader@160396db
[22Mar2025 23:14:46.037] [main/DEBUG] [net.minecraftforge.fml.javafmlmod.FMLModContainer/LOADING]: Creating FMLModContainer instance for net.p3pp3rf1y.sophisticatedbackpacks.SophisticatedBackpacks
[22Mar2025 23:14:46.037] [main/DEBUG] [net.minecraftforge.fml.javafmlmod.FMLJavaModLanguageProvider/LOADING]: Loading FMLModContainer from classloader cpw.mods.modlauncher.TransformingClassLoader@5c9934da - got cpw.mods.cl.ModuleClassLoader@160396db
[22Mar2025 23:14:46.037] [main/DEBUG] [net.minecraftforge.fml.javafmlmod.FMLModContainer/LOADING]: Creating FMLModContainer instance for ca.spottedleaf.starlight.Starlight
[22Mar2025 23:14:46.037] [main/DEBUG] [net.minecraftforge.fml.javafmlmod.FMLJavaModLanguageProvider/LOADING]: Loading FMLModContainer from classloader cpw.mods.modlauncher.TransformingClassLoader@5c9934da - got cpw.mods.cl.ModuleClassLoader@160396db
[22Mar2025 23:14:46.037] [main/DEBUG] [net.minecraftforge.fml.javafmlmod.FMLModContainer/LOADING]: Creating FMLModContainer instance for com.izofar.takesapillage.TakesAPillageMod
[22Mar2025 23:14:46.038] [main/DEBUG] [net.minecraftforge.fml.javafmlmod.FMLJavaModLanguageProvider/LOADING]: Loading FMLModContainer from classloader cpw.mods.modlauncher.TransformingClassLoader@5c9934da - got cpw.mods.cl.ModuleClassLoader@160396db
[22Mar2025 23:14:46.038] [main/DEBUG] [net.minecraftforge.fml.javafmlmod.FMLModContainer/LOADING]: Creating FMLModContainer instance for com.github.alexthe666.iceandfire.IceAndFire
[22Mar2025 23:14:46.039] [main/DEBUG] [net.minecraftforge.fml.javafmlmod.FMLJavaModLanguageProvider/LOADING]: Loading FMLModContainer from classloader cpw.mods.modlauncher.TransformingClassLoader@5c9934da - got cpw.mods.cl.ModuleClassLoader@160396db
[22Mar2025 23:14:46.039] [main/DEBUG] [net.minecraftforge.fml.javafmlmod.FMLModContainer/LOADING]: Creating FMLModContainer instance for net.blay09.mods.balm.forge.ForgeBalm
[22Mar2025 23:14:46.039] [main/DEBUG] [net.minecraftforge.fml.javafmlmod.FMLJavaModLanguageProvider/LOADING]: Loading FMLModContainer from classloader cpw.mods.modlauncher.TransformingClassLoader@5c9934da - got cpw.mods.cl.ModuleClassLoader@160396db
[22Mar2025 23:14:46.039] [main/DEBUG] [net.minecraftforge.fml.javafmlmod.FMLModContainer/LOADING]: Creating FMLModContainer instance for com.jahirtrap.walljump.WallJumpMod
[22Mar2025 23:14:46.040] [main/DEBUG] [net.minecraftforge.fml.lowcodemod.LowCodeModLanguageProvider.LowCodeModTarget/LOADING]: Loading LowCodeModContainer from classloader cpw.mods.modlauncher.TransformingClassLoader@5c9934da - got cpw.mods.cl.ModuleClassLoader@160396db
[22Mar2025 23:14:46.040] [main/DEBUG] [net.minecraftforge.fml.lowcodemod.LowCodeModContainer/LOADING]: Creating LowCodeModContainer for terralith
[22Mar2025 23:14:46.040] [main/DEBUG] [net.minecraftforge.fml.javafmlmod.FMLJavaModLanguageProvider/LOADING]: Loading FMLModContainer from classloader cpw.mods.modlauncher.TransformingClassLoader@5c9934da - got cpw.mods.cl.ModuleClassLoader@160396db
[22Mar2025 23:14:46.040] [main/DEBUG] [net.minecraftforge.fml.javafmlmod.FMLModContainer/LOADING]: Creating FMLModContainer instance for jeresources.JEResources
[22Mar2025 23:14:46.041] [main/DEBUG] [net.minecraftforge.fml.javafmlmod.FMLJavaModLanguageProvider/LOADING]: Loading FMLModContainer from classloader cpw.mods.modlauncher.TransformingClassLoader@5c9934da - got cpw.mods.cl.ModuleClassLoader@160396db
[22Mar2025 23:14:46.041] [main/DEBUG] [net.minecraftforge.fml.javafmlmod.FMLModContainer/LOADING]: Creating FMLModContainer instance for fuzs.puzzlesaccessapi.impl.PuzzlesAccessApiForge
[22Mar2025 23:14:46.041] [main/DEBUG] [net.minecraftforge.fml.javafmlmod.FMLJavaModLanguageProvider/LOADING]: Loading FMLModContainer from classloader cpw.mods.modlauncher.TransformingClassLoader@5c9934da - got cpw.mods.cl.ModuleClassLoader@160396db
[22Mar2025 23:14:46.041] [main/DEBUG] [net.minecraftforge.fml.javafmlmod.FMLModContainer/LOADING]: Creating FMLModContainer instance for me.shedaniel.clothconfig.ClothConfigForge
[22Mar2025 23:14:46.042] [main/DEBUG] [net.minecraftforge.fml.javafmlmod.FMLJavaModLanguageProvider/LOADING]: Loading FMLModContainer from classloader cpw.mods.modlauncher.TransformingClassLoader@5c9934da - got cpw.mods.cl.ModuleClassLoader@160396db
[22Mar2025 23:14:46.042] [main/DEBUG] [net.minecraftforge.fml.javafmlmod.FMLModContainer/LOADING]: Creating FMLModContainer instance for net.minecraftforge.common.ForgeMod
[22Mar2025 23:14:46.044] [main/DEBUG] [net.minecraftforge.fml.javafmlmod.FMLJavaModLanguageProvider/LOADING]: Loading FMLModContainer from classloader cpw.mods.modlauncher.TransformingClassLoader@5c9934da - got cpw.mods.cl.ModuleClassLoader@160396db
[22Mar2025 23:14:46.044] [main/DEBUG] [net.minecraftforge.fml.javafmlmod.FMLModContainer/LOADING]: Creating FMLModContainer instance for atomicstryker.infernalmobs.common.InfernalMobsCore
[22Mar2025 23:14:46.045] [main/DEBUG] [net.minecraftforge.fml.javafmlmod.FMLJavaModLanguageProvider/LOADING]: Loading FMLModContainer from classloader cpw.mods.modlauncher.TransformingClassLoader@5c9934da - got cpw.mods.cl.ModuleClassLoader@160396db
[22Mar2025 23:14:46.045] [main/DEBUG] [net.minecraftforge.fml.javafmlmod.FMLModContainer/LOADING]: Creating FMLModContainer instance for net.aurelj.dungeons_arise.DungeonsAriseMain
[22Mar2025 23:14:46.046] [main/DEBUG] [net.minecraftforge.fml.javafmlmod.FMLJavaModLanguageProvider/LOADING]: Loading FMLModContainer from classloader cpw.mods.modlauncher.TransformingClassLoader@5c9934da - got cpw.mods.cl.ModuleClassLoader@160396db
[22Mar2025 23:14:46.046] [main/DEBUG] [net.minecraftforge.fml.javafmlmod.FMLModContainer/LOADING]: Creating FMLModContainer instance for com.github.alexmodguy.alexscaves.AlexsCaves
[22Mar2025 23:14:46.047] [main/DEBUG] [net.minecraftforge.fml.javafmlmod.FMLJavaModLanguageProvider/LOADING]: Loading FMLModContainer from classloader cpw.mods.modlauncher.TransformingClassLoader@5c9934da - got cpw.mods.cl.ModuleClassLoader@160396db
[22Mar2025 23:14:46.047] [main/DEBUG] [net.minecraftforge.fml.javafmlmod.FMLModContainer/LOADING]: Creating FMLModContainer instance for team.creative.ambientsounds.AmbientSounds
[22Mar2025 23:14:46.048] [main/DEBUG] [net.minecraftforge.fml.javafmlmod.FMLJavaModLanguageProvider/LOADING]: Loading FMLModContainer from classloader cpw.mods.modlauncher.TransformingClassLoader@5c9934da - got cpw.mods.cl.ModuleClassLoader@160396db
[22Mar2025 23:14:46.048] [main/DEBUG] [net.minecraftforge.fml.javafmlmod.FMLModContainer/LOADING]: Creating FMLModContainer instance for team.creative.creativecore.CreativeCore
[22Mar2025 23:14:46.049] [main/DEBUG] [net.minecraftforge.fml.javafmlmod.FMLJavaModLanguageProvider/LOADING]: Loading FMLModContainer from classloader cpw.mods.modlauncher.TransformingClassLoader@5c9934da - got cpw.mods.cl.ModuleClassLoader@160396db
[22Mar2025 23:14:46.049] [main/DEBUG] [net.minecraftforge.fml.javafmlmod.FMLModContainer/LOADING]: Creating FMLModContainer instance for com.illusivesoulworks.spectrelib.SpectreForgeMod
[22Mar2025 23:14:46.049] [main/DEBUG] [net.minecraftforge.fml.javafmlmod.FMLJavaModLanguageProvider/LOADING]: Loading FMLModContainer from classloader cpw.mods.modlauncher.TransformingClassLoader@5c9934da - got cpw.mods.cl.ModuleClassLoader@160396db
[22Mar2025 23:14:46.049] [main/DEBUG] [net.minecraftforge.fml.javafmlmod.FMLModContainer/LOADING]: Creating FMLModContainer instance for ru.vidtu.ksyxis.loaders.KsyxisForge
[22Mar2025 23:14:46.049] [main/DEBUG] [net.minecraftforge.fml.javafmlmod.FMLJavaModLanguageProvider/LOADING]: Loading FMLModContainer from classloader cpw.mods.modlauncher.TransformingClassLoader@5c9934da - got cpw.mods.cl.ModuleClassLoader@160396db
[22Mar2025 23:14:46.049] [main/DEBUG] [net.minecraftforge.fml.javafmlmod.FMLModContainer/LOADING]: Creating FMLModContainer instance for mcp.mobius.waila.forge.ForgeWailaClient$HahaBorgeGoBrrrr
[22Mar2025 23:14:46.050] [main/DEBUG] [net.minecraftforge.fml.javafmlmod.FMLJavaModLanguageProvider/LOADING]: Loading FMLModContainer from classloader cpw.mods.modlauncher.TransformingClassLoader@5c9934da - got cpw.mods.cl.ModuleClassLoader@160396db
[22Mar2025 23:14:46.050] [main/DEBUG] [net.minecraftforge.fml.javafmlmod.FMLModContainer/LOADING]: Creating FMLModContainer instance for mcp.mobius.waila.forge.ForgeWaila
[22Mar2025 23:14:46.051] [main/DEBUG] [net.minecraftforge.fml.javafmlmod.FMLJavaModLanguageProvider/LOADING]: Loading FMLModContainer from classloader cpw.mods.modlauncher.TransformingClassLoader@5c9934da - got cpw.mods.cl.ModuleClassLoader@160396db
[22Mar2025 23:14:46.051] [main/DEBUG] [net.minecraftforge.fml.javafmlmod.FMLModContainer/LOADING]: Creating FMLModContainer instance for com.snowshock35.jeiintegration.JEIIntegration
[22Mar2025 23:14:46.051] [main/DEBUG] [net.minecraftforge.fml.javafmlmod.FMLJavaModLanguageProvider/LOADING]: Loading FMLModContainer from classloader cpw.mods.modlauncher.TransformingClassLoader@5c9934da - got cpw.mods.cl.ModuleClassLoader@160396db
[22Mar2025 23:14:46.051] [main/DEBUG] [net.minecraftforge.fml.javafmlmod.FMLModContainer/LOADING]: Creating FMLModContainer instance for top.theillusivec4.curios.Curios
[22Mar2025 23:14:46.051] [main/DEBUG] [net.minecraftforge.fml.javafmlmod.FMLJavaModLanguageProvider/LOADING]: Loading FMLModContainer from classloader cpw.mods.modlauncher.TransformingClassLoader@5c9934da - got cpw.mods.cl.ModuleClassLoader@160396db
[22Mar2025 23:14:46.051] [main/DEBUG] [net.minecraftforge.fml.javafmlmod.FMLModContainer/LOADING]: Creating FMLModContainer instance for dlovin.inventoryhud.InventoryHUD
[22Mar2025 23:14:46.052] [main/DEBUG] [net.minecraftforge.fml.javafmlmod.FMLJavaModLanguageProvider/LOADING]: Loading FMLModContainer from classloader cpw.mods.modlauncher.TransformingClassLoader@5c9934da - got cpw.mods.cl.ModuleClassLoader@160396db
[22Mar2025 23:14:46.052] [main/DEBUG] [net.minecraftforge.fml.javafmlmod.FMLModContainer/LOADING]: Creating FMLModContainer instance for ovh.corail.tombstone.ModTombstone
[22Mar2025 23:14:46.053] [main/DEBUG] [net.minecraftforge.fml.javafmlmod.FMLJavaModLanguageProvider/LOADING]: Loading FMLModContainer from classloader cpw.mods.modlauncher.TransformingClassLoader@5c9934da - got cpw.mods.cl.ModuleClassLoader@160396db
[22Mar2025 23:14:46.053] [main/DEBUG] [net.minecraftforge.fml.javafmlmod.FMLModContainer/LOADING]: Creating FMLModContainer instance for dev.architectury.forge.ArchitecturyForge
[22Mar2025 23:14:46.054] [main/DEBUG] [net.minecraftforge.fml.javafmlmod.FMLJavaModLanguageProvider/LOADING]: Loading FMLModContainer from classloader cpw.mods.modlauncher.TransformingClassLoader@5c9934da - got cpw.mods.cl.ModuleClassLoader@160396db
[22Mar2025 23:14:46.054] [main/DEBUG] [net.minecraftforge.fml.javafmlmod.FMLModContainer/LOADING]: Creating FMLModContainer instance for it.hurts.octostudios.octolib.forge.OctoLibForge
[22Mar2025 23:14:46.054] [main/DEBUG] [net.minecraftforge.fml.javafmlmod.FMLJavaModLanguageProvider/LOADING]: Loading FMLModContainer from classloader cpw.mods.modlauncher.TransformingClassLoader@5c9934da - got cpw.mods.cl.ModuleClassLoader@160396db
[22Mar2025 23:14:46.054] [main/DEBUG] [net.minecraftforge.fml.javafmlmod.FMLModContainer/LOADING]: Creating FMLModContainer instance for it.hurts.octostudios.nerb.forge.NERBForge
[22Mar2025 23:14:46.055] [main/DEBUG] [net.minecraftforge.fml.javafmlmod.FMLJavaModLanguageProvider/LOADING]: Loading FMLModContainer from classloader cpw.mods.modlauncher.TransformingClassLoader@5c9934da - got cpw.mods.cl.ModuleClassLoader@160396db
[22Mar2025 23:14:46.055] [main/DEBUG] [net.minecraftforge.fml.javafmlmod.FMLModContainer/LOADING]: Creating FMLModContainer instance for malte0811.ferritecore.ModMainForge
[22Mar2025 23:14:46.055] [main/DEBUG] [net.minecraftforge.fml.javafmlmod.FMLJavaModLanguageProvider/LOADING]: Loading FMLModContainer from classloader cpw.mods.modlauncher.TransformingClassLoader@5c9934da - got cpw.mods.cl.ModuleClassLoader@160396db
[22Mar2025 23:14:46.055] [main/DEBUG] [net.minecraftforge.fml.javafmlmod.FMLModContainer/LOADING]: Creating FMLModContainer instance for fuzs.puzzleslib.impl.PuzzlesLibForge
[22Mar2025 23:14:46.056] [main/DEBUG] [net.minecraftforge.fml.javafmlmod.FMLJavaModLanguageProvider/LOADING]: Loading FMLModContainer from classloader cpw.mods.modlauncher.TransformingClassLoader@5c9934da - got cpw.mods.cl.ModuleClassLoader@160396db
[22Mar2025 23:14:46.056] [main/DEBUG] [net.minecraftforge.fml.javafmlmod.FMLModContainer/LOADING]: Creating FMLModContainer instance for fr.rakambda.fallingtree.forge.FallingTree
[22Mar2025 23:14:46.056] [main/DEBUG] [net.minecraftforge.fml.javafmlmod.FMLJavaModLanguageProvider/LOADING]: Loading FMLModContainer from classloader cpw.mods.modlauncher.TransformingClassLoader@5c9934da - got cpw.mods.cl.ModuleClassLoader@160396db
[22Mar2025 23:14:46.056] [main/DEBUG] [net.minecraftforge.fml.javafmlmod.FMLModContainer/LOADING]: Creating FMLModContainer instance for be.florens.expandability.forge.ExpandAbilityForge
[22Mar2025 23:14:46.150] [modloading-worker-0/DEBUG] [net.minecraftforge.fml.javafmlmod.AutomaticEventSubscriber/LOADING]: Attempting to inject @EventBusSubscriber classes into the eventbus for kuma_api
[22Mar2025 23:14:46.154] [modloading-worker-0/DEBUG] [betterdungeons/]: Loaded com.yungnickyoung.minecraft.betterdungeons.services.ForgePlatformHelper@cf34d24 for service interface com.yungnickyoung.minecraft.betterdungeons.services.IPlatformHelper
[22Mar2025 23:14:46.154] [modloading-worker-0/DEBUG] [net.minecraftforge.fml.javafmlmod.AutomaticEventSubscriber/LOADING]: Attempting to inject @EventBusSubscriber classes into the eventbus for easymagic
[22Mar2025 23:14:46.155] [modloading-worker-0/DEBUG] [net.minecraftforge.fml.javafmlmod.AutomaticEventSubscriber/LOADING]: Attempting to inject @EventBusSubscriber classes into the eventbus for configlibtxf
[22Mar2025 23:14:46.157] [modloading-worker-0/DEBUG] [betterdungeons/]: Loaded com.yungnickyoung.minecraft.betterdungeons.services.ForgeModulesLoader@38f503b4 for service interface com.yungnickyoung.minecraft.betterdungeons.services.IModulesLoader
[22Mar2025 23:14:46.162] [modloading-worker-0/DEBUG] [net.minecraftforge.fml.javafmlmod.AutomaticEventSubscriber/LOADING]: Auto-subscribing fuzs.easymagic.EasyMagicForge to MOD
[22Mar2025 23:14:46.164] [modloading-worker-0/DEBUG] [mixin/]: Mixing perf.forge_registry_lambda.RegistryObjectMixin from modernfix-forge.mixins.json into net.minecraftforge.registries.RegistryObject
[22Mar2025 23:14:46.188] [modloading-worker-0/DEBUG] [net.minecraftforge.fml.config.ConfigTracker/CONFIG]: Config file betterdungeons-forge-1_20.toml for betterdungeons tracking
[22Mar2025 23:14:46.190] [modloading-worker-0/DEBUG] [mixin/]: Mixing ReloadableServerResourcesMixin from balm.mixins.json into net.minecraft.server.ReloadableServerResources
[22Mar2025 23:14:46.190] [modloading-worker-0/DEBUG] [mixin/]: Renaming synthetic method lambda$loadResources$0(Lnet/minecraft/server/ReloadableServerResources;)V to md30edc7$lambda$loadResources$0$0 in balm.mixins.json:ReloadableServerResourcesMixin
[22Mar2025 23:14:46.191] [modloading-worker-0/DEBUG] [mixin/]: Mixing ReloadableServerResourcesMixin from wthit.mixins.json into net.minecraft.server.ReloadableServerResources
[22Mar2025 23:14:46.191] [modloading-worker-0/DEBUG] [mixin/]: wthit.mixins.json:ReloadableServerResourcesMixin: Class version 61 required is higher than the class version supported by the current version of Mixin (JAVA_16 supports class version 60)
[22Mar2025 23:14:46.193] [modloading-worker-0/DEBUG] [mixin/]: Mixing MixinLevelEvent from architectury.mixins.json into net.minecraftforge.event.level.LevelEvent
[22Mar2025 23:14:46.199] [modloading-worker-0/DEBUG] [net.minecraftforge.fml.javafmlmod.AutomaticEventSubscriber/LOADING]: Attempting to inject @EventBusSubscriber classes into the eventbus for dynamiclights
[22Mar2025 23:14:46.202] [modloading-worker-0/DEBUG] [net.minecraftforge.fml.javafmlmod.AutomaticEventSubscriber/LOADING]: Attempting to inject @EventBusSubscriber classes into the eventbus for betterdungeons
[22Mar2025 23:14:46.210] [modloading-worker-0/DEBUG] [net.minecraftforge.fml.config.ConfigTracker/CONFIG]: Config file sophisticatedcore-common.toml for sophisticatedcore tracking
[22Mar2025 23:14:46.210] [modloading-worker-0/DEBUG] [net.minecraftforge.fml.config.ConfigTracker/CONFIG]: Config file sophisticatedcore-client.toml for sophisticatedcore tracking
[22Mar2025 23:14:46.213] [modloading-worker-0/DEBUG] [net.minecraftforge.fml.config.ConfigTracker/CONFIG]: Config file journeymap-server.toml for journeymap tracking
[22Mar2025 23:14:46.209] [modloading-worker-0/INFO] [Puzzles Lib/]: Constructing common components for easymagic:main
[22Mar2025 23:14:46.218] [modloading-worker-0/DEBUG] [net.minecraftforge.fml.javafmlmod.AutomaticEventSubscriber/LOADING]: Attempting to inject @EventBusSubscriber classes into the eventbus for journeymap
[22Mar2025 23:14:46.221] [modloading-worker-0/DEBUG] [net.minecraftforge.fml.javafmlmod.AutomaticEventSubscriber/LOADING]: Auto-subscribing journeymap.common.config.forge.ForgeConfig to MOD
[22Mar2025 23:14:46.221] [modloading-worker-0/DEBUG] [net.minecraftforge.fml.javafmlmod.AutomaticEventSubscriber/LOADING]: Auto-subscribing journeymap.common.Journeymap to FORGE
[22Mar2025 23:14:46.231] [modloading-worker-0/DEBUG] [mixin/]: Mixing MixinPlayerList from badpackets.mixins.json into net.minecraft.server.players.PlayerList
[22Mar2025 23:14:46.231] [modloading-worker-0/DEBUG] [mixin/]: badpackets.mixins.json:MixinPlayerList: Class version 61 required is higher than the class version supported by the current version of Mixin (JAVA_16 supports class version 60)
[22Mar2025 23:14:46.231] [modloading-worker-0/DEBUG] [mixin/]: Mixing PlayerListMixin from balm.mixins.json into net.minecraft.server.players.PlayerList
[22Mar2025 23:14:46.232] [modloading-worker-0/DEBUG] [mixin/]: Mixing PlayerListMixin from walljump.mixins.json into net.minecraft.server.players.PlayerList
[22Mar2025 23:14:46.242] [modloading-worker-0/DEBUG] [net.minecraftforge.fml.config.ConfigTracker/CONFIG]: Config file easymagic-server.toml for easymagic tracking
[22Mar2025 23:14:46.254] [modloading-worker-0/DEBUG] [mixin/]: Mixing perf.datapack_reload_exceptions.RecipeManagerMixin from modernfix-forge.mixins.json into net.minecraft.world.item.crafting.RecipeManager
[22Mar2025 23:14:46.257] [modloading-worker-0/DEBUG] [net.minecraftforge.fml.config.ConfigTracker/CONFIG]: Config file modernfix-common.toml for modernfix tracking
[22Mar2025 23:14:46.260] [modloading-worker-0/DEBUG] [net.minecraftforge.fml.javafmlmod.AutomaticEventSubscriber/LOADING]: Attempting to inject @EventBusSubscriber classes into the eventbus for sophisticatedcore
[22Mar2025 23:14:46.267] [modloading-worker-0/DEBUG] [net.minecraftforge.fml.config.ConfigTracker/CONFIG]: Config file jei-server.toml for jei tracking
[22Mar2025 23:14:46.268] [modloading-worker-0/DEBUG] [net.minecraftforge.fml.javafmlmod.AutomaticEventSubscriber/LOADING]: Attempting to inject @EventBusSubscriber classes into the eventbus for modernfix
[22Mar2025 23:14:46.273] [modloading-worker-0/DEBUG] [net.minecraftforge.fml.javafmlmod.AutomaticEventSubscriber/LOADING]: Attempting to inject @EventBusSubscriber classes into the eventbus for jei
[22Mar2025 23:14:46.276] [modloading-worker-0/DEBUG] [net.minecraftforge.fml.config.ConfigTracker/CONFIG]: Config file trashslot-common.toml for trashslot tracking
[22Mar2025 23:14:46.284] [modloading-worker-0/DEBUG] [Comforts/]: Loaded com.illusivesoulworks.comforts.platform.ForgeSleepEvents@77cc9968 for service interface com.illusivesoulworks.comforts.platform.services.ISleepEvents
[22Mar2025 23:14:46.284] [modloading-worker-0/DEBUG] [Comforts/]: Loaded com.illusivesoulworks.comforts.platform.ForgeRegistryUtil@3ffd1c08 for service interface com.illusivesoulworks.comforts.platform.services.IRegistryUtil
[22Mar2025 23:14:46.285] [modloading-worker-0/DEBUG] [Comforts/]: Loaded com.illusivesoulworks.comforts.platform.ForgeRegistryProvider@2efdbd59 for service interface com.illusivesoulworks.comforts.platform.services.IRegistryFactory
[22Mar2025 23:14:46.285] [modloading-worker-0/DEBUG] [Comforts/]: Loaded com.illusivesoulworks.comforts.platform.ForgePlatformHelper@58d62f3d for service interface com.illusivesoulworks.comforts.platform.services.IPlatformHelper
[22Mar2025 23:14:46.293] [modloading-worker-0/DEBUG] [net.minecraftforge.fml.config.ConfigTracker/CONFIG]: Config file citadel-common.toml for citadel tracking
[22Mar2025 23:14:46.301] [modloading-worker-0/DEBUG] [net.minecraftforge.fml.javafmlmod.AutomaticEventSubscriber/LOADING]: Attempting to inject @EventBusSubscriber classes into the eventbus for citadel
[22Mar2025 23:14:46.301] [modloading-worker-0/DEBUG] [net.minecraftforge.fml.javafmlmod.AutomaticEventSubscriber/LOADING]: Auto-subscribing com.github.alexthe666.citadel.ServerProxy to MOD
[22Mar2025 23:14:46.305] [modloading-worker-0/DEBUG] [net.minecraftforge.fml.javafmlmod.AutomaticEventSubscriber/LOADING]: Attempting to inject @EventBusSubscriber classes into the eventbus for trashslot
[22Mar2025 23:14:46.331] [modloading-worker-0/DEBUG] [SpectreLib/CONFIG]: Config file comforts-server.toml for comforts added to tracking
[22Mar2025 23:14:46.332] [modloading-worker-0/DEBUG] [net.minecraftforge.fml.javafmlmod.AutomaticEventSubscriber/LOADING]: Attempting to inject @EventBusSubscriber classes into the eventbus for comforts
[22Mar2025 23:14:46.336] [modloading-worker-0/DEBUG] [net.minecraftforge.fml.javafmlmod.AutomaticEventSubscriber/LOADING]: Attempting to inject @EventBusSubscriber classes into the eventbus for badpackets
[22Mar2025 23:14:46.343] [modloading-worker-0/DEBUG] [net.minecraftforge.fml.config.ConfigTracker/CONFIG]: Config file travelersbackpack-server.toml for travelersbackpack tracking
[22Mar2025 23:14:46.344] [modloading-worker-0/DEBUG] [net.minecraftforge.fml.config.ConfigTracker/CONFIG]: Config file travelersbackpack-common.toml for travelersbackpack tracking
[22Mar2025 23:14:46.344] [modloading-worker-0/DEBUG] [net.minecraftforge.fml.config.ConfigTracker/CONFIG]: Config file travelersbackpack-client.toml for travelersbackpack tracking
[22Mar2025 23:14:46.415] [modloading-worker-0/INFO] [dev.architectury.networking.forge.NetworkManagerImpl/]: Registering C2S receiver with id architectury:sync_ids
[22Mar2025 23:14:46.419] [modloading-worker-0/INFO] [dev.architectury.networking.forge.NetworkManagerImpl/]: Registering C2S receiver with id artifacts:networking_channel/42a7ad70b1cc371599a0eff744096b8a
[22Mar2025 23:14:46.426] [modloading-worker-0/INFO] [dev.architectury.networking.forge.NetworkManagerImpl/]: Registering C2S receiver with id artifacts:networking_channel/74a5e841822a3a87854ae896a33430d6
[22Mar2025 23:14:46.430] [modloading-worker-0/INFO] [dev.architectury.networking.forge.NetworkManagerImpl/]: Registering C2S receiver with id artifacts:networking_channel/eb3d1e2748533430848cadf0f37c7e9c
[22Mar2025 23:14:46.434] [modloading-worker-0/INFO] [dev.architectury.networking.forge.NetworkManagerImpl/]: Registering C2S receiver with id artifacts:networking_channel/91c8520f19f93b3e8b6a727568e194ab
[22Mar2025 23:14:46.434] [modloading-worker-0/INFO] [dev.architectury.networking.forge.NetworkManagerImpl/]: Registering C2S receiver with id artifacts:networking_channel/8c2784d778293fd482ed84b8aa5fedb9
[22Mar2025 23:14:46.435] [modloading-worker-0/INFO] [dev.architectury.networking.forge.NetworkManagerImpl/]: Registering C2S receiver with id artifacts:networking_channel/ea038224ea783d40b2863f52239e2604
[22Mar2025 23:14:46.437] [modloading-worker-0/INFO] [dev.architectury.networking.forge.NetworkManagerImpl/]: Registering C2S receiver with id artifacts:networking_channel/97ad64b7ecaf33209991c4f031501a58
[22Mar2025 23:14:46.518] [modloading-worker-0/DEBUG] [net.minecraftforge.fml.javafmlmod.AutomaticEventSubscriber/LOADING]: Attempting to inject @EventBusSubscriber classes into the eventbus for yungsapi
[22Mar2025 23:14:46.519] [modloading-worker-0/DEBUG] [net.minecraftforge.fml.javafmlmod.AutomaticEventSubscriber/LOADING]: Attempting to inject @EventBusSubscriber classes into the eventbus for mixinextras
[22Mar2025 23:14:46.520] [modloading-worker-0/INFO] [Dungeon Crawl/]: Here we go! Launching Dungeon Crawl 2.3.15...
[22Mar2025 23:14:46.522] [modloading-worker-0/DEBUG] [net.minecraftforge.fml.javafmlmod.AutomaticEventSubscriber/LOADING]: Attempting to inject @EventBusSubscriber classes into the eventbus for dungeoncrawl
[22Mar2025 23:14:46.556] [modloading-worker-0/DEBUG] [mixin/]: Mixing item.wearable.WearableArtifactItemMixin from mixins.artifacts.forge.json into artifacts.item.wearable.WearableArtifactItem
[22Mar2025 23:14:46.570] [modloading-worker-0/DEBUG] [mixin/]: Mixing item.umbrella.UmbrellaItemMixin from mixins.artifacts.forge.json into artifacts.item.UmbrellaItem
[22Mar2025 23:14:46.607] [modloading-worker-0/DEBUG] [net.minecraftforge.fml.config.ConfigTracker/CONFIG]: Config file sophisticatedbackpacks-server.toml for sophisticatedbackpacks tracking
[22Mar2025 23:14:46.608] [modloading-worker-0/DEBUG] [net.minecraftforge.fml.config.ConfigTracker/CONFIG]: Config file sophisticatedbackpacks-common.toml for sophisticatedbackpacks tracking
[22Mar2025 23:14:46.660] [modloading-worker-0/DEBUG] [net.minecraftforge.fml.config.ConfigTracker/CONFIG]: Config file alexsmobs.toml for alexsmobs tracking
[22Mar2025 23:14:46.712] [modloading-worker-0/DEBUG] [net.minecraftforge.fml.javafmlmod.AutomaticEventSubscriber/LOADING]: Attempting to inject @EventBusSubscriber classes into the eventbus for alexsmobs
[22Mar2025 23:14:46.712] [modloading-worker-0/DEBUG] [net.minecraftforge.fml.javafmlmod.AutomaticEventSubscriber/LOADING]: Auto-subscribing com.github.alexthe666.alexsmobs.world.AMWorldRegistry to MOD
[22Mar2025 23:14:46.715] [modloading-worker-0/DEBUG] [net.minecraftforge.fml.javafmlmod.AutomaticEventSubscriber/LOADING]: Attempting to inject @EventBusSubscriber classes into the eventbus for artifacts
[22Mar2025 23:14:46.715] [modloading-worker-0/DEBUG] [net.minecraftforge.fml.javafmlmod.AutomaticEventSubscriber/LOADING]: Attempting to inject @EventBusSubscriber classes into the eventbus for starlight
[22Mar2025 23:14:46.716] [modloading-worker-0/DEBUG] [net.minecraftforge.fml.javafmlmod.AutomaticEventSubscriber/LOADING]: Auto-subscribing com.github.alexthe666.alexsmobs.tileentity.AMTileEntityRegistry to MOD
[22Mar2025 23:14:46.716] [modloading-worker-0/DEBUG] [net.minecraftforge.fml.javafmlmod.AutomaticEventSubscriber/LOADING]: Auto-subscribing com.github.alexthe666.alexsmobs.event.ServerEvents to FORGE
[22Mar2025 23:14:46.718] [modloading-worker-0/DEBUG] [net.minecraftforge.fml.javafmlmod.AutomaticEventSubscriber/LOADING]: Auto-subscribing com.github.alexthe666.alexsmobs.entity.AMEntityRegistry to MOD
[22Mar2025 23:14:46.719] [modloading-worker-0/DEBUG] [net.minecraftforge.fml.javafmlmod.AutomaticEventSubscriber/LOADING]: Auto-subscribing com.github.alexthe666.alexsmobs.CommonProxy to MOD
[22Mar2025 23:14:46.720] [modloading-worker-0/DEBUG] [net.minecraftforge.fml.javafmlmod.AutomaticEventSubscriber/LOADING]: Auto-subscribing com.github.alexthe666.alexsmobs.AlexsMobs to FORGE
[22Mar2025 23:14:46.738] [modloading-worker-0/DEBUG] [net.minecraftforge.fml.config.ConfigTracker/CONFIG]: Config file iceandfire-client.toml for iceandfire tracking
[22Mar2025 23:14:46.738] [modloading-worker-0/DEBUG] [net.minecraftforge.fml.config.ConfigTracker/CONFIG]: Config file iceandfire-common.toml for iceandfire tracking
[22Mar2025 23:14:46.738] [modloading-worker-0/DEBUG] [net.minecraftforge.fml.config.ConfigTracker/CONFIG]: Config file takesapillage-common.toml for takesapillage tracking
[22Mar2025 23:14:46.738] [modloading-worker-0/DEBUG] [net.minecraftforge.fml.javafmlmod.AutomaticEventSubscriber/LOADING]: Attempting to inject @EventBusSubscriber classes into the eventbus for takesapillage
[22Mar2025 23:14:46.738] [modloading-worker-0/DEBUG] [net.minecraftforge.fml.javafmlmod.AutomaticEventSubscriber/LOADING]: Auto-subscribing com.izofar.takesapillage.RegistryEvents to MOD
[22Mar2025 23:14:46.758] [modloading-worker-0/DEBUG] [net.minecraftforge.fml.config.ConfigTracker/CONFIG]: Config file balm-common.toml for balm tracking
[22Mar2025 23:14:46.763] [modloading-worker-0/DEBUG] [net.minecraftforge.fml.javafmlmod.AutomaticEventSubscriber/LOADING]: Attempting to inject @EventBusSubscriber classes into the eventbus for balm
[22Mar2025 23:14:46.787] [modloading-worker-0/DEBUG] [net.minecraftforge.fml.javafmlmod.AutomaticEventSubscriber/LOADING]: Attempting to inject @EventBusSubscriber classes into the eventbus for walljump
[22Mar2025 23:14:46.796] [modloading-worker-0/DEBUG] [net.minecraftforge.fml.config.ConfigTracker/CONFIG]: Config file jeresources-common.toml for jeresources tracking
[22Mar2025 23:14:46.798] [modloading-worker-0/DEBUG] [jeresources/]: Loaded jeresources.forge.ForgePlatformHelper@68043bc2 for service interface jeresources.platform.IPlatformHelper
[22Mar2025 23:14:46.799] [modloading-worker-0/DEBUG] [jeresources/]: Loading config file /workspaces/paaapule3/servidor_minecraft/config/jeresources.toml
[22Mar2025 23:14:46.804] [modloading-worker-0/DEBUG] [jeresources/]: Built TOML config for /workspaces/paaapule3/servidor_minecraft/config/jeresources.toml
[22Mar2025 23:14:46.817] [modloading-worker-0/DEBUG] [jeresources/]: Loaded TOML config file /workspaces/paaapule3/servidor_minecraft/config/jeresources.toml
[22Mar2025 23:14:46.842] [modloading-worker-0/DEBUG] [net.minecraftforge.fml.javafmlmod.AutomaticEventSubscriber/LOADING]: Attempting to inject @EventBusSubscriber classes into the eventbus for sophisticatedbackpacks
[22Mar2025 23:14:46.842] [modloading-worker-0/DEBUG] [net.minecraftforge.fml.javafmlmod.AutomaticEventSubscriber/LOADING]: Attempting to inject @EventBusSubscriber classes into the eventbus for puzzlesaccessapi
[22Mar2025 23:14:46.842] [modloading-worker-0/DEBUG] [net.minecraftforge.fml.javafmlmod.AutomaticEventSubscriber/LOADING]: Attempting to inject @EventBusSubscriber classes into the eventbus for cloth_config
[22Mar2025 23:14:46.843] [modloading-worker-0/DEBUG] [net.minecraftforge.versions.forge.ForgeVersion/CORE]: Forge Version package package net.minecraftforge.versions.forge, Forge, version 47.3 from cpw.mods.modlauncher.TransformingClassLoader@5c9934da
[22Mar2025 23:14:46.844] [modloading-worker-0/DEBUG] [net.minecraftforge.versions.forge.ForgeVersion/CORE]: Found Forge version 47.3.7
[22Mar2025 23:14:46.844] [modloading-worker-0/DEBUG] [net.minecraftforge.versions.forge.ForgeVersion/CORE]: Found Forge spec 47.3
[22Mar2025 23:14:46.844] [modloading-worker-0/DEBUG] [net.minecraftforge.versions.forge.ForgeVersion/CORE]: Found Forge group net.minecraftforge
[22Mar2025 23:14:46.844] [modloading-worker-0/DEBUG] [net.minecraftforge.versions.mcp.MCPVersion/CORE]: MCP Version package package net.minecraftforge.versions.mcp, Minecraft, version 1.20.1 from cpw.mods.modlauncher.TransformingClassLoader@5c9934da
[22Mar2025 23:14:46.844] [modloading-worker-0/DEBUG] [net.minecraftforge.versions.mcp.MCPVersion/CORE]: Found MC version information 1.20.1
[22Mar2025 23:14:46.844] [modloading-worker-0/DEBUG] [net.minecraftforge.versions.mcp.MCPVersion/CORE]: Found MCP version information 20230612.114412
[22Mar2025 23:14:46.844] [modloading-worker-0/INFO] [net.minecraftforge.common.ForgeMod/FORGEMOD]: Forge mod loading, version 47.3.7, for MC 1.20.1 with MCP 20230612.114412
[22Mar2025 23:14:46.845] [modloading-worker-0/INFO] [net.minecraftforge.common.MinecraftForge/FORGE]: MinecraftForge v47.3.7 Initialized
[22Mar2025 23:14:46.849] [modloading-worker-0/DEBUG] [net.minecraftforge.fml.javafmlmod.AutomaticEventSubscriber/LOADING]: Attempting to inject @EventBusSubscriber classes into the eventbus for jeresources
[22Mar2025 23:14:46.871] [modloading-worker-0/DEBUG] [net.minecraftforge.common.ForgeMod/FORGEMOD]: Loading Network data for FML net version: FML3
[22Mar2025 23:14:46.880] [modloading-worker-0/DEBUG] [net.minecraftforge.fml.javafmlmod.AutomaticEventSubscriber/LOADING]: Attempting to inject @EventBusSubscriber classes into the eventbus for infernalmobs
[22Mar2025 23:14:46.880] [modloading-worker-0/DEBUG] [net.minecraftforge.fml.javafmlmod.AutomaticEventSubscriber/LOADING]: Auto-subscribing atomicstryker.infernalmobs.common.InfernalMobsCore to FORGE
[22Mar2025 23:14:46.882] [modloading-worker-0/DEBUG] [net.minecraftforge.fml.javafmlmod.AutomaticEventSubscriber/LOADING]: Attempting to inject @EventBusSubscriber classes into the eventbus for dungeons_arise
[22Mar2025 23:14:46.890] [modloading-worker-0/DEBUG] [net.minecraftforge.fml.config.ConfigTracker/CONFIG]: Config file forge-client.toml for forge tracking
[22Mar2025 23:14:46.892] [modloading-worker-0/DEBUG] [net.minecraftforge.fml.config.ConfigTracker/CONFIG]: Config file forge-server.toml for forge tracking
[22Mar2025 23:14:46.892] [modloading-worker-0/DEBUG] [net.minecraftforge.fml.ModLoadingContext/]: Attempted to register an empty config for type COMMON on mod forge
[22Mar2025 23:14:46.894] [modloading-worker-0/DEBUG] [net.minecraftforge.fml.config.ConfigTracker/CONFIG]: Config file alexscaves-general.toml for alexscaves tracking
[22Mar2025 23:14:46.894] [modloading-worker-0/DEBUG] [net.minecraftforge.fml.config.ConfigTracker/CONFIG]: Config file alexscaves-client.toml for alexscaves tracking
[22Mar2025 23:14:46.912] [modloading-worker-0/DEBUG] [net.minecraftforge.fml.javafmlmod.AutomaticEventSubscriber/LOADING]: Attempting to inject @EventBusSubscriber classes into the eventbus for travelersbackpack
[22Mar2025 23:14:46.912] [modloading-worker-0/DEBUG] [net.minecraftforge.fml.javafmlmod.AutomaticEventSubscriber/LOADING]: Auto-subscribing com.tiviacz.travelersbackpack.handlers.NeoForgeEventHandler to FORGE
[22Mar2025 23:14:46.918] [modloading-worker-0/DEBUG] [net.minecraftforge.fml.javafmlmod.AutomaticEventSubscriber/LOADING]: Attempting to inject @EventBusSubscriber classes into the eventbus for forge
[22Mar2025 23:14:46.918] [modloading-worker-0/DEBUG] [net.minecraftforge.fml.javafmlmod.AutomaticEventSubscriber/LOADING]: Auto-subscribing net.minecraftforge.common.ForgeSpawnEggItem$CommonHandler to MOD
[22Mar2025 23:14:46.965] [modloading-worker-0/DEBUG] [net.minecraftforge.fml.javafmlmod.AutomaticEventSubscriber/LOADING]: Auto-subscribing com.tiviacz.travelersbackpack.handlers.ModEventHandler to MOD
[22Mar2025 23:14:47.034] [modloading-worker-0/DEBUG] [creativecore/]: Created network creativecore:main
[22Mar2025 23:14:47.036] [modloading-worker-0/DEBUG] [net.minecraftforge.fml.javafmlmod.AutomaticEventSubscriber/LOADING]: Attempting to inject @EventBusSubscriber classes into the eventbus for ambientsounds
[22Mar2025 23:14:47.038] [modloading-worker-0/DEBUG] [net.minecraftforge.fml.javafmlmod.AutomaticEventSubscriber/LOADING]: Attempting to inject @EventBusSubscriber classes into the eventbus for spectrelib
[22Mar2025 23:14:47.039] [modloading-worker-0/DEBUG] [Ksyxis/]: Ksyxis: ModernFix's 'removeSpawnChunks' option is: false
[22Mar2025 23:14:47.040] [modloading-worker-0/DEBUG] [net.minecraftforge.fml.javafmlmod.AutomaticEventSubscriber/LOADING]: Attempting to inject @EventBusSubscriber classes into the eventbus for creativecore
[22Mar2025 23:14:47.040] [modloading-worker-0/INFO] [Ksyxis/]: Ksyxis: Booting... (platform: Forge, manual: false)
[22Mar2025 23:14:47.040] [modloading-worker-0/DEBUG] [net.minecraftforge.fml.javafmlmod.AutomaticEventSubscriber/LOADING]: Attempting to inject @EventBusSubscriber classes into the eventbus for wthit
[22Mar2025 23:14:47.040] [modloading-worker-0/INFO] [Ksyxis/]: Ksyxis: Found Mixin library. (version: 0.8.5)
[22Mar2025 23:14:47.041] [modloading-worker-0/INFO] [Ksyxis/]: Ksyxis: Ready. As always, this mod will speed up your world loading and might or might not break it. (0 ms)
[22Mar2025 23:14:47.041] [modloading-worker-0/DEBUG] [net.minecraftforge.fml.javafmlmod.AutomaticEventSubscriber/LOADING]: Attempting to inject @EventBusSubscriber classes into the eventbus for ksyxis
[22Mar2025 23:14:47.045] [modloading-worker-0/DEBUG] [net.minecraftforge.fml.config.ConfigTracker/CONFIG]: Config file jeiintegration-client.toml for jeiintegration tracking
[22Mar2025 23:14:47.046] [modloading-worker-0/DEBUG] [net.minecraftforge.fml.javafmlmod.AutomaticEventSubscriber/LOADING]: Attempting to inject @EventBusSubscriber classes into the eventbus for jeiintegration
[22Mar2025 23:14:47.065] [modloading-worker-0/DEBUG] [net.minecraftforge.fml.config.ConfigTracker/CONFIG]: Config file curios-client.toml for curios tracking
[22Mar2025 23:14:47.072] [modloading-worker-0/DEBUG] [net.minecraftforge.fml.config.ConfigTracker/CONFIG]: Config file curios-common.toml for curios tracking
[22Mar2025 23:14:47.072] [modloading-worker-0/DEBUG] [net.minecraftforge.fml.config.ConfigTracker/CONFIG]: Config file curios-server.toml for curios tracking
[22Mar2025 23:14:47.072] [modloading-worker-0/DEBUG] [net.minecraftforge.fml.javafmlmod.AutomaticEventSubscriber/LOADING]: Attempting to inject @EventBusSubscriber classes into the eventbus for curios
[22Mar2025 23:14:47.073] [modloading-worker-0/DEBUG] [net.minecraftforge.fml.javafmlmod.AutomaticEventSubscriber/LOADING]: Attempting to inject @EventBusSubscriber classes into the eventbus for inventoryhud
[22Mar2025 23:14:47.107] [modloading-worker-0/DEBUG] [net.minecraftforge.fml.javafmlmod.AutomaticEventSubscriber/LOADING]: Attempting to inject @EventBusSubscriber classes into the eventbus for waila
[22Mar2025 23:14:47.108] [modloading-worker-0/DEBUG] [net.minecraftforge.fml.javafmlmod.AutomaticEventSubscriber/LOADING]: Auto-subscribing mcp.mobius.waila.forge.ForgeWailaDedicatedServer$Subscriber to FORGE
[22Mar2025 23:14:47.110] [modloading-worker-0/DEBUG] [net.minecraftforge.fml.javafmlmod.AutomaticEventSubscriber/LOADING]: Auto-subscribing mcp.mobius.waila.forge.ForgeWaila to MOD
[22Mar2025 23:14:47.111] [modloading-worker-0/DEBUG] [net.minecraftforge.fml.javafmlmod.AutomaticEventSubscriber/LOADING]: Auto-subscribing mcp.mobius.waila.forge.ForgeWaila$Subscriber to FORGE
[22Mar2025 23:14:47.130] [modloading-worker-0/DEBUG] [net.minecraftforge.fml.config.ConfigTracker/CONFIG]: Config file tombstone-client.toml for tombstone tracking
[22Mar2025 23:14:47.130] [modloading-worker-0/DEBUG] [net.minecraftforge.fml.config.ConfigTracker/CONFIG]: Config file tombstone-common.toml for tombstone tracking
[22Mar2025 23:14:47.158] [modloading-worker-0/DEBUG] [net.minecraftforge.fml.config.ConfigTracker/CONFIG]: Config file tombstone-server.toml for tombstone tracking
[22Mar2025 23:14:47.160] [modloading-worker-0/DEBUG] [net.minecraftforge.fml.javafmlmod.AutomaticEventSubscriber/LOADING]: Attempting to inject @EventBusSubscriber classes into the eventbus for tombstone
[22Mar2025 23:14:47.162] [modloading-worker-0/DEBUG] [net.minecraftforge.fml.javafmlmod.AutomaticEventSubscriber/LOADING]: Auto-subscribing ovh.corail.tombstone.registry.Registration to MOD
[22Mar2025 23:14:47.165] [modloading-worker-0/DEBUG] [net.minecraftforge.fml.javafmlmod.AutomaticEventSubscriber/LOADING]: Auto-subscribing ovh.corail.tombstone.perk.PerkRegistry to MOD
[22Mar2025 23:14:47.168] [modloading-worker-0/DEBUG] [net.minecraftforge.fml.javafmlmod.AutomaticEventSubscriber/LOADING]: Auto-subscribing ovh.corail.tombstone.helper.LootHelper to FORGE
[22Mar2025 23:14:47.178] [modloading-worker-0/DEBUG] [mixin/]: Mixing LootTableMixin from balm.mixins.json into net.minecraft.world.level.storage.loot.LootTable
[22Mar2025 23:14:47.179] [modloading-worker-0/DEBUG] [mixin/]: Mixing accessor.LootTableForgeAccessor from puzzleslib.forge.mixins.json into net.minecraft.world.level.storage.loot.LootTable
[22Mar2025 23:14:47.221] [modloading-worker-0/DEBUG] [net.minecraftforge.fml.javafmlmod.AutomaticEventSubscriber/LOADING]: Attempting to inject @EventBusSubscriber classes into the eventbus for architectury
[22Mar2025 23:14:47.221] [modloading-worker-0/DEBUG] [net.minecraftforge.fml.javafmlmod.AutomaticEventSubscriber/LOADING]: Auto-subscribing dev.architectury.registry.level.entity.trade.forge.TradeRegistryImpl to FORGE
[22Mar2025 23:14:47.223] [modloading-worker-0/DEBUG] [net.minecraftforge.fml.javafmlmod.AutomaticEventSubscriber/LOADING]: Auto-subscribing dev.architectury.registry.forge.ReloadListenerRegistryImpl to FORGE
[22Mar2025 23:14:47.224] [modloading-worker-0/DEBUG] [net.minecraftforge.fml.javafmlmod.AutomaticEventSubscriber/LOADING]: Auto-subscribing dev.architectury.networking.forge.NetworkManagerImpl to FORGE
[22Mar2025 23:14:47.228] [modloading-worker-0/DEBUG] [net.minecraftforge.fml.javafmlmod.AutomaticEventSubscriber/LOADING]: Attempting to inject @EventBusSubscriber classes into the eventbus for octolib
[22Mar2025 23:14:47.232] [modloading-worker-0/DEBUG] [net.minecraftforge.fml.javafmlmod.AutomaticEventSubscriber/LOADING]: Attempting to inject @EventBusSubscriber classes into the eventbus for nerb
[22Mar2025 23:14:47.235] [modloading-worker-0/DEBUG] [net.minecraftforge.fml.javafmlmod.AutomaticEventSubscriber/LOADING]: Attempting to inject @EventBusSubscriber classes into the eventbus for ferritecore
[22Mar2025 23:14:47.236] [modloading-worker-0/DEBUG] [net.minecraftforge.fml.javafmlmod.AutomaticEventSubscriber/LOADING]: Attempting to inject @EventBusSubscriber classes into the eventbus for puzzleslib
[22Mar2025 23:14:47.236] [modloading-worker-0/DEBUG] [net.minecraftforge.fml.javafmlmod.AutomaticEventSubscriber/LOADING]: Auto-subscribing fuzs.puzzleslib.impl.PuzzlesLibForge to MOD
[22Mar2025 23:14:47.257] [modloading-worker-0/DEBUG] [net.minecraftforge.fml.javafmlmod.AutomaticEventSubscriber/LOADING]: Auto-subscribing ovh.corail.tombstone.event.EventHandler to FORGE
[22Mar2025 23:14:47.267] [modloading-worker-0/INFO] [Puzzles Lib/]: Constructing common components for puzzleslib:main
[22Mar2025 23:14:47.340] [modloading-worker-0/DEBUG] [net.minecraftforge.fml.javafmlmod.AutomaticEventSubscriber/LOADING]: Auto-subscribing ovh.corail.tombstone.config.ConfigTombstone$ConfigEvent to MOD
[22Mar2025 23:14:47.345] [modloading-worker-0/INFO] [be.florens.expandability.ExpandAbility/]: ExpandAbility here, who dis?
[22Mar2025 23:14:47.348] [modloading-worker-0/DEBUG] [net.minecraftforge.fml.javafmlmod.AutomaticEventSubscriber/LOADING]: Attempting to inject @EventBusSubscriber classes into the eventbus for expandability
[22Mar2025 23:14:47.453] [modloading-worker-0/DEBUG] [net.minecraftforge.fml.javafmlmod.AutomaticEventSubscriber/LOADING]: Attempting to inject @EventBusSubscriber classes into the eventbus for fallingtree
[22Mar2025 23:14:47.545] [modloading-worker-0/DEBUG] [net.minecraftforge.fml.javafmlmod.AutomaticEventSubscriber/LOADING]: Attempting to inject @EventBusSubscriber classes into the eventbus for iceandfire
[22Mar2025 23:14:47.545] [modloading-worker-0/DEBUG] [net.minecraftforge.fml.javafmlmod.AutomaticEventSubscriber/LOADING]: Auto-subscribing com.github.alexthe666.iceandfire.recipe.IafRecipeRegistry to MOD
[22Mar2025 23:14:47.545] [modloading-worker-0/DEBUG] [net.minecraftforge.fml.javafmlmod.AutomaticEventSubscriber/LOADING]: Auto-subscribing com.github.alexthe666.iceandfire.misc.IafSoundRegistry to MOD
[22Mar2025 23:14:47.546] [modloading-worker-0/DEBUG] [net.minecraftforge.fml.javafmlmod.AutomaticEventSubscriber/LOADING]: Auto-subscribing com.github.alexthe666.iceandfire.misc.IafDamageRegistry to MOD
[22Mar2025 23:14:47.547] [modloading-worker-0/DEBUG] [net.minecraftforge.fml.javafmlmod.AutomaticEventSubscriber/LOADING]: Auto-subscribing com.github.alexthe666.iceandfire.item.IafItemRegistry to MOD
[22Mar2025 23:14:47.548] [modloading-worker-0/DEBUG] [net.minecraftforge.fml.javafmlmod.AutomaticEventSubscriber/LOADING]: Auto-subscribing com.github.alexthe666.iceandfire.event.ServerEvents to FORGE
[22Mar2025 23:14:47.552] [modloading-worker-0/DEBUG] [net.minecraftforge.fml.javafmlmod.AutomaticEventSubscriber/LOADING]: Auto-subscribing com.github.alexthe666.iceandfire.entity.props.CapabilityHandler to FORGE
[22Mar2025 23:14:47.555] [modloading-worker-0/DEBUG] [net.minecraftforge.fml.javafmlmod.AutomaticEventSubscriber/LOADING]: Auto-subscribing com.github.alexthe666.iceandfire.entity.IafVillagerRegistry to MOD
[22Mar2025 23:14:47.555] [modloading-worker-0/DEBUG] [net.minecraftforge.fml.javafmlmod.AutomaticEventSubscriber/LOADING]: Auto-subscribing com.github.alexthe666.iceandfire.entity.IafEntityRegistry to MOD
[22Mar2025 23:14:47.556] [modloading-worker-0/DEBUG] [net.minecraftforge.fml.javafmlmod.AutomaticEventSubscriber/LOADING]: Auto-subscribing com.github.alexthe666.iceandfire.datagen.DataGenerators to MOD
[22Mar2025 23:14:47.562] [modloading-worker-0/DEBUG] [mixin/]: Mixing TagsProviderForgeMixin from puzzleslib.forge.mixins.json into net.minecraft.data.tags.TagsProvider
[22Mar2025 23:14:47.568] [modloading-worker-0/DEBUG] [net.minecraftforge.fml.javafmlmod.AutomaticEventSubscriber/LOADING]: Auto-subscribing com.github.alexthe666.iceandfire.block.IafBlockRegistry to MOD
[22Mar2025 23:14:47.568] [modloading-worker-0/DEBUG] [net.minecraftforge.fml.javafmlmod.AutomaticEventSubscriber/LOADING]: Auto-subscribing com.github.alexthe666.iceandfire.IceAndFire to FORGE
[22Mar2025 23:14:47.568] [modloading-worker-0/DEBUG] [net.minecraftforge.fml.javafmlmod.AutomaticEventSubscriber/LOADING]: Auto-subscribing com.github.alexthe666.iceandfire.CommonProxy to MOD
[22Mar2025 23:14:47.615] [modloading-worker-0/DEBUG] [net.minecraftforge.fml.javafmlmod.AutomaticEventSubscriber/LOADING]: Attempting to inject @EventBusSubscriber classes into the eventbus for alexscaves
[22Mar2025 23:14:47.615] [modloading-worker-0/DEBUG] [net.minecraftforge.fml.javafmlmod.AutomaticEventSubscriber/LOADING]: Auto-subscribing com.github.alexmodguy.alexscaves.server.entity.ACEntityRegistry to MOD
[22Mar2025 23:14:47.754] [main/DEBUG] [SpectreLib/CONFIG]: Loading global configs
[22Mar2025 23:14:47.756] [main/DEBUG] [SpectreLib/]: Loaded com.illusivesoulworks.spectrelib.platform.ForgeConfigHelper@7cb13e56 for service interface com.illusivesoulworks.spectrelib.platform.services.IConfigHelper
[22Mar2025 23:14:47.756] [main/DEBUG] [SpectreLib/CONFIG]: Built TOML config for /workspaces/paaapule3/servidor_minecraft/config/comforts-server.toml
[22Mar2025 23:14:47.757] [main/DEBUG] [SpectreLib/CONFIG]: Loaded TOML config file /workspaces/paaapule3/servidor_minecraft/config/comforts-server.toml
[22Mar2025 23:14:48.206] [main/DEBUG] [net.minecraftforge.common.capabilities.CapabilityManager/CAPABILITIES]: Attempting to automatically register: Lcom/tiviacz/travelersbackpack/capability/ITravelersBackpack;
[22Mar2025 23:14:48.207] [main/DEBUG] [net.minecraftforge.common.capabilities.CapabilityManager/CAPABILITIES]: Attempting to automatically register: Lnet/minecraftforge/energy/IEnergyStorage;
[22Mar2025 23:14:48.207] [main/DEBUG] [net.minecraftforge.common.capabilities.CapabilityManager/CAPABILITIES]: Attempting to automatically register: Lnet/minecraftforge/fluids/capability/IFluidHandler;
[22Mar2025 23:14:48.207] [main/DEBUG] [net.minecraftforge.common.capabilities.CapabilityManager/CAPABILITIES]: Attempting to automatically register: Lnet/minecraftforge/fluids/capability/IFluidHandlerItem;
[22Mar2025 23:14:48.207] [main/DEBUG] [net.minecraftforge.common.capabilities.CapabilityManager/CAPABILITIES]: Attempting to automatically register: Lnet/minecraftforge/items/IItemHandler;
[22Mar2025 23:14:48.989] [main/DEBUG] [mixin/]: Mixing gamerule.BooleanValueInvoker from mixins.artifacts.common.json into net.minecraft.world.level.GameRules$BooleanValue
[22Mar2025 23:14:48.989] [main/DEBUG] [mixin/]: Renaming @Invoker method invokeCreate(ZLjava/util/function/BiConsumer;)Lnet/minecraft/world/level/GameRules$Type; to invokeCreate_$md$30edc7$0 in mixins.artifacts.common.json:gamerule.BooleanValueInvoker
[22Mar2025 23:14:48.994] [main/DEBUG] [mixin/]: Mixing gamerule.IntegerValueInvoker from mixins.artifacts.common.json into net.minecraft.world.level.GameRules$IntegerValue
[22Mar2025 23:14:48.995] [main/DEBUG] [mixin/]: Renaming @Invoker method invokeCreate(ILjava/util/function/BiConsumer;)Lnet/minecraft/world/level/GameRules$Type; to invokeCreate_$md$30edc7$0 in mixins.artifacts.common.json:gamerule.IntegerValueInvoker
[22Mar2025 23:14:49.128] [main/DEBUG] [mixin/]: Mixing accessor.CriteriaTriggersAccessor from yungsapi.mixins.json into net.minecraft.advancements.CriteriaTriggers
[22Mar2025 23:14:49.128] [main/DEBUG] [mixin/]: Renaming @Accessor method getValues()Ljava/util/Map; to getValues_$md$30edc7$0 in yungsapi.mixins.json:accessor.CriteriaTriggersAccessor
[22Mar2025 23:14:49.488] [main/DEBUG] [dev.architectury.core.item.ArchitecturySpawnEggItem/]: Registering spawn egg mimic_spawn_egg for artifacts:mimic
[22Mar2025 23:14:49.688] [main/DEBUG] [mixin/]: Mixing PotionUtilsMixin from alexscaves.mixins.json into net.minecraft.world.item.alchemy.PotionUtils
[22Mar2025 23:14:49.688] [main/DEBUG] [mixin/]: Renaming synthetic method lambda$ac_getColor$0(Lnet/minecraft/world/effect/MobEffectInstance;)Z to md30edc7$lambda$ac_getColor$0$0 in alexscaves.mixins.json:PotionUtilsMixin
[22Mar2025 23:14:49.800] [main/DEBUG] [mixin/]: Mixing accessor.ShapelessRecipeAccessor from tombstone.mixins.json into net.minecraft.world.item.crafting.ShapelessRecipe
[22Mar2025 23:14:49.928] [main/DEBUG] [mixin/]: Mixing ForgeHooksMixin from tombstone.mixins.json into net.minecraftforge.common.ForgeHooks
[22Mar2025 23:14:50.038] [main/WARN] [net.minecraft.network.syncher.SynchedEntityData/]: defineId called for: class com.github.alexmodguy.alexscaves.server.entity.living.TremorzillaEntity from class com.github.alexmodguy.alexscaves.server.entity.living.LicowitchEntity
[22Mar2025 23:14:50.260] [main/DEBUG] [net.minecraftforge.fml.config.ConfigTracker/CONFIG]: Loading configs type COMMON
[22Mar2025 23:14:50.262] [main/DEBUG] [net.minecraftforge.fml.config.ConfigFileTypeHandler/CONFIG]: Built TOML config for /workspaces/paaapule3/servidor_minecraft/config/betterdungeons-forge-1_20.toml
[22Mar2025 23:14:50.262] [main/DEBUG] [net.minecraftforge.fml.config.ConfigFileTypeHandler/CONFIG]: Loaded TOML config file /workspaces/paaapule3/servidor_minecraft/config/betterdungeons-forge-1_20.toml
[22Mar2025 23:14:50.270] [main/DEBUG] [net.minecraftforge.fml.config.ConfigFileTypeHandler/CONFIG]: Watching TOML config file /workspaces/paaapule3/servidor_minecraft/config/betterdungeons-forge-1_20.toml for changes
[22Mar2025 23:14:50.275] [main/DEBUG] [net.minecraftforge.fml.config.ConfigFileTypeHandler/CONFIG]: Built TOML config for /workspaces/paaapule3/servidor_minecraft/config/sophisticatedcore-common.toml
[22Mar2025 23:14:50.275] [main/DEBUG] [net.minecraftforge.fml.config.ConfigFileTypeHandler/CONFIG]: Loaded TOML config file /workspaces/paaapule3/servidor_minecraft/config/sophisticatedcore-common.toml
[22Mar2025 23:14:50.275] [main/DEBUG] [net.minecraftforge.fml.config.ConfigFileTypeHandler/CONFIG]: Watching TOML config file /workspaces/paaapule3/servidor_minecraft/config/sophisticatedcore-common.toml for changes
[22Mar2025 23:14:50.276] [main/DEBUG] [net.minecraftforge.fml.config.ConfigFileTypeHandler/CONFIG]: Built TOML config for /workspaces/paaapule3/servidor_minecraft/config/modernfix-common.toml
[22Mar2025 23:14:50.277] [main/DEBUG] [net.minecraftforge.fml.config.ConfigFileTypeHandler/CONFIG]: Loaded TOML config file /workspaces/paaapule3/servidor_minecraft/config/modernfix-common.toml
[22Mar2025 23:14:50.277] [main/DEBUG] [net.minecraftforge.fml.config.ConfigFileTypeHandler/CONFIG]: Watching TOML config file /workspaces/paaapule3/servidor_minecraft/config/modernfix-common.toml for changes
[22Mar2025 23:14:50.277] [main/DEBUG] [net.minecraftforge.fml.config.ConfigFileTypeHandler/CONFIG]: Built TOML config for /workspaces/paaapule3/servidor_minecraft/config/trashslot-common.toml
[22Mar2025 23:14:50.278] [main/DEBUG] [net.minecraftforge.fml.config.ConfigFileTypeHandler/CONFIG]: Loaded TOML config file /workspaces/paaapule3/servidor_minecraft/config/trashslot-common.toml
[22Mar2025 23:14:50.278] [main/DEBUG] [net.minecraftforge.fml.config.ConfigFileTypeHandler/CONFIG]: Watching TOML config file /workspaces/paaapule3/servidor_minecraft/config/trashslot-common.toml for changes
[22Mar2025 23:14:50.279] [main/DEBUG] [net.minecraftforge.fml.config.ConfigFileTypeHandler/CONFIG]: Built TOML config for /workspaces/paaapule3/servidor_minecraft/config/citadel-common.toml
[22Mar2025 23:14:50.279] [main/DEBUG] [net.minecraftforge.fml.config.ConfigFileTypeHandler/CONFIG]: Loaded TOML config file /workspaces/paaapule3/servidor_minecraft/config/citadel-common.toml
[22Mar2025 23:14:50.279] [main/DEBUG] [net.minecraftforge.fml.config.ConfigFileTypeHandler/CONFIG]: Watching TOML config file /workspaces/paaapule3/servidor_minecraft/config/citadel-common.toml for changes
[22Mar2025 23:14:50.280] [main/DEBUG] [net.minecraftforge.fml.config.ConfigFileTypeHandler/CONFIG]: Built TOML config for /workspaces/paaapule3/servidor_minecraft/config/travelersbackpack-common.toml
[22Mar2025 23:14:50.280] [main/DEBUG] [net.minecraftforge.fml.config.ConfigFileTypeHandler/CONFIG]: Loaded TOML config file /workspaces/paaapule3/servidor_minecraft/config/travelersbackpack-common.toml
[22Mar2025 23:14:50.280] [main/DEBUG] [net.minecraftforge.fml.config.ConfigFileTypeHandler/CONFIG]: Watching TOML config file /workspaces/paaapule3/servidor_minecraft/config/travelersbackpack-common.toml for changes
[22Mar2025 23:14:50.280] [main/DEBUG] [net.minecraftforge.fml.config.ConfigFileTypeHandler/CONFIG]: Built TOML config for /workspaces/paaapule3/servidor_minecraft/config/sophisticatedbackpacks-common.toml
[22Mar2025 23:14:50.281] [main/DEBUG] [net.minecraftforge.fml.config.ConfigFileTypeHandler/CONFIG]: Loaded TOML config file /workspaces/paaapule3/servidor_minecraft/config/sophisticatedbackpacks-common.toml
[22Mar2025 23:14:50.281] [main/DEBUG] [net.minecraftforge.fml.config.ConfigFileTypeHandler/CONFIG]: Watching TOML config file /workspaces/paaapule3/servidor_minecraft/config/sophisticatedbackpacks-common.toml for changes
[22Mar2025 23:14:50.282] [main/DEBUG] [net.minecraftforge.fml.config.ConfigFileTypeHandler/CONFIG]: Built TOML config for /workspaces/paaapule3/servidor_minecraft/config/alexsmobs.toml
[22Mar2025 23:14:50.285] [main/DEBUG] [net.minecraftforge.fml.config.ConfigFileTypeHandler/CONFIG]: Loaded TOML config file /workspaces/paaapule3/servidor_minecraft/config/alexsmobs.toml
[22Mar2025 23:14:50.285] [main/DEBUG] [net.minecraftforge.fml.config.ConfigFileTypeHandler/CONFIG]: Watching TOML config file /workspaces/paaapule3/servidor_minecraft/config/alexsmobs.toml for changes
[22Mar2025 23:14:50.360] [main/DEBUG] [net.minecraftforge.fml.config.ConfigFileTypeHandler/CONFIG]: Built TOML config for /workspaces/paaapule3/servidor_minecraft/config/iceandfire-common.toml
[22Mar2025 23:14:50.363] [main/DEBUG] [net.minecraftforge.fml.config.ConfigFileTypeHandler/CONFIG]: Loaded TOML config file /workspaces/paaapule3/servidor_minecraft/config/iceandfire-common.toml
[22Mar2025 23:14:50.363] [main/DEBUG] [net.minecraftforge.fml.config.ConfigFileTypeHandler/CONFIG]: Watching TOML config file /workspaces/paaapule3/servidor_minecraft/config/iceandfire-common.toml for changes
[22Mar2025 23:14:50.382] [main/DEBUG] [net.minecraftforge.fml.config.ConfigFileTypeHandler/CONFIG]: Built TOML config for /workspaces/paaapule3/servidor_minecraft/config/takesapillage-common.toml
[22Mar2025 23:14:50.382] [main/DEBUG] [net.minecraftforge.fml.config.ConfigFileTypeHandler/CONFIG]: Loaded TOML config file /workspaces/paaapule3/servidor_minecraft/config/takesapillage-common.toml
[22Mar2025 23:14:50.382] [main/DEBUG] [net.minecraftforge.fml.config.ConfigFileTypeHandler/CONFIG]: Watching TOML config file /workspaces/paaapule3/servidor_minecraft/config/takesapillage-common.toml for changes
[22Mar2025 23:14:50.383] [main/DEBUG] [net.minecraftforge.fml.config.ConfigFileTypeHandler/CONFIG]: Built TOML config for /workspaces/paaapule3/servidor_minecraft/config/balm-common.toml
[22Mar2025 23:14:50.384] [main/DEBUG] [net.minecraftforge.fml.config.ConfigFileTypeHandler/CONFIG]: Loaded TOML config file /workspaces/paaapule3/servidor_minecraft/config/balm-common.toml
[22Mar2025 23:14:50.384] [main/DEBUG] [net.minecraftforge.fml.config.ConfigFileTypeHandler/CONFIG]: Watching TOML config file /workspaces/paaapule3/servidor_minecraft/config/balm-common.toml for changes
[22Mar2025 23:14:50.387] [main/DEBUG] [net.minecraftforge.fml.config.ConfigFileTypeHandler/CONFIG]: Built TOML config for /workspaces/paaapule3/servidor_minecraft/config/jeresources-common.toml
[22Mar2025 23:14:50.387] [main/DEBUG] [net.minecraftforge.fml.config.ConfigFileTypeHandler/CONFIG]: Loaded TOML config file /workspaces/paaapule3/servidor_minecraft/config/jeresources-common.toml
[22Mar2025 23:14:50.387] [main/DEBUG] [net.minecraftforge.fml.config.ConfigFileTypeHandler/CONFIG]: Watching TOML config file /workspaces/paaapule3/servidor_minecraft/config/jeresources-common.toml for changes
[22Mar2025 23:14:50.387] [main/DEBUG] [net.minecraftforge.fml.config.ConfigFileTypeHandler/CONFIG]: Built TOML config for /workspaces/paaapule3/servidor_minecraft/config/alexscaves-general.toml
[22Mar2025 23:14:50.390] [main/DEBUG] [net.minecraftforge.fml.config.ConfigFileTypeHandler/CONFIG]: Loaded TOML config file /workspaces/paaapule3/servidor_minecraft/config/alexscaves-general.toml
[22Mar2025 23:14:50.390] [main/DEBUG] [net.minecraftforge.fml.config.ConfigFileTypeHandler/CONFIG]: Watching TOML config file /workspaces/paaapule3/servidor_minecraft/config/alexscaves-general.toml for changes
[22Mar2025 23:14:50.396] [main/DEBUG] [net.minecraftforge.fml.config.ConfigFileTypeHandler/CONFIG]: Built TOML config for /workspaces/paaapule3/servidor_minecraft/config/curios-common.toml
[22Mar2025 23:14:50.397] [main/DEBUG] [net.minecraftforge.fml.config.ConfigFileTypeHandler/CONFIG]: Loaded TOML config file /workspaces/paaapule3/servidor_minecraft/config/curios-common.toml
[22Mar2025 23:14:50.397] [main/DEBUG] [net.minecraftforge.fml.config.ConfigFileTypeHandler/CONFIG]: Watching TOML config file /workspaces/paaapule3/servidor_minecraft/config/curios-common.toml for changes
[22Mar2025 23:14:50.398] [main/DEBUG] [net.minecraftforge.fml.config.ConfigFileTypeHandler/CONFIG]: Built TOML config for /workspaces/paaapule3/servidor_minecraft/config/tombstone-common.toml
[22Mar2025 23:14:50.399] [main/DEBUG] [net.minecraftforge.fml.config.ConfigFileTypeHandler/CONFIG]: Loaded TOML config file /workspaces/paaapule3/servidor_minecraft/config/tombstone-common.toml
[22Mar2025 23:14:50.399] [main/DEBUG] [net.minecraftforge.fml.config.ConfigFileTypeHandler/CONFIG]: Watching TOML config file /workspaces/paaapule3/servidor_minecraft/config/tombstone-common.toml for changes
[22Mar2025 23:14:50.592] [Thread-0/INFO] [ModernFix/]: Please use /mfsrc to reload any changed mod config files
[22Mar2025 23:14:50.593] [modloading-worker-0/DEBUG] [ModernFix/]: Cleared 3679 object holder stacktrace references
[22Mar2025 23:14:50.594] [modloading-worker-0/INFO] [Dungeon Crawl/]: Common Setup
[22Mar2025 23:14:50.635] [Forge Version Check/INFO] [net.minecraftforge.fml.VersionChecker/]: [easymagic] Starting version check at https://raw.githubusercontent.com/Fuzss/modresources/main/update/easymagic.json
[22Mar2025 23:14:50.668] [modloading-worker-0/DEBUG] [mixin/]: Mixing MixinSlotAttribute from curios.mixins.json into top.theillusivec4.curios.api.SlotAttribute
[22Mar2025 23:14:50.670] [modloading-worker-0/DEBUG] [mixin/]: Mixing MixinCuriosApi from curios.mixins.json into top.theillusivec4.curios.api.CuriosApi
[22Mar2025 23:14:50.707] [Forge Version Check/DEBUG] [net.minecraftforge.fml.VersionChecker/]: [easymagic] Received version check data:
{
    "homepage": "https://www.curseforge.com/minecraft/mc-mods/easy-magic",
    "promos": {
        "1.17.1-latest": "2.0.2",
        "1.17.1-recommended": "2.0.2",
        "1.18-latest": "3.2.1",
        "1.18-recommended": "3.2.1",
        "1.18.1-latest": "3.2.1",
        "1.18.1-recommended": "3.2.1",
        "1.18.2-latest": "3.3.0",
        "1.18.2-recommended": "3.3.0",
        "1.19-latest": "4.0.0",
        "1.19-recommended": "4.0.0",
        "1.19.1-latest": "4.3.1",
        "1.19.1-recommended": "4.3.1",
        "1.19.2-latest": "4.3.3",
        "1.19.2-recommended": "4.3.3",
        "1.19.3-latest": "5.0.1",
        "1.19.3-recommended": "5.0.1",
        "1.19.4-latest": "6.0.0",
        "1.19.4-recommended": "6.0.0",
        "1.20-latest": "7.0.0",
        "1.20-recommended": "7.0.0",
        "1.20.1-latest": "8.0.1",
        "1.20.1-recommended": "8.0.1",
        "1.20.4-latest": "20.4.0",
        "1.20.4-recommended": "20.4.0",
        "1.21-latest": "21.0.4",
        "1.21-recommended": "21.0.4",
        "1.21.1-latest": "21.1.0",
        "1.21.1-recommended": "21.1.0",
        "1.21.3-latest": "21.3.2",
        "1.21.3-recommended": "21.3.2",
        "1.21.4-latest": "21.4.1",
        "1.21.4-recommended": "21.4.1"
    }
}
[22Mar2025 23:14:50.708] [Forge Version Check/INFO] [net.minecraftforge.fml.VersionChecker/]: [easymagic] Found status: UP_TO_DATE Current: 8.0.1 Target: null
[22Mar2025 23:14:50.713] [Forge Version Check/INFO] [net.minecraftforge.fml.VersionChecker/]: [journeymap] Starting version check at https://forge.curseupdate.com/32274/journeymap
[22Mar2025 23:14:50.865] [main/DEBUG] [net.minecraftforge.fml.DeferredWorkQueue/LOADING]: Dispatching synchronous work for work queue COMMON_SETUP: 23 jobs
[22Mar2025 23:14:50.868] [main/INFO] [journeymap/]: Initializing Packet Registries
[22Mar2025 23:14:50.911] [main/INFO] [com.tiviacz.travelersbackpack.TravelersBackpack/]: Registered the FluidEffect with Unique ID of minecraft:water for Water (Fluid Amount Required: 1000) with the ID 0
[22Mar2025 23:14:50.912] [main/INFO] [com.tiviacz.travelersbackpack.TravelersBackpack/]: Registered the FluidEffect with Unique ID of minecraft:lava for Lava (Fluid Amount Required: 1000) with the ID 1
[22Mar2025 23:14:50.912] [main/INFO] [com.tiviacz.travelersbackpack.TravelersBackpack/]: Registered the FluidEffect with Unique ID of travelersbackpack:potion for Uncraftable Potion (Fluid Amount Required: 250) with the ID 2
[22Mar2025 23:14:50.912] [main/INFO] [com.tiviacz.travelersbackpack.TravelersBackpack/]: Registered the FluidEffect with Unique ID of minecraft:milk for Milk (Fluid Amount Required: 1000) with the ID 3
[22Mar2025 23:14:50.964] [main/DEBUG] [net.minecraftforge.fml.DeferredWorkQueue/LOADING]: Synchronous work queue completed in 98.54 ms
[22Mar2025 23:14:50.968] [Forge Version Check/DEBUG] [net.minecraftforge.fml.VersionChecker/]: [journeymap] Received version check data:
{"promos":{"1.10.2-latest":"1.10.2-5.5.2","1.10.2-recommended":"1.10.2-5.5.2","1.11-latest":"1.11-5.4.6","1.11-recommended":"1.11-5.4.6","1.11.2-latest":"1.11.2-5.5.2","1.11.2-recommended":"1.11.2-5.5.2","1.12-latest":"1.12-5.5.2","1.12-recommended":"1.12-5.5.2","1.12.1-latest":"1.12.1-5.5.2","1.12.1-recommended":"1.12.1-5.5.2","1.12.2-latest":"1.12.2-5.7.1p3","1.12.2-recommended":"1.12.2-5.7.1p3","1.14.4-latest":"5.7.0","1.14.4-recommended":"5.7.0","1.15.2-latest":"5.7.0","1.15.2-recommended":"5.7.0","1.16.2-latest":"5.7.3","1.16.2-recommended":"5.7.3","1.16.3-latest":"5.7.3","1.16.3-recommended":"5.7.3","1.16.4-latest":"5.7.3","1.16.4-recommended":"5.7.3","1.16.5-latest":"5.8.6","1.16.5-recommended":"5.8.6","1.17.1-latest":"5.8.0","1.17.1-recommended":"5.8.0","1.18-latest":"5.8.0alpha9","1.18.1-latest":"5.8.1","1.18.1-recommended":"5.8.1","1.18.2-latest":"5.9.8","1.18.2-recommended":"5.9.8","1.19-latest":"5.8.5","1.19-recommended":"5.8.5","1.19.1-latest":"5.9.0beta2","1.19.2-latest":"5.9.8","1.19.2-recommended":"5.9.8","1.19.3-latest":"5.9.7","1.19.3-recommended":"5.9.7","1.19.4-latest":"5.9.8","1.19.4-recommended":"5.9.8","1.20-latest":"5.9.8","1.20-recommended":"5.9.8","1.20.1-latest":"5.10.3","1.20.1-recommended":"5.10.3","1.20.2-latest":"5.9.21","1.20.2-recommended":"5.9.21","1.20.3-latest":"5.9.18","1.20.3-recommended":"5.9.18","1.20.4-latest":"5.10.0","1.20.4-recommended":"5.10.0","1.20.6-latest":"5.10.0","1.20.6-recommended":"5.10.0","1.21-latest":"1.21-6.0.0-beta.27","1.21.1-latest":"1.21.1-6.0.0-beta.35","1.21.4-latest":"1.21.4-6.0.0-beta.35","1.6.4-latest":"4.0.3","1.6.4-recommended":"4.0.3","1.7.10-latest":"5.2.8","1.7.10-recommended":"5.2.8","1.7.2-latest":"4.0.3","1.7.2-recommended":"4.0.3","1.8-latest":"1.8-5.1.3","1.8-recommended":"1.8-5.1.3","1.8.8-latest":"1.8.8-5.1.3","1.8.8-recommended":"1.8.8-5.1.3","1.8.9-latest":"1.8.9-5.2.4","1.8.9-recommended":"1.8.9-5.2.4","1.9-latest":"1.9-5.5.2","1.9-recommended":"1.9-5.5.2","1.9.4-latest":"1.9.4-5.5.2","1.9.4-recommended":"1.9.4-5.5.2"},"homepage":"https://www.curseforge.com/minecraft/mc-mods/journeymap"}
[22Mar2025 23:14:50.968] [Forge Version Check/INFO] [net.minecraftforge.fml.VersionChecker/]: [journeymap] Found status: UP_TO_DATE Current: 5.10.3 Target: null
[22Mar2025 23:14:50.968] [Forge Version Check/INFO] [net.minecraftforge.fml.VersionChecker/]: [travelersbackpack] Starting version check at https://gist.githubusercontent.com/Tiviacz1337/906937677aa472285dff9d6c2a189d5e/raw
[22Mar2025 23:14:51.016] [Forge Version Check/DEBUG] [net.minecraftforge.fml.VersionChecker/]: [travelersbackpack] Received version check data:
{ 
        "homepage": "https://www.curseforge.com/minecraft/mc-mods/travelers-backpack", 
        "promos": {
		"1.20.4-recommended": "9.4.2",
		"1.20.4-latest": "9.4.2",
		"1.20.2-recommended": "9.2.4",
		"1.20.2-latest": "9.2.4",
		"1.20.1-recommended": "9.1.16",
		"1.20.1-latest": "9.1.16",
		"1.20-recommended": "9.0.2",
		"1.20-latest": "9.0.2",
		"1.19.4-recommended": "8.4.20",
		"1.19.4-latest": "8.4.20",
		"1.19.3-recommended": "8.3.9",
		"1.19.3-latest": "8.3.9",
		"1.19.2-recommended": "8.2.40",
		"1.19.2-latest": "8.2.40",
		"1.19.1-recommended": "8.1.1",
		"1.19.1-latest": "8.1.1",
		"1.19-recommended": "8.0.8",
		"1.19-latest": "8.0.8",
		"1.18.2-recommended": "7.1.48",
		"1.18.2-latest": "7.1.48",
		"1.18.1-recommended": "7.0.4",
		"1.18.1-latest": "7.0.5",
		"1.17.1-recommended": "6.0.52",
		"1.17.1-latest": "6.0.52",
		"1.16.5-recommended": "5.4.51",
		"1.16.5-latest": "5.4.51",
		"1.16.4-recommended": "5.3.8",
		"1.16.4-latest": "5.3.8",
		"1.16.3-recommended": "5.2.1",
		"1.16.3-latest": "5.2.1",
		"1.16.2-recommended": "5.1.1",
		"1.16.2-latest": "5.1.1",
		"1.16.1-recommended": "5.0.1",
		"1.16.1-latest": "5.0.1",
		"1.15.2-recommended": "4.0.8",
		"1.15.2-latest": "4.0.8",
		"1.14.4-recommended": "3.0.8",
		"1.14.4-latest": "3.0.8",
                "1.12.2-recommended": "1.0.34",
		"1.12.2-latest": "1.0.34"
        }, 
        "1.12.2": {
			"0.0.3a": "Added sleeping bag",
			"0.0.4a": "Added ability to wear backpack on player's back!",
			"0.0.5a": "Implemented swapping between tools!",
			"0.0.6a": "Added missing recipe for sleeping bag",
			"0.0.7a": "Fixes for server",
			"0.0.8a": "Added backpack renderer on player's back!",
			"0.0.9a": "Added tools render on backpack",
			"0.1.0a": "Fixed tile entity data loading",
			"0.1.1a": "Added hose, bug fixes",
			"0.1.2a": "Fixed server crash",
			"0.1.3a": "Added more backpack types!",
			"0.1.4a": "Added fluid render to block and wearable model",
			"0.1.5a": "Fixed some bugs and added more custom backpacks",
			"0.1.6a": "Added potions as fluids!",
			"0.1.7a": "Fixed rendering-thing on server",
			"0.1.8a": "Fixed some minor issues",
			"1.0.19.19": "First beta release",
			"1.0.20.20": "Mainly bug fixes",
			"1.0.21.21": "Bug fixes",
			"1.0.22.22": "Added backpack abilities",
			"1.0.23.23": "Bug fixes",
			"1.0.24.24": "Bug fixes",
			"1.0.25.25": "Bug fixes",
			"1.0.26.26": "Fixed NPE",
			"1.0.27": "Capability code clean-up, bug fix",
			"1.0.28": "Mod ID change, see note in 1.0.28 on the site",
			"1.0.29": "Mod ID change, see note in 1.0.29 on the site",
			"1.0.30": "Bug fixes, standard backpack texture improvements",
			"1.0.31": "Fixed bug that causes buckets to dissapear",
			"1.0.32": "Added in-game warning about modid change and method to keep backpacks after updating to newer version",
			"1.0.33": "Fixed backpack dissapear in explosions",
			"1.0.34": "Mainly bug fixes",
			"1.0.35": "Misc bug fixes"
        },
	"1.14.4":  { 
			"3.0.7": "Initial port",
			"3.0.8": "Compatibility for modded tools"
	},
	"1.15.2":  {
      			"4.0.0": "Initial port",
			"4.0.1": "FPS bug fix",
			"4.0.2": "Fixed unwanted backpack placement after death",
			"4.0.3": "Fixed NPE while using sleeping bag",
			"4.0.4": "Fixed crash, updated few textures",
			"4.0.5": "Bug fixes",
			"4.0.6": "Fixed backpack dissapear in explosions",
			"4.0.7": "Keybind for tool cycle",
			"4.0.8": "Compatibility for modded tools"
	},
	"1.16.1":  { 
			"5.0.0": "Initial port",
			"5.0.1": "Fixed backpack not saving contents, compatibility for modded tools"
	},
	"1.16.2":  { 
			"5.1.0": "Initial port",
			"5.1.1": "Fixed server crashes, backpack not saving contents, compatibility for modded tools"
	},
	"1.16.3":  { 
			"5.2.1": "Initial port"
	},
	"1.16.4":  { 
			"5.3.1": "Initial port",
			"5.3.2": "Bug fixes, game-breaking change",
			"5.3.3": "A lot of bug fixes",
			"5.3.4": "Dupe bug fix",
			"5.3.5": "Curios integration",
			"5.3.6": "Crafting grid dupe bug fix",
			"5.3.7": "Crash fix, curiosIntegration option migration",
			"5.3.8": "Fixed item saving bug"
	},
	"1.16.5":  { 
			"5.3.8": "Fixed item saving bug",
			"5.4.0": "Few new custom backpacks",
			"5.4.1": "Fixed villager trades",
			"5.4.2": "Fixed crash with turkish language and small tweaks",
			"5.4.3": "Fixed dupe bug",
			"5.4.4": "JEI dupe bug fix and more",
			"5.4.5": "Dyeable backpacks update! :>",
			"5.4.6": "More backpacks and bug fixes",
			"5.4.7": "Exploit and bug fixes",
			"5.4.8": "Fixed spawn point setting",
			"5.4.9": "20 new backpacks",
			"5.4.10": "Added backpack abilties",
			"5.4.11": "Code cleanup",
			"5.4.12": "Fixed crash",
			"5.4.13": "Added sorting buttons",
			"5.4.14": "Fixed LAN crash",
			"5.4.15": "Fixed few bugs",
			"5.4.16": "Fixed crash",
			"5.4.17": "Fixed bugs",
			"5.4.18": "Fixed crash",
			"5.4.19": "Fixed curio dupe bug",
			"5.4.20": "Added 9 new abilities",
			"5.4.21": "Added too many backpacks slowness effect",
			"5.4.22": "Fixed abilities",
			"5.4.23": "Added colorable sleeping bags",
			"5.4.24": "Bug fixes",
			"5.4.25": "Added slot memory",
			"5.4.26": "Added dedicated settings menu",
			"5.4.28": "Added milk and milk effect",
			"5.4.29": "Mobs can spawn with backpack equipped",
			"5.4.31": "Added /restore command",
			"5.4.32": "Added void protection config option",
			"5.4.33": "Fixed bad coded coordinates",
			"5.4.35": "Tweaked config and commands",
			"5.4.36": "Added backpack tiers",
			"5.4.37": "Changed tier upgrades recipes",
			"5.4.38": "Added enableTierUpgrades config option",
			"5.4.39": "Added Crafting widget",
			"5.4.40": "Fixed dupe bug",
			"5.4.41": "Backpack can be placed in fluids after death",
			"5.4.42": "Added compat with gravestone mods",
			"5.4.43": "Tweaked some recipes",
			"5.4.44": "Misc",
			"5.4.45": "Misc",
			"5.4.46": "Misc",
			"5.4.47": "Added tool slots widget",
			"5.4.48": "Fixed few bugs",
			"5.4.49": "Shift + Right Click with Empty Hand allows to place backpack on the ground",
			"5.4.50": "Sleeping bag can be used without backpack",
			"5.4.51": "Added loot to chests and fixed bugs"
	},
	"1.17.1":  { 
			"6.0.0": "Initial Release",
			"6.0.1": "Fixed datapack issue",
			"6.0.2": "Fixed crash with newest Forge",
			"6.0.3": "Fixed backpack disappearing on death",
			"6.0.4": "JEI integration and more",
			"6.0.5": "Dyeable backpacks update! :>",
			"6.0.6": "More backpacks and bug fixes",
			"6.0.7": "Fixed significant FPS drop",
			"6.0.8": "Fixed dupe bug",
			"6.0.9": "Fixed spawn point setting",
			"6.0.10": "20 new backpacks",
			"6.0.11": "Added backpack abilties",
			"6.0.12": "Code cleanup",
			"6.0.13": "Fixed crash",
			"6.0.14": "Added sorting buttons",
			"6.0.15": "Fixed LAN crash",
			"6.0.16": "Fixed few bugs",
			"6.0.17": "Fixed crash",
			"6.0.18": "Fixed bugs",
			"6.0.19": "Fixed crash",
			"6.0.20": "Fixed curio dupe bug",
			"6.0.21": "Added 9 new abilities",
			"6.0.22": "Added too many backpacks slowness effect",
			"6.0.23": "Fixed abilities",
			"6.0.24": "Added colorable sleeping bags",
			"6.0.25": "Bug fixes",
			"6.0.26": "Added slot memory",
			"6.0.27": "Added dedicated settings menu",
			"6.0.29": "Added milk and milk effect",
			"6.0.30": "Mobs can spawn with backpack equipped",
			"6.0.32": "Added /restore command",
			"6.0.33": "Added void protection config option",
			"6.0.34": "Fixed bad coded coordinates",
			"6.0.36": "Tweaked config and commands",
			"6.0.37": "Added backpack Tiers",
			"6.0.38": "Changed tier upgrades recipes",
			"6.0.39": "Added enableTierUpgrades config option",
			"6.0.40": "Added Crafting widget",
			"6.0.41": "Fixed dupe bug",
			"6.0.42": "Backpack can be placed in fluids after death",
			"6.0.43": "Added compat with gravestone mods",
			"6.0.44": "Added inventory tooltip in preview",
			"6.0.45": "Misc",
			"6.0.46": "Misc",
			"6.0.47": "Misc",
			"6.0.48": "Added tool slots widget",
			"6.0.49": "Fixed few bugs",
			"6.0.50": "Shift + Right Click with Empty Hand allows to place backpack on the ground",
			"6.0.51": "Sleeping bag can be used without backpack",
			"6.0.52": "Added loot to chests and fixed bugs"
	},
	"1.18.1":  { 
			"7.0.0": "Initial Release",
			"7.0.1": "Backpack lose items bug fix",
			"7.0.2": "New backpacks",
			"7.0.3": "Fixed dupe bug",
			"7.0.4": "Fixed spawn point setting"
	},
	"1.18.2":  { 
			"7.1.0": "Initial Release",
			"7.1.1": "Fixed spawn point setting",
			"7.1.2": "20 new backpacks",
			"7.1.3": "Added backpack abilties",
			"7.1.4": "Code cleanup",
			"7.1.5": "Fixed bug with duplicating buckets",
			"7.1.6": "Fixed crash",
			"7.1.7": "Added sorting buttons",
			"7.1.8": "Fixed LAN crash",
			"7.1.9": "Fixed few bugs",
			"7.1.10": "Fixed crash",
			"7.1.11": "Fixed bugs",
			"7.1.12": "Fixed crash",
			"7.1.13": "Fixed curio dupe bug",
			"7.1.14": "Added 9 new abilities",
			"7.1.15": "Added too many backpacks slowness effect",
			"7.1.16": "Fixed abilities",
			"7.1.17": "Added colorable sleeping bags",
			"7.1.18": "Bug fixes",
			"7.1.20": "Added slot memory",
			"7.1.21": "Added dedicated settings menu",
			"7.1.23": "Added milk and milk effect",
			"7.1.24": "Mobs can spawn with backpack equipped",
			"7.1.26": "Added /restore command",
			"7.1.27": "Added void protection config option",
			"7.1.28": "Fixed bad coded coordinates",
			"7.1.30": "Tweaked config and commands",
			"7.1.31": "Added backpack Tiers",
			"7.1.32": "Changed tier upgrades recipes",
			"7.1.33": "Added enableTierUpgrades config option",
			"7.1.34": "Added Crafting widget",
			"7.1.35": "Fixed dupe bug",
			"7.1.36": "Backpack can be placed in fluids after death",
			"7.1.37": "Added compat with gravestone mods",
			"7.1.38": "Added inventory preview in tooltip",
			"7.1.39": "Misc",
			"7.1.40": "Misc",
			"7.1.41": "Misc",
			"7.1.42": "Added tool slots widget",
			"7.1.43": "Fixed few bugs",
			"7.1.44": "Shift + Right Click with Empty Hand allows to place backpack on the ground",
			"7.1.45": "Sleeping bag can be used without backpack",
			"7.1.46": "Added loot to chests and fixed bugs",
			"7.1.47": "Configuration for backpack slots",
			"7.1.48": "Added recipes to recipe book"
			
	},
	"1.19":  { 
			"8.0.0": "Initial Release",
			"8.0.1": "Fixed crashes",
			"8.0.2": "20 new backpacks",
			"8.0.3": "Added backpack abilties",
			"8.0.4": "Updated Forge",
			"8.0.5": "Fixed few bugs",
			"8.0.6": "Code cleanup",
			"8.0.7": "Fixed crash",
			"8.0.8": "Added sorting buttons"
	},
	"1.19.1":  { 
			"8.1.0": "Initial Release",
			"8.1.1": "Fixed LAN crash"
	},
	"1.19.2":  { 
			"8.2.0": "Initial Release",
			"8.2.1": "Fixed few bugs",
			"8.2.2": "Fixed crash",
			"8.2.3": "Fixed bugs",
			"8.2.4": "Fixed crash",
			"8.2.5": "Fixed curio dupe bug",
			"8.2.6": "Added 9 new abilities",
			"8.2.7": "Added too many backpacks slowness effect",
			"8.2.8": "Fixed abilities",
			"8.2.9": "Added colorable sleeping bags",
			"8.2.10": "Bug fixes",
			"8.2.11": "Added slot memory",
			"8.2.12": "Added dedicated settings menu",
			"8.2.14": "Added milk and milk effect",
			"8.2.15": "Mobs can spawn with backpack equipped",
			"8.2.17": "Added /restore command",
			"8.2.18": "Added void protection config option",
			"8.2.19": "Fixed bad coded coordinates",
			"8.2.21": "Tweaked config and commands",
			"8.2.22": "Added backpack tiers",
			"8.2.23": "Changed tier upgrades recipes",
			"8.2.24": "Missing texture hotfix",
			"8.2.25": "Added enableTierUpgrades config option",
			"8.2.26": "Added Crafting widget",
			"8.2.27": "Fixed dupe bug",
			"8.2.28": "Backpack can be placed in fluids after death",
			"8.2.29": "Added compat with gravestone mods",
			"8.2.30": "Added inventory preview in tooltip",
			"8.2.31": "Misc",
			"8.2.32": "Misc",
			"8.2.33": "Misc",
			"8.2.34": "Added tool slots widget",
			"8.2.35": "Fixed few bugs",
			"8.2.36": "Shift + Right Click with Empty Hand allows to place backpack on the ground",
			"8.2.37": "Sleeping bag can be used without backpack",
			"8.2.38": "Added loot to chests and fixed bugs",
			"8.2.39": "Configuration for backpack slots",
			"8.2.40": "Added recipes to recipe book"
	},
	"1.19.3":  { 
			"8.3.0": "Initial Release",
			"8.3.2": "Added milk and milk effect",
			"8.3.3": "Mobs can spawn with backpack equipped",
			"8.3.5": "Added /restore command",
			"8.2.6": "Added void protection config option",
			"8.2.7": "Fixed bad coded coordinates",
			"8.2.9": "Tweaked config and commands"
	},
	"1.19.4":  { 
			"8.4.2": "Tweaked config and commands",
			"8.4.3": "Added backpack tiers",
			"8.4.4": "Changed tier upgrades recipes",
			"8.4.5": "Added enableTierUpgrades config option",
			"8.4.6": "Added support for new smithing table",
			"8.4.7": "Added support for new smithing table",
			"8.4.8": "Added Crafting widget",
			"8.4.9": "Fixed dupe bug",
			"8.4.10": "Backpack can be placed in fluids after death",
			"8.4.11": "Added compat with gravestone mods",
			"8.4.12": "Added inventory preview in tooltip",
			"8.4.13": "Misc",
			"8.4.14": "Misc",
			"8.4.15": "Misc",
			"8.4.16": "Added tool slots widget",
			"8.4.17": "Fixed few bugs",
			"8.4.18": "Shift + Right Click with Empty Hand allows to place backpack on the ground",
			"8.4.19": "Sleeping bag can be used without backpack",
			"8.4.20": "Added loot to chests and fixed bugs"
	},
	"1.20":  { 
			"9.0.0": "Initial update",
			"9.0.1": "Fixed disappearing backpack on contact with water",
			"9.0.2": "Fixed smithing bug and restored Curios compat"
	},
	"1.20.1":  { 
			"9.1.0": "Initial update",
			"9.1.1": "Initial update",
			"9.1.2": "Fixed dupe bug",
			"9.1.3": "Added compat with gravestone mods",
			"9.1.4": "Added inventory preview in tooltip",
			"9.1.5": "Misc",
			"9.1.6": "Misc",
			"9.1.7": "Misc",
			"9.1.8": "Added tool slots widget",
			"9.1.9": "Fixed few bugs",
			"9.1.10": "Shift + Right Click with Empty Hand allows to place backpack on the ground",
			"9.1.11": "Sleeping bag can be used without backpack",
			"9.1.12": "Configuration for backpack slots",
			"9.1.13": "Added loot to chests and fixed bugs",
			"9.1.14": "Added recipes to recipe book",
			"9.1.15": "Improvements",
			"9.1.16": "Stopped excessive drops of backpack from mob farms, added visibility button, fixed some bugs"
	},
	"1.20.2":  { 
			"9.2.0": "Initial update",
			"9.2.1": "Fixed few bugs",
			"9.2.2": "Shift + Right Click with Empty Hand allows to place backpack on the ground",
			"9.2.3": "Sleeping bag can be used without backpack",
			"9.2.4": "Added loot to chests and fixed bugs"
	},
	"1.20.4":  { 
			"9.4.0": "Initial update",
			"9.4.1": "Configuration for backpack slots",
			"9.4.2": "Added recipes to recipe book"
	}
}
[22Mar2025 23:14:51.018] [Forge Version Check/INFO] [net.minecraftforge.fml.VersionChecker/]: [travelersbackpack] Found status: AHEAD Current: 9.1.29 Target: null
[22Mar2025 23:14:51.022] [Forge Version Check/INFO] [net.minecraftforge.fml.VersionChecker/]: [puzzlesaccessapi] Starting version check at https://raw.githubusercontent.com/Fuzss/modresources/main/update/puzzlesaccessapi.json
[22Mar2025 23:14:51.042] [Forge Version Check/DEBUG] [net.minecraftforge.fml.VersionChecker/]: [puzzlesaccessapi] Received version check data:
{
    "homepage": "https://github.com/Fuzss/puzzlesaccessapi",
    "promos": {}
}
[22Mar2025 23:14:51.042] [Forge Version Check/INFO] [net.minecraftforge.fml.VersionChecker/]: [puzzlesaccessapi] Found status: BETA Current: 8.0.7 Target: null
[22Mar2025 23:14:51.042] [Forge Version Check/INFO] [net.minecraftforge.fml.VersionChecker/]: [forge] Starting version check at https://files.minecraftforge.net/net/minecraftforge/forge/promotions_slim.json
[22Mar2025 23:14:51.261] [Forge Version Check/DEBUG] [net.minecraftforge.fml.VersionChecker/]: [forge] Received version check data:
{
  "homepage": "https://files.minecraftforge.net/net/minecraftforge/forge/",
  "promos": {
    "1.1-latest": "1.3.4.29",
    "1.2.3-latest": "1.4.1.64",
    "1.2.4-latest": "2.0.0.68",
    "1.2.5-latest": "3.4.9.171",
    "1.3.2-latest": "4.3.5.318",
    "1.4.0-latest": "5.0.0.326",
    "1.4.1-latest": "6.0.0.329",
    "1.4.2-latest": "6.0.1.355",
    "1.4.3-latest": "6.2.1.358",
    "1.4.4-latest": "6.3.0.378",
    "1.4.5-latest": "6.4.2.448",
    "1.4.6-latest": "6.5.0.489",
    "1.4.7-latest": "6.6.2.534",
    "1.5-latest": "7.7.0.598",
    "1.5.1-latest": "7.7.2.682",
    "1.5.2-latest": "7.8.1.738",
    "1.5.2-recommended": "7.8.1.738",
    "1.6.1-latest": "8.9.0.775",
    "1.6.2-latest": "9.10.1.871",
    "1.6.2-recommended": "9.10.1.871",
    "1.6.3-latest": "9.11.0.878",
    "1.6.4-latest": "9.11.1.1345",
    "1.6.4-recommended": "9.11.1.1345",
    "1.7.2-latest": "10.12.2.1161",
    "1.7.2-recommended": "10.12.2.1161",
    "1.7.10_pre4-latest": "10.12.2.1149",
    "1.7.10-latest": "10.13.4.1614",
    "1.7.10-recommended": "10.13.4.1614",
    "1.8-latest": "11.14.4.1577",
    "1.8-recommended": "11.14.4.1563",
    "1.8.8-latest": "11.15.0.1655",
    "1.8.9-latest": "11.15.1.2318",
    "1.8.9-recommended": "11.15.1.2318",
    "1.9-latest": "12.16.1.1938",
    "1.9-recommended": "12.16.1.1887",
    "1.9.4-latest": "12.17.0.2317",
    "1.9.4-recommended": "12.17.0.2317",
    "1.10-latest": "12.18.0.2000",
    "1.10.2-latest": "12.18.3.2511",
    "1.10.2-recommended": "12.18.3.2511",
    "1.11-latest": "13.19.1.2199",
    "1.11-recommended": "13.19.1.2189",
    "1.11.2-latest": "13.20.1.2588",
    "1.11.2-recommended": "13.20.1.2588",
    "1.12-latest": "14.21.1.2443",
    "1.12-recommended": "14.21.1.2387",
    "1.12.1-latest": "14.22.1.2485",
    "1.12.1-recommended": "14.22.1.2478",
    "1.12.2-latest": "14.23.5.2860",
    "1.12.2-recommended": "14.23.5.2859",
    "1.13.2-latest": "25.0.223",
    "1.14.2-latest": "26.0.63",
    "1.14.3-latest": "27.0.60",
    "1.14.4-latest": "28.2.26",
    "1.14.4-recommended": "28.2.26",
    "1.15-latest": "29.0.4",
    "1.15.1-latest": "30.0.51",
    "1.15.2-latest": "31.2.57",
    "1.15.2-recommended": "31.2.57",
    "1.16.1-latest": "32.0.108",
    "1.16.2-latest": "33.0.61",
    "1.16.3-latest": "34.1.42",
    "1.16.3-recommended": "34.1.0",
    "1.16.4-latest": "35.1.37",
    "1.16.4-recommended": "35.1.4",
    "1.16.5-latest": "36.2.42",
    "1.16.5-recommended": "36.2.34",
    "1.17.1-latest": "37.1.1",
    "1.17.1-recommended": "37.1.1",
    "1.18-latest": "38.0.17",
    "1.18.1-latest": "39.1.2",
    "1.18.1-recommended": "39.1.0",
    "1.18.2-recommended": "40.3.0",
    "1.18.2-latest": "40.3.9",
    "1.19-latest": "41.1.0",
    "1.19-recommended": "41.1.0",
    "1.19.1-latest": "42.0.9",
    "1.19.2-recommended": "43.5.0",
    "1.19.2-latest": "43.5.0",
    "1.19.3-latest": "44.1.23",
    "1.19.3-recommended": "44.1.0",
    "1.19.4-recommended": "45.4.0",
    "1.19.4-latest": "45.4.0",
    "1.20-latest": "46.0.14",
    "1.20.1-recommended": "47.4.0",
    "1.20.1-latest": "47.4.0",
    "1.20.2-latest": "48.1.0",
    "1.20.2-recommended": "48.1.0",
    "1.20.3-latest": "49.0.2",
    "1.20.4-latest": "49.2.0",
    "1.20.4-recommended": "49.2.0",
    "1.20.6-latest": "50.2.0",
    "1.20.6-recommended": "50.2.0",
    "1.21-latest": "51.0.33",
    "1.21.1-latest": "52.1.0",
    "1.21.1-recommended": "52.1.0",
    "1.21.3-latest": "53.1.0",
    "1.21.3-recommended": "53.1.0",
    "1.21.4-latest": "54.1.3",
    "1.21.4-recommended": "54.1.0"
  }
}
[22Mar2025 23:14:51.262] [Forge Version Check/INFO] [net.minecraftforge.fml.VersionChecker/]: [forge] Found status: OUTDATED Current: 47.3.7 Target: 47.4.0
[22Mar2025 23:14:51.262] [Forge Version Check/INFO] [net.minecraftforge.fml.VersionChecker/]: [ksyxis] Starting version check at https://raw.githubusercontent.com/VidTu/Ksyxis/main/updater_ksyxis_forge.json
[22Mar2025 23:14:51.360] [Forge Version Check/DEBUG] [net.minecraftforge.fml.VersionChecker/]: [ksyxis] Received version check data:
{
  "homepage": "https://modrinth.com/mod/ksyxis",
  "promos": {
    "1.21.4-latest": "1.3.3",
    "1.21.4-recommended": "1.3.3",
    "1.21.3-latest": "1.3.3",
    "1.21.3-recommended": "1.3.3",
    "1.21.2-latest": "1.3.3",
    "1.21.2-recommended": "1.3.3",
    "1.21.1-latest": "1.3.3",
    "1.21.1-recommended": "1.3.3",
    "1.21-latest": "1.3.3",
    "1.21-recommended": "1.3.3",
    "1.20.6-latest": "1.3.3",
    "1.20.6-recommended": "1.3.3",
    "1.20.5-latest": "1.3.3",
    "1.20.5-recommended": "1.3.3",
    "1.20.4-latest": "1.3.3",
    "1.20.4-recommended": "1.3.3",
    "1.20.3-latest": "1.3.3",
    "1.20.3-recommended": "1.3.3",
    "1.20.2-latest": "1.3.3",
    "1.20.2-recommended": "1.3.3",
    "1.20.1-latest": "1.3.3",
    "1.20.1-recommended": "1.3.3",
    "1.20-latest": "1.3.3",
    "1.20-recommended": "1.3.3",
    "1.19.4-latest": "1.3.3",
    "1.19.4-recommended": "1.3.3",
    "1.19.3-latest": "1.3.3",
    "1.19.3-recommended": "1.3.3",
    "1.19.2-latest": "1.3.3",
    "1.19.2-recommended": "1.3.3",
    "1.19.1-latest": "1.3.3",
    "1.19.1-recommended": "1.3.3",
    "1.19-latest": "1.3.3",
    "1.19-recommended": "1.3.3",
    "1.18.2-latest": "1.3.3",
    "1.18.2-recommended": "1.3.3",
    "1.18.1-latest": "1.3.3",
    "1.18.1-recommended": "1.3.3",
    "1.18-latest": "1.3.3",
    "1.18-recommended": "1.3.3",
    "1.17.1-latest": "1.3.3",
    "1.17.1-recommended": "1.3.3",
    "1.17-latest": "1.3.3",
    "1.17-recommended": "1.3.3",
    "1.16.5-latest": "1.3.3",
    "1.16.5-recommended": "1.3.3",
    "1.16.4-latest": "1.3.3",
    "1.16.4-recommended": "1.3.3",
    "1.16.3-latest": "1.3.3",
    "1.16.3-recommended": "1.3.3",
    "1.16.2-latest": "1.3.3",
    "1.16.2-recommended": "1.3.3",
    "1.16.1-latest": "1.3.3",
    "1.16.1-recommended": "1.3.3",
    "1.16-latest": "1.3.3",
    "1.16-recommended": "1.3.3",
    "1.15.2-latest": "1.3.3",
    "1.15.2-recommended": "1.3.3",
    "1.15.1-latest": "1.3.3",
    "1.15.1-recommended": "1.3.3",
    "1.15-latest": "1.3.3",
    "1.15-recommended": "1.3.3",
    "1.14.4-latest": "1.3.3",
    "1.14.4-recommended": "1.3.3",
    "1.14.3-latest": "1.3.3",
    "1.14.3-recommended": "1.3.3",
    "1.14.2-latest": "1.3.3",
    "1.14.2-recommended": "1.3.3",
    "1.14.1-latest": "1.3.3",
    "1.14.1-recommended": "1.3.3",
    "1.14-latest": "1.3.3",
    "1.14-recommended": "1.3.3",
    "1.13.2-latest": "1.3.3",
    "1.13.2-recommended": "1.3.3",
    "1.13.1-latest": "1.3.3",
    "1.13.1-recommended": "1.3.3",
    "1.13-latest": "1.3.3",
    "1.13-recommended": "1.3.3",
    "1.12.2-latest": "1.3.3",
    "1.12.2-recommended": "1.3.3",
    "1.12.1-latest": "1.3.3",
    "1.12.1-recommended": "1.3.3",
    "1.12-latest": "1.3.3",
    "1.12-recommended": "1.3.3",
    "1.11.2-latest": "1.3.3",
    "1.11.2-recommended": "1.3.3",
    "1.11.1-latest": "1.3.3",
    "1.11.1-recommended": "1.3.3",
    "1.11-latest": "1.3.3",
    "1.11-recommended": "1.3.3",
    "1.10.2-latest": "1.3.3",
    "1.10.2-recommended": "1.3.3",
    "1.10.1-latest": "1.3.3",
    "1.10.1-recommended": "1.3.3",
    "1.10-latest": "1.3.3",
    "1.10-recommended": "1.3.3",
    "1.9.4-latest": "1.3.3",
    "1.9.4-recommended": "1.3.3",
    "1.9.3-latest": "1.3.3",
    "1.9.3-recommended": "1.3.3",
    "1.9.2-latest": "1.3.3",
    "1.9.2-recommended": "1.3.3",
    "1.9.1-latest": "1.3.3",
    "1.9.1-recommended": "1.3.3",
    "1.9-latest": "1.3.3",
    "1.9-recommended": "1.3.3",
    "1.8.9-latest": "1.3.3",
    "1.8.9-recommended": "1.3.3",
    "1.8.8-latest": "1.3.3",
    "1.8.8-recommended": "1.3.3",
    "1.8.7-latest": "1.3.3",
    "1.8.7-recommended": "1.3.3",
    "1.8.6-latest": "1.3.3",
    "1.8.6-recommended": "1.3.3",
    "1.8.5-latest": "1.3.3",
    "1.8.5-recommended": "1.3.3",
    "1.8.4-latest": "1.3.3",
    "1.8.4-recommended": "1.3.3",
    "1.8.3-latest": "1.3.3",
    "1.8.3-recommended": "1.3.3",
    "1.8.2-latest": "1.3.3",
    "1.8.2-recommended": "1.3.3",
    "1.8.1-latest": "1.3.3",
    "1.8.1-recommended": "1.3.3",
    "1.8-latest": "1.3.3",
    "1.8-recommended": "1.3.3"
  }
}
[22Mar2025 23:14:51.360] [Forge Version Check/INFO] [net.minecraftforge.fml.VersionChecker/]: [ksyxis] Found status: UP_TO_DATE Current: 1.3.3 Target: null
[22Mar2025 23:14:51.361] [Forge Version Check/INFO] [net.minecraftforge.fml.VersionChecker/]: [jeiintegration] Starting version check at https://cdn.snowshock35.com/mods/jei-integration/update.json
[22Mar2025 23:14:51.406] [modloading-worker-0/INFO] [mcp.mobius.waila.plugin.PluginLoader/]: [WTHIT] Initializing common plugin waila:core at mcp.mobius.waila.plugin.core.CoreCommonPlugin
[22Mar2025 23:14:51.409] [modloading-worker-0/DEBUG] [mixin/]: Mixing perf.potential_spawns_alloc.PotentialSpawnsMixin from modernfix-forge.mixins.json into net.minecraftforge.event.level.LevelEvent$PotentialSpawns
[22Mar2025 23:14:51.429] [modloading-worker-0/INFO] [mcp.mobius.waila.plugin.PluginLoader/]: [WTHIT] Initializing common plugin waila:vanilla at mcp.mobius.waila.plugin.vanilla.VanillaCommonPlugin
[22Mar2025 23:14:51.440] [modloading-worker-0/INFO] [mcp.mobius.waila.plugin.PluginLoader/]: [WTHIT] Initializing common plugin waila:harvest at mcp.mobius.waila.plugin.harvest.HarvestCommonPlugin
[22Mar2025 23:14:51.444] [modloading-worker-0/INFO] [mcp.mobius.waila.plugin.PluginLoader/]: [WTHIT] Initializing common plugin waila:forge at mcp.mobius.waila.plugin.forge.ForgeCommonPlugin
[22Mar2025 23:14:51.447] [modloading-worker-0/INFO] [mcp.mobius.waila.plugin.PluginLoader/]: [WTHIT] Initializing common plugin waila:extra at mcp.mobius.waila.plugin.extra.ExtraPlugin
[22Mar2025 23:14:51.483] [modloading-worker-0/INFO] [mcp.mobius.waila.config.PluginConfig/]: [WTHIT] Plugin config reloaded
[22Mar2025 23:14:51.494] [Forge Version Check/DEBUG] [net.minecraftforge.fml.VersionChecker/]: [jeiintegration] Received version check data:
{
  "homepage": "https://www.curseforge.com/minecraft/mc-mods/jei-integration/",
  "1.10.2": {
    "1.0.0": "https://www.curseforge.com/minecraft/mc-mods/jei-integration/files/2454700",
    "1.1.0": "https://www.curseforge.com/minecraft/mc-mods/jei-integration/files/2455411",
    "1.2.0": "https://www.curseforge.com/minecraft/mc-mods/jei-integration/files/2455429"
  },
  "1.11.2": {
    "1.0.0": "https://www.curseforge.com/minecraft/mc-mods/jei-integration/files/2454635",
    "1.1.0": "https://www.curseforge.com/minecraft/mc-mods/jei-integration/files/2454679",
    "1.2.0": "https://www.curseforge.com/minecraft/mc-mods/jei-integration/files/2455436"
  },
  "1.12": {
    "1.1.0": "https://www.curseforge.com/minecraft/mc-mods/jei-integration/files/2454209",
    "1.1.1": "https://www.curseforge.com/minecraft/mc-mods/jei-integration/files/2454685",
    "1.2.0": "https://www.curseforge.com/minecraft/mc-mods/jei-integration/files/2455444",
    "1.3.0": "https://www.curseforge.com/minecraft/mc-mods/jei-integration/files/2457723"
  },
  "1.12.1": {
    "1.4.0": "https://www.curseforge.com/minecraft/mc-mods/jei-integration/files/2460251",
    "1.4.1": "https://www.curseforge.com/minecraft/mc-mods/jei-integration/files/2460952",
    "1.4.2": "https://www.curseforge.com/minecraft/mc-mods/jei-integration/files/2463596"
  },
  "1.12.2": {
    "1.5.0": "https://www.curseforge.com/minecraft/mc-mods/jei-integration/files/2490763",
    "1.5.1": "https://www.curseforge.com/minecraft/mc-mods/jei-integration/files/2491927"
  },
  "promos": {
    "1.12.2-latest": "1.6.0",
    "1.12.2-recommended": "1.6.0"
  }
}
[22Mar2025 23:14:51.494] [Forge Version Check/INFO] [net.minecraftforge.fml.VersionChecker/]: [jeiintegration] Found status: BETA Current: 10.0.0 Target: null
[22Mar2025 23:14:51.494] [Forge Version Check/INFO] [net.minecraftforge.fml.VersionChecker/]: [inventoryhud] Starting version check at https://raw.githubusercontent.com/DmitryLovin/pluginUpdate/master/invupdate.json
[22Mar2025 23:14:51.511] [Forge Version Check/DEBUG] [net.minecraftforge.fml.VersionChecker/]: [inventoryhud] Received version check data:
{
  "homepage": "https://www.curseforge.com/minecraft/mc-mods/inventory-hud-forge",
  "1.21.1": {
    "3.4.26": "1.21.1 release"
  },
  "1.21": {
    "3.4.21": "1.21 release",
    "3.4.22": "added Turkish language\nadded Portuguese language\nsome render fixes",
    "3.4.23": "added Hungarian language\nadded Ukrainian language\nsmall config GUI fix",
    "3.4.24": "fixed button width bug\nadded Czech language\nadded Korean language",
    "3.4.26": "added Chinese Traditional (Taiwan) language"
  },
  "1.20.6": {
    "3.4.21": "1.20.6 release",
    "3.4.22": "added Turkish language\nadded Portuguese language\nsome render fixes",
    "3.4.23": "added Hungarian language\nadded Ukrainian language\nsmall config GUI fix",
    "3.4.24": "fixed button width bug\nadded Czech language\nadded Korean language",
    "3.4.26": "added Chinese Traditional (Taiwan) language"
  },
  "1.20.4": {
    "3.4.19": "1.20.3 release",
    "3.4.20": "fixed issue #130 By sporefreak when mod keybinds trigger everywhere",
    "3.4.22": "added Turkish language\nadded Portuguese language\nsome render fixes",
    "3.4.23": "added Hungarian language\nadded Ukrainian language\nsmall config GUI fix",
    "3.4.24": "fixed button width bug\nadded Czech language\nadded Korean language",
    "3.4.26": "added Chinese Traditional (Taiwan) language"
  },
  "1.20.3": {
    "3.4.19": "1.20.3 release"
  },
  "1.20.2": {
    "3.4.19": "1.20.2 release"
  },
  "1.20.1": {
    "3.4.13": "1.20 release",
    "3.4.14": "new option to hide HUDs with debug gui opened\nnew option to hide arrows count when now weapon in your hands\nnew option to show effect levels higher than 9",
    "3.4.15": "Italian translation",
    "3.4.17": "French and Japanese translations",
    "3.4.18": "German translation",
    "3.4.22": "added Turkish language\nadded Portuguese language\nsome render fixes",
    "3.4.23": "added Hungarian language\nadded Ukrainian language\nsmall config GUI fix",
    "3.4.24": "fixed button width bug\nadded Czech language\nadded Korean language",
    "3.4.26": "added Chinese Traditional (Taiwan) language"
  },
  "1.20": {
    "3.4.13": "1.20 release",
    "3.4.14": "new option to hide HUDs with debug gui opened\nnew option to hide arrows count when now weapon in your hands\nnew option to show effect levels higher than 9",
    "3.4.15": "Italian translation",
    "3.4.17": "French and Japanese translations",
    "3.4.18": "German translation",
    "3.4.22": "added Turkish language\nadded Portuguese language\nsome render fixes",
    "3.4.23": "added Hungarian language\nadded Ukrainian language\nsmall config GUI fix",
    "3.4.24": "fixed button width bug\nadded Czech language\nadded Korean language",
    "3.4.26": "added Chinese Traditional (Taiwan) language"
  },
  "1.19.4": {
    "3.4.8": "new 'keep notify' setting, you can toggle it off to be notified only once per version\nnew 'show hidden effects' setting, you can hide icons for hidden effect, like in vanilla version\nnew effects blacklist system, potion hud will ignore effects from this list",
    "3.4.9": "critical error hot fix",
    "3.4.10": "curios/trinkets fixes",
    "3.4.11": "Numeric text field fix",
    "3.4.12": "some fixes and new ammo calculation",
    "3.4.14": "new option to hide HUDs with debug gui opened\nnew option to hide arrows count when now weapon in your hands\nnew option to show effect levels higher than 9",
    "3.4.15": "Italian translation",
    "3.4.17": "French and Japanese translations",
    "3.4.18": "German translation",
    "3.4.22": "added Turkish language\nadded Portuguese language\nsome render fixes",
    "3.4.23": "added Hungarian language\nadded Ukrainian language\nsmall config GUI fix",
    "3.4.24": "fixed button width bug\nadded Czech language\nadded Korean language",
    "3.4.26": "added Chinese Traditional (Taiwan) language"
  },
  "1.19.3": {
    "3.4.6": "new forge registris",
    "3.4.7": "cross version for 1.19.2 and 1.19.3"
  },
  "1.19.2": {
    "3.4.6": "new forge registris",
    "3.4.7": "cross version for 1.19.2 and 1.19.3",
    "3.4.23": "added Hungarian language\nadded Ukrainian language\nsmall config GUI fix",
    "3.4.24": "fixed button width bug\nadded Czech language\nadded Korean language",
    "3.4.26": "added Chinese Traditional (Taiwan) language"
  },
  "1.19.1": {
    "3.4.6": "new forge registris"
  },
  "1.19": {
    "3.4.2": "fabric 1.19",
    "3.4.4": "1.19",
    "3.4.5": "curios support",
    "3.4.6": "new forge registris"
  },
  "1.18.2": {
    "3.4.2": "1.18.1",
    "3.4.3": "1.18.1",
    "3.4.4": "(forge) fixed server init",
    "3.4.8": "new 'keep notify' setting, you can toggle it off to be notified only once per version\nnew 'show hidden effects' setting, you can hide icons for hidden effect, like in vanilla version\nnew effects blacklist system, potion hud will ignore effects from this list",
    "3.4.9": "critical error hot fix",
    "3.4.10": "curios/trinkets fixes",
    "3.4.12": "some fixes and new ammo calculation",
    "3.4.14": "new option to hide HUDs with debug gui opened\nnew option to hide arrows count when now weapon in your hands\nnew option to show effect levels higher than 9",
    "3.4.15": "Italian translation",
    "3.4.16": "fixed save function for numeric text field. related to issue #118 By  guyguy18123",
    "3.4.17": "French and Japanese translations",
    "3.4.18": "German translation",
    "3.4.22": "added Turkish language\nadded Portuguese language\nsome render fixes",
    "3.4.23": "added Hungarian language\nadded Ukrainian language\nsmall config GUI fix",
    "3.4.24": "fixed button width bug\nadded Czech language\nadded Korean language",
    "3.4.26": "added Chinese Traditional (Taiwan) language"
  },
  "1.18.1": {
    "3.4.2": "1.18.1",
    "3.4.3": "1.18.1",
    "3.4.4": "(forge) fixed server init"
  },
  "1.18": {
    "3.4.1": "1.18 release",
    "3.4.2": "curios fixes (forge only)\nfixed issue #58 By Baenjamin (fabric only)",
    "3.4.3": "fixed issue (#60 By  codingandtea) with curios implementation",
    "3.4.4": "(forge) fixed server init"
  },
  "1.17.1": {
    "3.3.2": "nothing here",
    "3.3.3": "forge",
    "3.3.4": "vanilla potion icons are now disabled when potion hud is enabled",
    "3.4.0": "added trinkets support\nadded chinese language\nadded spanish language\nadded notification system for future updates",
    "3.4.1": "added bar duration setting"
  },
  "1.17": {
    "3.3.1": "released for 1.17\nadded update notification system",
    "3.3.2": "fixed issue #38 By  gamingoninsulin",
    "3.3.3": "forge release",
    "3.3.4": "vanilla potion icons are now disabled when potion hud is enabled",
    "3.4.0": "added trinkets support\nadded chinese language\nadded spanish language\nadded notification system for future updates",
    "3.4.1": "added bar duration setting"
  },
  "1.16.1": {
    "3.0": "new mini mode for Potion HUD\nArmor HUD now shows count of arrows in full plus inv mode\nnew Ingame config menu, where you can change position of the HUDs and toggle them on/off",
    "3.0.1": " small compatibility fixes.",
    "3.1.0": "new vertical mode for InventoryHUD\nnew mini mode for InventoryHUD\nPotionHUD now has gap option\nfixed bug when potions was rendering above debug screen\npotion rendering system was reworked, now all potions from any mod should render",
    "3.1.1": "now one version for 1.16.1, 1.16.2 and 1.16.3\nnew colors for armor hud\nfixed issue #8 By just_some_user\nfixed issue #7 By just_some_user\nchanged default key binding for options, now 'O'\nkey binding for options is now open full config screen instead of changing position",
    "3.1.2": "added new option in armor hud config (durability bars)",
    "3.1.3": "fixed issue with loading config\nfixed some texts issues",
    "3.1.4": "fixed issue with potion level icon",
    "3.2.1": "fixed issue #24 By  cartenavigom",
    "3.2.2": "fixed issue #27 By Gberqz"
  },
  "1.16.2": {
    "3.1.0": "new vertical mode for InventoryHUD\nnew mini mode for InventoryHUD\nPotionHUD now has gap option\nfixed bug when potions was rendering above debug screen\npotion rendering system was reworked, now all potions from any mod should render",
    "3.1.1": "now one version for 1.16.1, 1.16.2 and 1.16.3\nnew colors for armor hud\nfixed issue #8 By just_some_user\nfixed issue #7 By just_some_user\nchanged default key binding for options, now 'O'\nkey binding for options is now open full config screen instead of changing position",
    "3.1.2": "added new option in armor hud config (durability bars)",
    "3.1.3": "fixed issue with loading config\nfixed some texts issues",
    "3.1.4": "fixed issue with potion level icon",
    "3.2.0": "new Inventory HUD background (with configurable alpha)\nDisebleable ArmorHUD numbers\nevery item in ArmorHUD now moveble\nnew config screen\nfixed issue when quiver and inventory icons rendered wrong with left-handed players.\nfixed issue when lang files didn't work.",
    "3.2.1": "fixed issue #24 By  cartenavigom",
    "3.2.2": "fixed issue #27 By Gberqz",
    "3.3.0": "added animation for recently picked up items\nadded possibility to hide InventoryHUD background if inventory is empty\nchanged size of InventoryHUD background\nadded new option for ArmorHUD show overall item count for main/off hand\nArmorHUD is now scalable\nadded new horizontal mode for PotionHUD\nadded keybind for toggle on/off Potion and Armor HUDs",
    "3.4.0": "added trinkets support\nadded chinese language\nadded spanish language\nadded notification system for future updates",
    "3.4.1": "added bar duration setting"
  },
  "1.16.3": {
    "3.1.0": "new vertical mode for InventoryHUD\nnew mini mode for InventoryHUD\nPotionHUD now has gap option\nfixed bug when potions was rendering above debug screen\npotion rendering system was reworked, now all potions from any mod should render",
    "3.1.1": "now one version for 1.16.1, 1.16.2 and 1.16.3\nnew colors for armor hud\nfixed issue #8 By just_some_user\nfixed issue #7 By just_some_user\nchanged default key binding for options, now 'O'\nkey binding for options is now open full config screen instead of changing position",
    "3.1.2": "added new option in armor hud config (durability bars)",
    "3.1.3": "fixed issue with loading config\nfixed some texts issues",
    "3.1.4": "fixed issue with potion level icon",
    "3.2.0": "new Inventory HUD background (with configurable alpha)\nDisebleable ArmorHUD numbers\nevery item in ArmorHUD now moveble\nnew config screen\nfixed issue when quiver and inventory icons rendered wrong with left-handed players.\nfixed issue when lang files didn't work.",
    "3.2.1": "fixed issue #24 By  cartenavigom",
    "3.2.2": "fixed issue #27 By Gberqz",
    "3.3.0": "added animation for recently picked up items\nadded possibility to hide InventoryHUD background if inventory is empty\nchanged size of InventoryHUD background\nadded new option for ArmorHUD show overall item count for main/off hand\nArmorHUD is now scalable\nadded new horizontal mode for PotionHUD\nadded keybind for toggle on/off Potion and Armor HUDs",
    "3.4.0": "added trinkets support\nadded chinese language\nadded spanish language\nadded notification system for future updates",
    "3.4.1": "added bar duration setting"
  },
  "1.16.4": {
    "3.1.3": "fixed issue with loading config\nfixed some texts issues",
    "3.1.4": "fixed issue with potion level icon",
    "3.2.0": "new Inventory HUD background (with configurable alpha)\nDisebleable ArmorHUD numbers\nevery item in ArmorHUD now moveble\nnew config screen\nfixed issue when quiver and inventory icons rendered wrong with left-handed players.\nfixed issue when lang files didn't work.",
    "3.2.1": "fixed issue #24 By  cartenavigom",
    "3.2.2": "fixed issue #27 By Gberqz",
    "3.3.0": "added animation for recently picked up items\nadded possibility to hide InventoryHUD background if inventory is empty\nchanged size of InventoryHUD background\nadded new option for ArmorHUD show overall item count for main/off hand\nArmorHUD is now scalable\nadded new horizontal mode for PotionHUD\nadded keybind for toggle on/off Potion and Armor HUDs",
    "3.4.0": "added trinkets support\nadded chinese language\nadded spanish language\nadded notification system for future updates",
    "3.4.1": "added bar duration setting"
  },
  "1.16.5": {
    "3.1.3": "fixed issue with loading config\nfixed some texts issues",
    "3.1.4": "fixed issue with potion level icon",
    "3.2.0": "new Inventory HUD background (with configurable alpha)\nDisebleable ArmorHUD numbers\nevery item in ArmorHUD now moveble\nnew config screen\nfixed issue when quiver and inventory icons rendered wrong with left-handed players.\nfixed issue when lang files didn't work.",
    "3.2.1": "fixed issue #24 By  cartenavigom",
    "3.2.2": "fixed issue #27 By Gberqz",
    "3.3.0": "added animation for recently picked up items\nadded possibility to hide InventoryHUD background if inventory is empty\nchanged size of InventoryHUD background\nadded new option for ArmorHUD show overall item count for main/off hand\nArmorHUD is now scalable\nadded new horizontal mode for PotionHUD\nadded keybind for toggle on/off Potion and Armor HUDs",
    "3.4.0": "added trinkets support\nadded chinese language\nadded spanish language\nadded notification system for future updates",
    "3.4.1": "added bar duration setting"
  },
  "1.15.2": {
    "1.3": "Some lang fixes",
    "2.0": "New features: armor damage hud & potions hud",
    "2.1": "Custom effects from most of mods now works correctly",
    "2.2": "Now you can change PotionHUD orientation from LEFT to RIGHT\nNow you can change ArmorStatusHUD orientation from MIDDLE to LEFT or RIGHT, also you can change position\nNew ConfigGUI",
    "2.2.1": "Armor orientation fixes and Potion Y pos fixes",
    "2.3": "Now u can hide armor if durability is above what u set in config..",
    "2.4": "new types of Orientation and you can change Orientation of any HUD",
    "2.5": "Now PotionHUD shows levels of the effects\nNow you can change alpha of PotionHUD background. Suggested by pyrezombie\nFixed Issue #3 by SelfyxT",
    "2.6": "ArmorStatus HUD now contains main and off hand items, and also counter of inventory empty slots, you can switch type and durability view via config",
    "2.6.1": "Fixed Issue #4 by sandalle",
    "3.0": "new mini mode for Potion HUD\nArmor HUD now shows count of arrows in full plus inv mode\nnew Ingame config menu, where you can change position of the HUDs and toggle them on/off",
    "3.0.1": " small compatibility fixes.",
    "3.1.0": "new vertical mode for InventoryHUD\nnew mini mode for InventoryHUD\nPotionHUD now has gap option\nfixed bug when potions was rendering above debug screen\npotion rendering system was reworked, now all potions from any mod should render",
    "3.1.1": "new colors for armor hud\nfixed issue #8 By just_some_user\nfixed issue #7 By just_some_user\nchanged default key binding for options, now 'O'\nkey binding for options is now open full config screen instead of changing position",
    "3.1.2": "added new option in armor hud config (durability bars)",
    "3.1.3": "fixed issue with loading config\nfixed some texts issues",
    "3.1.4": "fixed issue with potion level icon",
    "3.2.0": "new Inventory HUD background (with configurable alpha)\nDisebleable ArmorHUD numbers\nevery item in ArmorHUD now moveble\nnew config screen\nfixed issue when quiver and inventory icons rendered wrong with left-handed players\nfixed issue when lang files didn't work",
    "3.2.1": "fixed issue #24 By  cartenavigom",
    "3.3.0": "added animation for recently picked up items\nadded possibility to hide InventoryHUD background if inventory is empty\nchanged size of InventoryHUD background\nadded new option for ArmorHUD show overall item count for main/off hand\nArmorHUD is now scalable\nadded new horizontal mode for PotionHUD\nadded keybind for toggle on/off Potion and Armor HUDs",
    "3.4.0": "added trinkets support\nadded chinese language\nadded spanish language\nadded notification system for future updates",
    "3.4.1": "added bar duration setting"
  },
  "1.15.1": {
    "1.3": "Some lang fixes",
    "2.0": "New features: armor damage hud & potions hud",
    "2.1": "Custom effects from most of mods now works correctly",
    "2.2": "Now you can change PotionHUD orientation from LEFT to RIGHT\nNow you can change ArmorStatusHUD orientation from MIDDLE to LEFT or RIGHT, also you can change position\nNew ConfigGUI",
    "2.2.1": "Armor orientation fixes and Potion Y pos fixes",
    "2.3": "Now u can hide armor if durability is above what u set in config.",
    "2.4": "new types of Orientation and you can change Orientation of any HUD",
    "2.5": "Now PotionHUD shows levels of the effects\nNow you can change alpha of PotionHUD background. Suggested by pyrezombie\nFixed Issue #3 by SelfyxT",
    "2.6": "ArmorStatus HUD now contains main and off hand items, and also counter of inventory empty slots, you can switch type and durability view via config",
    "2.6.1": "Fixed Issue #4 by sandalle",
    "3.0": "new mini mode for Potion HUD\nArmor HUD now shows count of arrows in full plus inv mode\nnew Ingame config menu, where you can change position of the HUDs and toggle them on/off",
    "3.4.0": "added trinkets support\nadded chinese language\nadded spanish language\nadded notification system for future updates",
    "3.4.1": "added bar duration setting"
  },
  "1.14.4": {
    "1.4": "Some lang fixes",
    "2.0": "New features: armor damage hud & potions hud",
    "2.1": "Now has same features as 1.15 mod",
    "2.2": "Now PotionHUD shows levels of the effects\nNow you can change alpha of PotionHUD background. Suggested by pyrezombie\nFixed Issue #3 by SelfyxT",
    "2.3": "ArmorStatus HUD now contains main and off hand items, and also counter of inventory empty slots, you can switch type and durability view via config",
    "2.3.1": "Fixed Issue #4 by sandalle",
    "3.0": "new mini mode for Potion HUD\nArmor HUD now shows count of arrows in full plus inv mode\nnew Ingame config menu, where you can change position of the HUDs and toggle them on/off",
    "3.0.1": " small compatibility fixes.",
    "3.1.0": "new vertical mode for InventoryHUD\nnew mini mode for InventoryHUD\nPotionHUD now has gap option\nfixed bug when potions was rendering above debug screen\npotion rendering system was reworked, now all potions from any mod should render",
    "3.1.1": "new colors for armor hud\nfixed issue #8 By just_some_user\nfixed issue #7 By just_some_user\nchanged default key binding for options, now 'O'\nkey binding for options is now open full config screen instead of changing position",
    "3.2.1": "fixed issue #24 By  cartenavigom",
    "3.3.0": "added animation for recently picked up items\nadded possibility to hide InventoryHUD background if inventory is empty\nchanged size of InventoryHUD background\nadded new option for ArmorHUD show overall item count for main/off hand\nArmorHUD is now scalable\nadded new horizontal mode for PotionHUD\nadded keybind for toggle on/off Potion and Armor HUDs"
  },
  "1.12.2": {
    "1.0": "First release on 1.12.2",
    "1.1": "Potion icons fixes",
    "1.2": "Now PotionHUD shows levels of the effects\nNow you can change alpha of PotionHUD background. Suggested by pyrezombie\nPotionHUD support even more mods now\nFixed Issue #3 by SelfyxT",
    "1.2.1": "added more mods for PotionHUD",
    "1.3": "ArmorStatus HUD now contains main and off hand items, and also counter of inventory empty slots, you can switch type and durability view via config",
    "1.3.1": "Fixed Issue #4 by sandalle",
    "1.3.2": "Crash fixes!!!",
    "3.0.1": "new mini mode for Potion HUD\nArmor HUD now shows count of arrows in full plus inv mode\nnew Ingame config menu, where you can change position of the HUDs and toggle them on/off\nmod config screen now the same as in 1.14.4+ versions",
    "3.1.0": "new vertical mode for InventoryHUD\nnew mini mode for InventoryHUD\nPotionHUD now has gap option",
    "3.1.1": "fixed bug when bag and quiver had wrong color, thx Ackmard for report!",
    "3.1.2": "fixed issue when mod was spamming logs",
    "3.1.3": "Reworked potion icon rendering\nfixed issue #8 By just_some_user\nfixed issue #7 By just_some_user\nchanged default key binding for options, now 'O'\nkey binding for options is now open full config screen instead of changing position",
    "3.1.4": "new colors for armorhud",
    "3.1.5": "corail tombstones potion effects now has icons\nadded new option in armor hud config (durability bars)",
    "3.1.6": "fixed issue #11 By  just_some_user\nfixed issue #12 By  NoAim_Chomsky",
    "3.1.7": "added two more mods to potionhud integration",
    "3.1.9": "fixed issue with potion level icon",
    "3.2.0": "new Inventory HUD background (with configurable alpha)\nDisebleable ArmorHUD numbers\nevery item in ArmorHUD now moveble\nnew config screen\nfixed issue when quiver and inventory icons rendered wrong with left-handed players\nfixed issue when lang files didn't work",
    "3.2.1": "fixed issue #24 By  cartenavigom",
    "3.3.0": "added animation for recently picked up items\nadded possibility to hide InventoryHUD background if inventory is empty\nchanged size of InventoryHUD background\nadded new option for ArmorHUD show overall item count for main/off hand\nArmorHUD is now scalable\nadded new horizontal mode for PotionHUD\nadded keybind for toggle on/off Potion and Armor HUDs\nadded one more mod for PotionHUD integration",
    "3.3.1": "fixed issue #33 By  TCreopargh",
    "3.4.0": "added trinkets support\nadded chinese language\nadded spanish language\nadded notification system for future updates",
    "3.4.1": "added bar duration setting\nmore mods support potion hud",
    "3.4.4": "fixed version check\nadded more mods for potion hud"
  },
  "1.8.9": {
    "3.1.0": "RELEASE!",
    "3.1.1": "fixed issue with potion level icon",
    "3.2.0": "new Inventory HUD background (with configurable alpha)\nDisebleable ArmorHUD numbers\nevery item in ArmorHUD now moveble\nnew config screen\nfixed issue when quiver and inventory icons rendered wrong with left-handed players\nfixed issue when lang files didn't work",
    "3.2.1": "fixed issue #24 By  cartenavigom"
  },
  "promos": {
    "1.21.1-latest": "3.4.26",
    "1.21.1-recommended": "3.4.26",
    "1.21.1-fabric": "3.4.26",
    "1.21-latest": "3.4.26",
    "1.21-recommended": "3.4.26",
    "1.21-fabric": "3.4.26",
    "1.20.6-latest": "3.4.26",
    "1.20.6-recommended": "3.4.26",
    "1.20.6-fabric": "3.4.26",
    "1.20.4-latest": "3.4.26",
    "1.20.4-recommended": "3.4.26",
    "1.20.4-fabric": "3.4.26",
    "1.20.3-latest": "3.4.19",
    "1.20.3-recommended": "3.4.19",
    "1.20.3-fabric": "3.4.19",
    "1.20.2-latest": "3.4.19",
    "1.20.2-recommended": "3.4.19",
    "1.20.2-fabric": "3.4.19",
    "1.20.1-latest": "3.4.26",
    "1.20.1-recommended": "3.4.26",
    "1.20.1-fabric": "3.4.26",
    "1.20-latest": "3.4.26",
    "1.20-recommended": "3.4.26",
    "1.20-fabric": "3.4.26",
    "1.19.4-latest": "3.4.26",
    "1.19.4-recommended": "3.4.26",
    "1.19.4-fabric": "3.4.26",
    "1.19.3-latest": "3.4.7",
    "1.19.3-recommended": "3.4.7",
    "1.19.3-fabric": "3.4.7",
    "1.19.2-latest": "3.4.26",
    "1.19.2-recommended": "3.4.26",
    "1.19.2-fabric": "3.4.26",
    "1.19.1-latest": "3.4.6",
    "1.19.1-recommended": "3.4.6",
    "1.19.1-fabric": "3.4.2",
    "1.19-latest": "3.4.6",
    "1.19-recommended": "3.4.6",
    "1.19-fabric": "3.4.2",
    "1.18.2-latest": "3.4.26",
    "1.18.2-recommended": "3.4.26",
    "1.18.2-fabric": "3.4.26",
    "1.18.1-latest": "3.4.4",
    "1.18.1-recommended": "3.4.4",
    "1.18.1-fabric": "3.4.2",
    "1.18-latest": "3.4.4",
    "1.18-recommended": "3.4.4",
    "1.18-fabric": "3.4.2",
    "1.17.1-latest": "3.4.1",
    "1.17.1-recommended": "3.4.1",
    "1.17.1-fabric": "3.4.1",
    "1.17-latest": "3.4.1",
    "1.17-recommended": "3.4.1",
    "1.17-fabric": "3.4.1",
    "1.16.5-fabric": "3.4.1",
    "1.16.4-fabric": "3.4.1",
    "1.16.3-fabric": "3.4.1",
    "1.16.2-fabric": "3.4.1",
    "1.16.5-latest": "3.4.1",
    "1.16.5-recommended": "3.4.1",
    "1.16.4-latest": "3.4.1",
    "1.16.4-recommended": "3.4.1",
    "1.16.3-latest": "3.4.1",
    "1.16.3-recommended": "3.4.1",
    "1.16.2-latest": "3.4.1",
    "1.16.2-recommended": "3.4.1",
    "1.16.1-latest": "3.3.0",
    "1.16.1-recommended": "3.3.0",
    "1.15.2-fabric": "3.410",
    "1.15.1-fabric": "3.4.1",
    "1.15.2-latest": "3.4.1",
    "1.15.2-recommended": "3.4.1",
    "1.15.1-latest": "3.0",
    "1.15.1-recommended": "3.0",
    "1.14.4-latest": "3.3.0",
    "1.14.4-recommended": "3.3.0",
    "1.12.2-latest": "3.4.4",
    "1.12.2-recommended": "3.4.4",
    "1.8.9-latest": "3.2.1",
    "1.8.9-recommended": "3.2.1"
  }
}
[22Mar2025 23:14:51.513] [Forge Version Check/INFO] [net.minecraftforge.fml.VersionChecker/]: [inventoryhud] Found status: UP_TO_DATE Current: 3.4.26 Target: null
[22Mar2025 23:14:51.513] [Forge Version Check/INFO] [net.minecraftforge.fml.VersionChecker/]: [tombstone] Starting version check at https://raw.githubusercontent.com/Corail31/tombstone_lite/master/update.json
[22Mar2025 23:14:51.521] [main/DEBUG] [net.minecraftforge.fml.DeferredWorkQueue/LOADING]: Dispatching synchronous work for work queue COMPLETE: 1 jobs
[22Mar2025 23:14:51.525] [main/DEBUG] [net.minecraftforge.fml.DeferredWorkQueue/LOADING]: Synchronous work queue completed in 3.462 ms
[22Mar2025 23:14:51.525] [Forge Version Check/DEBUG] [net.minecraftforge.fml.VersionChecker/]: [tombstone] Received version check data:
{
	"homepage": "https://www.curseforge.com/minecraft/mc-mods/corail-tombstone",
	"promos": {
		"1.21.4-latest": "9.3.7",
		"1.21.4-recommended": "9.3.7",
		"1.21.3-latest": "9.2.4",
		"1.21.3-recommended": "9.2.4",
		"1.21.1-latest": "9.1.10",
		"1.21.1-recommended": "9.1.10",
		"1.20.4-latest": "8.6.4",
		"1.20.4-recommended": "8.6.4",
		"1.20.2-latest": "8.6.3",
		"1.20.2-recommended": "8.6.3",
		"1.20.1-latest": "8.9.2",
		"1.20.1-recommended": "8.9.2",
		"1.19.4-latest": "8.4.2",
		"1.19.4-recommended": "8.4.2",
		"1.19.3-latest": "8.3.2",
		"1.19.3-recommended": "8.3.2",
		"1.19.2-latest": "8.3.7",
		"1.19.2-recommended": "8.3.7",
		"1.19.1-latest": "8.1.0",
		"1.19.1-recommended": "8.1.0",
		"1.18.2-latest": "7.7.6",
		"1.18.2-recommended": "7.7.6",
		"1.18.1-latest": "7.4.1",
		"1.18.1-recommended": "7.4.1",
		"1.17.1-latest": "7.3.0",
		"1.17.1-recommended": "7.3.0",
		"1.16.5-latest": "6.9.6",
		"1.16.5-recommended": "6.9.6",
		"1.15.2-latest": "4.6.0",
		"1.15.2-recommended": "4.6.0",
		"1.14.4-latest": "4.3.6",
		"1.14.4-recommended": "4.3.6",
		"1.13.2-latest": "3.5.2",
		"1.13.2-recommended": "3.5.2",
		"1.12.2-latest": "4.7.5",
		"1.12.2-recommended": "4.7.5",
		"1.11.2-latest": "2.9.0.1",
		"1.11.2-recommended": "2.9.0.1",
		"1.10.2-latest": "2.9.4",
		"1.10.2-recommended": "2.9.4",
		"1.9.4-latest": "1.4.1",
		"1.9.4-recommended": "1.4.1",
		"1.8.9-latest": "1.4.1",
		"1.8.9-recommended": "1.4.1"
	},
	"1.21.4": {
		"9.3.7": "improvements"
	},
	"1.21.3": {
		"9.2.4": "final version"
	},
	"1.21.1": {
		"9.1.10": "final version"
	},
	"1.20.4": {
		"8.6.4": "final version"
	},
	"1.20.2": {
		"8.6.3": "final version"
	},
	"1.20.1": {
		"8.9.2": "abandoned graves",
		"8.9.1": "improvements",
		"8.9.0": "improves enchantments",
		"8.8.6": "updates Christmas event"
	},
	"1.19.4": {
		"8.4.2": "final version"
	},
	"1.19.2": {
		"8.3.7": "final version"
	},
	"1.18.2": {
		"7.7.6": "final version"
	},
	"1.16.5": {
		"6.9.6": "final version"
	},
	"1.12.2": {
		"4.7.5": "final version"
	}
}
[22Mar2025 23:14:51.526] [Forge Version Check/INFO] [net.minecraftforge.fml.VersionChecker/]: [tombstone] Found status: OUTDATED Current: 8.9.0 Target: 8.9.2
[22Mar2025 23:14:51.527] [Forge Version Check/INFO] [net.minecraftforge.fml.VersionChecker/]: [puzzleslib] Starting version check at https://raw.githubusercontent.com/Fuzss/modresources/main/update/puzzleslib.json
[22Mar2025 23:14:51.541] [Forge Version Check/DEBUG] [net.minecraftforge.fml.VersionChecker/]: [puzzleslib] Received version check data:
{
    "homepage": "https://www.curseforge.com/minecraft/mc-mods/puzzles-lib",
    "promos": {
        "1.16.2-latest": "1.0.15",
        "1.16.2-recommended": "1.0.15",
        "1.16.3-latest": "1.0.15",
        "1.16.3-recommended": "1.0.15",
        "1.16.4-latest": "1.0.15",
        "1.16.4-recommended": "1.0.15",
        "1.16.5-latest": "1.0.15",
        "1.16.5-recommended": "1.0.15",
        "1.17.1-latest": "2.0.2",
        "1.17.1-recommended": "2.0.2",
        "1.18-latest": "3.2.1",
        "1.18-recommended": "3.2.1",
        "1.18.1-latest": "3.2.1",
        "1.18.1-recommended": "3.2.1",
        "1.18.2-latest": "3.5.10",
        "1.18.2-recommended": "3.5.10",
        "1.19-latest": "4.0.18",
        "1.19-recommended": "4.0.18",
        "1.19.1-latest": "4.2.4",
        "1.19.1-recommended": "4.2.4",
        "1.19.2-latest": "4.4.3",
        "1.19.2-recommended": "4.4.3",
        "1.19.3-latest": "5.0.33",
        "1.19.3-recommended": "5.0.33",
        "1.19.4-latest": "6.0.11",
        "1.19.4-recommended": "6.0.11",
        "1.20-latest": "7.0.9",
        "1.20-recommended": "7.0.9",
        "1.20.1-latest": "8.1.29",
        "1.20.1-recommended": "8.1.29",
        "1.20.4-latest": "20.4.52",
        "1.20.4-recommended": "20.4.52",
        "1.21-latest": "21.0.28",
        "1.21-recommended": "21.0.28",
        "1.21.1-latest": "21.1.33",
        "1.21.1-recommended": "21.1.33",
        "1.21.3-latest": "21.3.21",
        "1.21.3-recommended": "21.3.21",
        "1.21.4-latest": "21.4.12",
        "1.21.4-recommended": "21.4.12"
    }
}
[22Mar2025 23:14:51.542] [Forge Version Check/INFO] [net.minecraftforge.fml.VersionChecker/]: [puzzleslib] Found status: OUTDATED Current: 8.1.25 Target: 8.1.29
[22Mar2025 23:14:52.120] [main/INFO] [com.mojang.authlib.yggdrasil.YggdrasilAuthenticationService/]: Environment: authHost='https://authserver.mojang.com', accountsHost='https://api.mojang.com', sessionHost='https://sessionserver.mojang.com', servicesHost='https://api.minecraftservices.com', name='PROD'
[22Mar2025 23:14:52.144] [main/DEBUG] [mixin/]: Mixing bugfix.removed_dimensions.LevelStorageSourceMixin from modernfix-forge.mixins.json into net.minecraft.world.level.storage.LevelStorageSource
[22Mar2025 23:14:52.151] [main/DEBUG] [mixin/]: Mixing perf.dynamic_dfu.DataFixersMixin from modernfix-common.mixins.json into net.minecraft.util.datafix.DataFixers
[22Mar2025 23:14:52.151] [main/DEBUG] [mixin/]: Renaming synthetic method lambda$createLazyFixerUpper$0(Ljava/util/Set;)Lcom/mojang/datafixers/DataFixer; to md30edc7$lambda$createLazyFixerUpper$0$0 in modernfix-common.mixins.json:perf.dynamic_dfu.DataFixersMixin
[22Mar2025 23:14:52.242] [main/INFO] [ModernFix/]: Bypassed Mojang DFU
[22Mar2025 23:14:52.545] [main/DEBUG] [mixin/]: Mixing VanillaPackResourcesAccessor from creativecore.mixins.json into net.minecraft.server.packs.VanillaPackResources
[22Mar2025 23:14:52.546] [main/WARN] [net.minecraft.server.packs.VanillaPackResourcesBuilder/]: Assets URL 'union:/workspaces/paaapule3/servidor_minecraft/libraries/net/minecraft/server/1.20.1-20230612.114412/server-1.20.1-20230612.114412-srg.jar%23185!/assets/.mcassetsroot' uses unexpected schema
[22Mar2025 23:14:52.547] [main/WARN] [net.minecraft.server.packs.VanillaPackResourcesBuilder/]: Assets URL 'union:/workspaces/paaapule3/servidor_minecraft/libraries/net/minecraft/server/1.20.1-20230612.114412/server-1.20.1-20230612.114412-srg.jar%23185!/data/.mcassetsroot' uses unexpected schema
[22Mar2025 23:14:52.587] [main/DEBUG] [mixin/]: Mixing perf.resourcepacks.ForgePathPackResourcesMixin from modernfix-forge.mixins.json into net.minecraftforge.resource.PathPackResources
[22Mar2025 23:14:52.587] [main/DEBUG] [mixin/]: Renaming synthetic method lambda$fastGetResources$3(Lnet/minecraft/server/packs/PackType;Lnet/minecraft/resources/ResourceLocation;)Lnet/minecraft/server/packs/resources/IoSupplier; to md30edc7$lambda$fastGetResources$3$0 in modernfix-forge.mixins.json:perf.resourcepacks.ForgePathPackResourcesMixin
[22Mar2025 23:14:52.587] [main/DEBUG] [mixin/]: Renaming synthetic method lambda$fastGetResources$2(Ljava/nio/file/Path;)Ljava/io/InputStream; to md30edc7$lambda$fastGetResources$2$1 in modernfix-forge.mixins.json:perf.resourcepacks.ForgePathPackResourcesMixin
[22Mar2025 23:14:52.588] [main/DEBUG] [mixin/]: Renaming synthetic method lambda$fastGetResources$1(Lnet/minecraft/resources/ResourceLocation;)Z to md30edc7$lambda$fastGetResources$1$2 in modernfix-forge.mixins.json:perf.resourcepacks.ForgePathPackResourcesMixin
[22Mar2025 23:14:52.588] [main/DEBUG] [mixin/]: Renaming synthetic method lambda$generateResourceCache$0(Lnet/minecraft/server/packs/PackType;Ljava/lang/String;)Ljava/nio/file/Path; to md30edc7$lambda$generateResourceCache$0$3 in modernfix-forge.mixins.json:perf.resourcepacks.ForgePathPackResourcesMixin
[22Mar2025 23:14:52.607] [main/DEBUG] [mixin/]: Mixing PathPackResourcesAccessor from creativecore.mixins.json into net.minecraft.server.packs.PathPackResources
[22Mar2025 23:14:52.615] [main/DEBUG] [net.minecraftforge.server.ServerLifecycleHooks/CORE]: Generating PackInfo named mod:betterdungeons for mod file /workspaces/paaapule3/servidor_minecraft/mods/YungsBetterDungeons-1.20-Forge-4.0.4.jar
[22Mar2025 23:14:52.615] [main/DEBUG] [net.minecraftforge.server.ServerLifecycleHooks/CORE]: Generating PackInfo named mod:kuma_api for mod file 
[22Mar2025 23:14:52.615] [main/DEBUG] [net.minecraftforge.server.ServerLifecycleHooks/CORE]: Generating PackInfo named mod:trashslot for mod file /workspaces/paaapule3/servidor_minecraft/mods/trashslot-forge-1.20-15.1.1.jar
[22Mar2025 23:14:52.616] [main/DEBUG] [net.minecraftforge.server.ServerLifecycleHooks/CORE]: Generating PackInfo named mod:easymagic for mod file /workspaces/paaapule3/servidor_minecraft/mods/EasyMagic-v8.0.1-1.20.1-Forge.jar
[22Mar2025 23:14:52.616] [main/DEBUG] [net.minecraftforge.server.ServerLifecycleHooks/CORE]: Generating PackInfo named mod:configlibtxf for mod file 
[22Mar2025 23:14:52.616] [main/DEBUG] [net.minecraftforge.server.ServerLifecycleHooks/CORE]: Generating PackInfo named mod:dynamiclights for mod file /workspaces/paaapule3/servidor_minecraft/mods/dynamiclights-1.20.1.2.jar
[22Mar2025 23:14:52.616] [main/DEBUG] [net.minecraftforge.server.ServerLifecycleHooks/CORE]: Generating PackInfo named mod:sophisticatedcore for mod file /workspaces/paaapule3/servidor_minecraft/mods/sophisticatedcore-1.20.1-1.2.8.864.jar
[22Mar2025 23:14:52.616] [main/DEBUG] [net.minecraftforge.server.ServerLifecycleHooks/CORE]: Generating PackInfo named mod:journeymap for mod file /workspaces/paaapule3/servidor_minecraft/mods/journeymap-1.20.1-5.10.3-forge.jar
[22Mar2025 23:14:52.616] [main/DEBUG] [net.minecraftforge.server.ServerLifecycleHooks/CORE]: Generating PackInfo named mod:modernfix for mod file /workspaces/paaapule3/servidor_minecraft/mods/modernfix-forge-5.20.2+mc1.20.1.jar
[22Mar2025 23:14:52.617] [main/DEBUG] [net.minecraftforge.server.ServerLifecycleHooks/CORE]: Generating PackInfo named mod:jei for mod file /workspaces/paaapule3/servidor_minecraft/mods/jei-1.20.1-forge-15.20.0.106.jar
[22Mar2025 23:14:52.617] [main/DEBUG] [net.minecraftforge.server.ServerLifecycleHooks/CORE]: Generating PackInfo named mod:comforts for mod file /workspaces/paaapule3/servidor_minecraft/mods/comforts-forge-6.4.0+1.20.1.jar
[22Mar2025 23:14:52.617] [main/DEBUG] [net.minecraftforge.server.ServerLifecycleHooks/CORE]: Generating PackInfo named mod:citadel for mod file /workspaces/paaapule3/servidor_minecraft/mods/citadel-2.6.1-1.20.1.jar
[22Mar2025 23:14:52.617] [main/DEBUG] [net.minecraftforge.server.ServerLifecycleHooks/CORE]: Generating PackInfo named mod:alexsmobs for mod file /workspaces/paaapule3/servidor_minecraft/mods/alexsmobs-1.22.9.jar
[22Mar2025 23:14:52.617] [main/DEBUG] [net.minecraftforge.server.ServerLifecycleHooks/CORE]: Generating PackInfo named mod:travelersbackpack for mod file /workspaces/paaapule3/servidor_minecraft/mods/travelersbackpack-forge-1.20.1-9.1.29.jar
[22Mar2025 23:14:52.617] [main/DEBUG] [net.minecraftforge.server.ServerLifecycleHooks/CORE]: Generating PackInfo named mod:artifacts for mod file /workspaces/paaapule3/servidor_minecraft/mods/artifacts-forge-9.5.13.jar
[22Mar2025 23:14:52.618] [main/DEBUG] [net.minecraftforge.server.ServerLifecycleHooks/CORE]: Generating PackInfo named mod:badpackets for mod file /workspaces/paaapule3/servidor_minecraft/mods/badpackets-forge-0.4.3.jar
[22Mar2025 23:14:52.618] [main/DEBUG] [net.minecraftforge.server.ServerLifecycleHooks/CORE]: Generating PackInfo named mod:yungsapi for mod file /workspaces/paaapule3/servidor_minecraft/mods/YungsApi-1.20-Forge-4.0.6.jar
[22Mar2025 23:14:52.618] [main/DEBUG] [net.minecraftforge.server.ServerLifecycleHooks/CORE]: Generating PackInfo named mod:mixinextras for mod file 
[22Mar2025 23:14:52.618] [main/DEBUG] [net.minecraftforge.server.ServerLifecycleHooks/CORE]: Generating PackInfo named mod:dungeoncrawl for mod file /workspaces/paaapule3/servidor_minecraft/mods/Dungeon Crawl-1.20.1-2.3.15.jar
[22Mar2025 23:14:52.618] [main/DEBUG] [net.minecraftforge.server.ServerLifecycleHooks/CORE]: Generating PackInfo named mod:sophisticatedbackpacks for mod file /workspaces/paaapule3/servidor_minecraft/mods/sophisticatedbackpacks-1.20.1-3.23.4.1196.jar
[22Mar2025 23:14:52.618] [main/DEBUG] [net.minecraftforge.server.ServerLifecycleHooks/CORE]: Generating PackInfo named mod:starlight for mod file /workspaces/paaapule3/servidor_minecraft/mods/starlight-1.1.2+forge.1cda73c.jar
[22Mar2025 23:14:52.618] [main/DEBUG] [net.minecraftforge.server.ServerLifecycleHooks/CORE]: Generating PackInfo named mod:takesapillage for mod file /workspaces/paaapule3/servidor_minecraft/mods/takesapillage-1.0.3-1.20.1.jar
[22Mar2025 23:14:52.619] [main/DEBUG] [net.minecraftforge.server.ServerLifecycleHooks/CORE]: Generating PackInfo named mod:iceandfire for mod file /workspaces/paaapule3/servidor_minecraft/mods/iceandfire-2.1.13-1.20.1-beta-5.jar
[22Mar2025 23:14:52.619] [main/DEBUG] [net.minecraftforge.server.ServerLifecycleHooks/CORE]: Generating PackInfo named mod:balm for mod file /workspaces/paaapule3/servidor_minecraft/mods/balm-forge-1.20.1-7.3.14-all.jar
[22Mar2025 23:14:52.619] [main/DEBUG] [net.minecraftforge.server.ServerLifecycleHooks/CORE]: Generating PackInfo named mod:walljump for mod file /workspaces/paaapule3/servidor_minecraft/mods/walljump-1.20.1-1.3.2-forge.jar
[22Mar2025 23:14:52.619] [main/DEBUG] [net.minecraftforge.server.ServerLifecycleHooks/CORE]: Generating PackInfo named mod:terralith for mod file /workspaces/paaapule3/servidor_minecraft/mods/Terralith_1.20.x_v2.5.4.jar
[22Mar2025 23:14:52.619] [main/DEBUG] [net.minecraftforge.server.ServerLifecycleHooks/CORE]: Generating PackInfo named mod:jeresources for mod file /workspaces/paaapule3/servidor_minecraft/mods/JustEnoughResources-1.20.1-1.4.0.247.jar
[22Mar2025 23:14:52.619] [main/DEBUG] [net.minecraftforge.server.ServerLifecycleHooks/CORE]: Generating PackInfo named mod:puzzlesaccessapi for mod file 
[22Mar2025 23:14:52.619] [main/DEBUG] [net.minecraftforge.server.ServerLifecycleHooks/CORE]: Generating PackInfo named mod:cloth_config for mod file /workspaces/paaapule3/servidor_minecraft/mods/cloth-config-11.1.136-forge.jar
[22Mar2025 23:14:52.620] [main/DEBUG] [net.minecraftforge.server.ServerLifecycleHooks/CORE]: Generating PackInfo named mod:forge for mod file /workspaces/paaapule3/servidor_minecraft/libraries/net/minecraftforge/forge/1.20.1-47.3.7/forge-1.20.1-47.3.7-universal.jar
[22Mar2025 23:14:52.620] [main/DEBUG] [net.minecraftforge.server.ServerLifecycleHooks/CORE]: Generating PackInfo named mod:infernalmobs for mod file /workspaces/paaapule3/servidor_minecraft/mods/infernalmobs-1.20.1.6.jar
[22Mar2025 23:14:52.620] [main/DEBUG] [net.minecraftforge.server.ServerLifecycleHooks/CORE]: Generating PackInfo named mod:dungeons_arise for mod file /workspaces/paaapule3/servidor_minecraft/mods/DungeonsArise-1.20.x-2.1.58-release.jar
[22Mar2025 23:14:52.620] [main/DEBUG] [net.minecraftforge.server.ServerLifecycleHooks/CORE]: Generating PackInfo named mod:alexscaves for mod file /workspaces/paaapule3/servidor_minecraft/mods/alexscaves-2.0.2.jar
[22Mar2025 23:14:52.621] [main/DEBUG] [net.minecraftforge.server.ServerLifecycleHooks/CORE]: Generating PackInfo named mod:ambientsounds for mod file /workspaces/paaapule3/servidor_minecraft/mods/AmbientSounds_FORGE_v6.1.4_mc1.20.1.jar
[22Mar2025 23:14:52.621] [main/DEBUG] [net.minecraftforge.server.ServerLifecycleHooks/CORE]: Generating PackInfo named mod:creativecore for mod file /workspaces/paaapule3/servidor_minecraft/mods/CreativeCore_FORGE_v2.12.31_mc1.20.1.jar
[22Mar2025 23:14:52.621] [main/DEBUG] [net.minecraftforge.server.ServerLifecycleHooks/CORE]: Generating PackInfo named mod:spectrelib for mod file 
[22Mar2025 23:14:52.621] [main/DEBUG] [net.minecraftforge.server.ServerLifecycleHooks/CORE]: Generating PackInfo named mod:ksyxis for mod file /workspaces/paaapule3/servidor_minecraft/mods/Ksyxis-1.3.3.jar
[22Mar2025 23:14:52.621] [main/DEBUG] [net.minecraftforge.server.ServerLifecycleHooks/CORE]: Generating PackInfo named mod:wthit for mod file /workspaces/paaapule3/servidor_minecraft/mods/wthit-forge-8.16.1.jar
[22Mar2025 23:14:52.621] [main/DEBUG] [net.minecraftforge.server.ServerLifecycleHooks/CORE]: Generating PackInfo named mod:jeiintegration for mod file /workspaces/paaapule3/servidor_minecraft/mods/jeiintegration_1.20.1-10.0.0.jar
[22Mar2025 23:14:52.622] [main/DEBUG] [net.minecraftforge.server.ServerLifecycleHooks/CORE]: Generating PackInfo named mod:curios for mod file /workspaces/paaapule3/servidor_minecraft/mods/curios-forge-5.11.1+1.20.1.jar
[22Mar2025 23:14:52.622] [main/DEBUG] [net.minecraftforge.server.ServerLifecycleHooks/CORE]: Generating PackInfo named mod:inventoryhud for mod file /workspaces/paaapule3/servidor_minecraft/mods/inventoryhud.forge.1.20.1-3.4.26.jar
[22Mar2025 23:14:52.622] [main/DEBUG] [net.minecraftforge.server.ServerLifecycleHooks/CORE]: Generating PackInfo named mod:tombstone for mod file /workspaces/paaapule3/servidor_minecraft/mods/tombstone-1.20.1-8.9.0.jar
[22Mar2025 23:14:52.622] [main/DEBUG] [net.minecraftforge.server.ServerLifecycleHooks/CORE]: Generating PackInfo named mod:architectury for mod file /workspaces/paaapule3/servidor_minecraft/mods/architectury-9.2.14-forge.jar
[22Mar2025 23:14:52.622] [main/DEBUG] [net.minecraftforge.server.ServerLifecycleHooks/CORE]: Generating PackInfo named mod:octolib for mod file /workspaces/paaapule3/servidor_minecraft/mods/OctoLib-FORGE-0.4.2+1.20.1.jar
[22Mar2025 23:14:52.622] [main/DEBUG] [net.minecraftforge.server.ServerLifecycleHooks/CORE]: Generating PackInfo named mod:nerb for mod file /workspaces/paaapule3/servidor_minecraft/mods/Not Enough Recipe Book-FORGE-0.4.1+1.20.1.jar
[22Mar2025 23:14:52.622] [main/DEBUG] [net.minecraftforge.server.ServerLifecycleHooks/CORE]: Generating PackInfo named mod:ferritecore for mod file /workspaces/paaapule3/servidor_minecraft/mods/ferritecore-6.0.1-forge.jar
[22Mar2025 23:14:52.623] [main/DEBUG] [net.minecraftforge.server.ServerLifecycleHooks/CORE]: Generating PackInfo named mod:puzzleslib for mod file /workspaces/paaapule3/servidor_minecraft/mods/PuzzlesLib-v8.1.25-1.20.1-Forge.jar
[22Mar2025 23:14:52.623] [main/DEBUG] [net.minecraftforge.server.ServerLifecycleHooks/CORE]: Generating PackInfo named mod:fallingtree for mod file /workspaces/paaapule3/servidor_minecraft/mods/FallingTree-1.20.1-4.3.4.jar
[22Mar2025 23:14:52.623] [main/DEBUG] [net.minecraftforge.server.ServerLifecycleHooks/CORE]: Generating PackInfo named mod:expandability for mod file 
[22Mar2025 23:14:52.667] [main/DEBUG] [ModernFix/]: Generated cache for /assets/minecraft in 9.365 ms
[22Mar2025 23:14:52.669] [main/DEBUG] [ModernFix/]: Generated cache for /assets/minecraft in 229.0 μs
[22Mar2025 23:14:52.715] [main/DEBUG] [ModernFix/]: Generated cache for /assets/minecraft in 45.47 ms
[22Mar2025 23:14:52.716] [main/DEBUG] [ModernFix/]: Generated cache for /assets/minecraft in 174.7 μs
[22Mar2025 23:14:52.717] [main/DEBUG] [ModernFix/]: Generated cache for /assets/minecraft in 1.029 ms
[22Mar2025 23:14:52.718] [main/DEBUG] [ModernFix/]: Generated cache for /assets/minecraft in 110.6 μs
[22Mar2025 23:14:52.718] [main/DEBUG] [ModernFix/]: Generated cache for /assets/minecraft in 186.9 μs
[22Mar2025 23:14:52.719] [main/DEBUG] [ModernFix/]: Generated cache for /assets/minecraft in 568.2 μs
[22Mar2025 23:14:52.781] [main/DEBUG] [ModernFix/]: Generated cache for /assets/minecraft in 60.78 ms
[22Mar2025 23:14:52.791] [main/DEBUG] [ModernFix/]: Generated cache for /assets/minecraft in 9.202 ms
[22Mar2025 23:14:52.791] [main/DEBUG] [ModernFix/]: Generated cache for /assets/minecraft in 378.4 μs
[22Mar2025 23:14:52.794] [main/DEBUG] [ModernFix/]: Generated cache for /assets/minecraft in 2.718 ms
[22Mar2025 23:14:52.795] [main/DEBUG] [ModernFix/]: Generated cache for /assets/minecraft in 152.9 μs
[22Mar2025 23:14:52.801] [main/DEBUG] [ModernFix/]: Generated cache for /assets/minecraft in 5.646 ms
[22Mar2025 23:14:52.805] [main/DEBUG] [ModernFix/]: Generated cache for /assets/minecraft in 4.195 ms
[22Mar2025 23:14:52.810] [main/DEBUG] [ModernFix/]: Generated cache for /assets/minecraft in 4.223 ms
[22Mar2025 23:14:52.815] [main/DEBUG] [ModernFix/]: Generated cache for /assets/minecraft in 4.650 ms
[22Mar2025 23:14:52.819] [main/DEBUG] [ModernFix/]: Generated cache for /assets/minecraft in 2.762 ms
[22Mar2025 23:14:52.861] [main/DEBUG] [ModernFix/]: Generated cache for /assets/minecraft in 41.89 ms
[22Mar2025 23:14:52.862] [main/DEBUG] [ModernFix/]: Generated cache for /assets/minecraft in 187.9 μs
[22Mar2025 23:14:52.863] [main/DEBUG] [ModernFix/]: Generated cache for /assets/minecraft in 539.6 μs
[22Mar2025 23:14:52.864] [main/DEBUG] [ModernFix/]: Generated cache for /assets/minecraft in 94.69 μs
[22Mar2025 23:14:52.907] [main/DEBUG] [ModernFix/]: Generated cache for /assets/minecraft in 42.93 ms
[22Mar2025 23:14:52.913] [main/DEBUG] [ModernFix/]: Generated cache for /assets/minecraft in 4.618 ms
[22Mar2025 23:14:52.914] [main/DEBUG] [ModernFix/]: Generated cache for /assets/minecraft in 241.9 μs
[22Mar2025 23:14:52.919] [main/DEBUG] [ModernFix/]: Generated cache for /assets/minecraft in 5.216 ms
[22Mar2025 23:14:52.920] [main/DEBUG] [ModernFix/]: Generated cache for /assets/minecraft in 103.1 μs
[22Mar2025 23:14:52.931] [main/DEBUG] [ModernFix/]: Generated cache for /assets/minecraft in 10.41 ms
[22Mar2025 23:14:52.938] [main/DEBUG] [ModernFix/]: Generated cache for /assets/minecraft in 1.984 ms
[22Mar2025 23:14:52.939] [main/DEBUG] [ModernFix/]: Generated cache for /assets/minecraft in 182.4 μs
[22Mar2025 23:14:52.939] [main/DEBUG] [ModernFix/]: Generated cache for /assets/minecraft in 65.08 μs
[22Mar2025 23:14:52.939] [main/DEBUG] [ModernFix/]: Generated cache for /assets/minecraft in 66.86 μs
[22Mar2025 23:14:52.940] [main/DEBUG] [ModernFix/]: Generated cache for /assets/minecraft in 503.5 μs
[22Mar2025 23:14:52.941] [main/DEBUG] [ModernFix/]: Generated cache for /assets/minecraft in 363.6 μs
[22Mar2025 23:14:52.942] [main/DEBUG] [ModernFix/]: Generated cache for /assets/minecraft in 418.5 μs
[22Mar2025 23:14:52.942] [main/DEBUG] [ModernFix/]: Generated cache for /assets/minecraft in 44.01 μs
[22Mar2025 23:14:52.943] [main/DEBUG] [ModernFix/]: Generated cache for /assets/minecraft in 79.66 μs
[22Mar2025 23:14:54.534] [main/DEBUG] [mixin/]: Mixing MixinLootDataManager from architectury.mixins.json into net.minecraft.world.level.storage.loot.LootDataManager
[22Mar2025 23:14:54.534] [main/DEBUG] [mixin/]: Mixing LootDataManagerForgeMixin from puzzleslib.forge.mixins.json into net.minecraft.world.level.storage.loot.LootDataManager
[22Mar2025 23:14:54.635] [main/DEBUG] [mixin/]: Mixing LocateSmallNetherDungeonCommandMixin from betterdungeons.mixins.json into net.minecraft.server.commands.LocateCommand
[22Mar2025 23:14:54.673] [main/DEBUG] [net.minecraftforge.coremod.transformer.CoreModBaseTransformer/COREMOD]: Transforming net/minecraft/server/commands/SummonCommand
[22Mar2025 23:14:54.904] [main/DEBUG] [mixin/]: Mixing perf.potential_spawns_alloc.ForgeEventFactoryMixin from modernfix-forge.mixins.json into net.minecraftforge.event.ForgeEventFactory
[22Mar2025 23:14:54.982] [main/DEBUG] [mixin/]: Mixing debug.TagLoaderMixin from mixins.artifacts.common.json into net.minecraft.tags.TagLoader
[22Mar2025 23:14:54.996] [main/DEBUG] [atomicstryker.dynamiclights.server.DynamicLights/]: Adding reload listener for light level cache
[22Mar2025 23:14:54.999] [main/INFO] [com.github.alexthe666.alexsmobs.AlexsMobs/]: Adding datapack listener capsid_recipes
[22Mar2025 23:14:55.004] [main/DEBUG] [mixin/]: Mixing feature.measure_time.SimpleReloadInstanceMixin from modernfix-common.mixins.json into net.minecraft.server.packs.resources.SimpleReloadInstance
[22Mar2025 23:14:55.018] [Worker-Main-1/DEBUG] [mixin/]: Mixing perf.tag_id_caching.TagEntryMixin from modernfix-forge.mixins.json into net.minecraft.tags.TagEntry
[22Mar2025 23:14:55.214] [Worker-Main-3/WARN] [artifacts.Artifacts/]: Tag entries for curios:tags/items/magic_book.json cleared by tombstone-1.20.1-8.9.0.jar
[22Mar2025 23:14:55.260] [Worker-Main-1/DEBUG] [mixin/]: Mixing MixinNbtPredicate from curios.mixins.json into net.minecraft.advancements.critereon.NbtPredicate
[22Mar2025 23:14:55.275] [Worker-Main-1/DEBUG] [net.minecraftforge.coremod.transformer.CoreModBaseTransformer/COREMOD]: Transforming net/minecraft/world/entity/raid/Raid
[22Mar2025 23:14:55.513] [Worker-Main-3/DEBUG] [mixin/]: Mixing RecipeBookMixin from nerb-common.mixins.json into net.minecraft.stats.RecipeBook
[22Mar2025 23:14:55.515] [Worker-Main-3/DEBUG] [mixin/]: Mixing ServerRecipeBookMixin from nerb-common.mixins.json into net.minecraft.stats.ServerRecipeBook
[22Mar2025 23:14:55.562] [Worker-Main-3/DEBUG] [mixin/]: Mixing MapDecorationTypeMixin from alexscaves.mixins.json into net.minecraft.world.level.saveddata.maps.MapDecoration$Type
[22Mar2025 23:14:55.562] [Worker-Main-3/DEBUG] [mixin/]: Renaming @Invoker method ac_invokeInit(Ljava/lang/String;IZIZ)Lnet/minecraft/world/level/saveddata/maps/MapDecoration$Type; to ac_invokeInit_$md$30edc7$0 in alexscaves.mixins.json:MapDecorationTypeMixin
[22Mar2025 23:14:55.898] [main/INFO] [net.minecraft.world.item.crafting.RecipeManager/]: Loaded 8 recipes
[22Mar2025 23:14:56.026] [main/INFO] [net.minecraft.advancements.AdvancementList/]: Loaded 2330 advancements
[22Mar2025 23:14:56.030] [main/INFO] [atomicstryker.dynamiclights.server.ItemLightLevels/]: Clearing item tag to light level mapping cache
[22Mar2025 23:14:56.031] [main/INFO] [Dungeon Crawl/]: Loading data...
[22Mar2025 23:14:56.035] [main/DEBUG] [Dungeon Crawl/]: Loading dungeoncrawl:models/catacombs/corridor/linker/linker.nbt
[22Mar2025 23:14:56.049] [main/DEBUG] [Dungeon Crawl/]: Loading dungeoncrawl:models/catacombs/corridor/linker/linker.json
[22Mar2025 23:14:56.054] [main/DEBUG] [Dungeon Crawl/]: Loading dungeoncrawl:models/catacombs/corridor/linker/linker_trap.nbt
[22Mar2025 23:14:56.054] [main/DEBUG] [Dungeon Crawl/]: Loading dungeoncrawl:models/catacombs/corridor/linker/linker_trap.json
[22Mar2025 23:14:56.059] [main/DEBUG] [Dungeon Crawl/]: Loading dungeoncrawl:models/catacombs/multipart/connector.nbt
[22Mar2025 23:14:56.059] [main/DEBUG] [Dungeon Crawl/]: Loading dungeoncrawl:models/catacombs/multipart/connector_2.nbt
[22Mar2025 23:14:56.059] [main/DEBUG] [Dungeon Crawl/]: Loading dungeoncrawl:models/catacombs/multipart/corridor/ceiling.nbt
[22Mar2025 23:14:56.060] [main/DEBUG] [Dungeon Crawl/]: Loading dungeoncrawl:models/catacombs/multipart/corridor/ceiling_glowstone.nbt
[22Mar2025 23:14:56.060] [main/DEBUG] [Dungeon Crawl/]: Loading dungeoncrawl:models/catacombs/multipart/corridor/ceiling_lamp.nbt
[22Mar2025 23:14:56.060] [main/DEBUG] [Dungeon Crawl/]: Loading dungeoncrawl:models/catacombs/multipart/crypt_graves.nbt
[22Mar2025 23:14:56.061] [main/DEBUG] [Dungeon Crawl/]: Loading dungeoncrawl:models/catacombs/multipart/crypt_graves.json
[22Mar2025 23:14:56.061] [main/DEBUG] [Dungeon Crawl/]: Loading dungeoncrawl:models/catacombs/multipart/hidden_piston.nbt
[22Mar2025 23:14:56.062] [main/DEBUG] [Dungeon Crawl/]: Loading dungeoncrawl:models/catacombs/multipart/large_connector.nbt
[22Mar2025 23:14:56.062] [main/DEBUG] [Dungeon Crawl/]: Loading dungeoncrawl:models/catacombs/multipart/large_spawner_cell_open.nbt
[22Mar2025 23:14:56.063] [main/DEBUG] [Dungeon Crawl/]: Loading dungeoncrawl:models/catacombs/multipart/node/ceiling/crumbled.nbt
[22Mar2025 23:14:56.063] [main/DEBUG] [Dungeon Crawl/]: Loading dungeoncrawl:models/catacombs/multipart/node/ceiling/dome.nbt
[22Mar2025 23:14:56.064] [main/DEBUG] [Dungeon Crawl/]: Loading dungeoncrawl:models/catacombs/multipart/node/ceiling/flat.nbt
[22Mar2025 23:14:56.064] [main/DEBUG] [Dungeon Crawl/]: Loading dungeoncrawl:models/catacombs/multipart/node/ceiling/light.nbt
[22Mar2025 23:14:56.065] [main/DEBUG] [Dungeon Crawl/]: Loading dungeoncrawl:models/catacombs/node/crypt_dead_end.nbt
[22Mar2025 23:14:56.066] [main/DEBUG] [Dungeon Crawl/]: Loading dungeoncrawl:models/catacombs/node/crypt_dead_end.json
[22Mar2025 23:14:56.067] [main/DEBUG] [Dungeon Crawl/]: Loading dungeoncrawl:models/catacombs/node/crypt_turn.nbt
[22Mar2025 23:14:56.075] [main/DEBUG] [Dungeon Crawl/]: Loading dungeoncrawl:models/catacombs/node/crypt_turn.json
[22Mar2025 23:14:56.076] [main/DEBUG] [Dungeon Crawl/]: Loading dungeoncrawl:models/catacombs/node/fountain.nbt
[22Mar2025 23:14:56.082] [main/DEBUG] [Dungeon Crawl/]: Loading dungeoncrawl:models/catacombs/node/fountain.json
[22Mar2025 23:14:56.082] [main/DEBUG] [Dungeon Crawl/]: Loading dungeoncrawl:models/catacombs/node/prison.nbt
[22Mar2025 23:14:56.086] [main/DEBUG] [Dungeon Crawl/]: Loading dungeoncrawl:models/catacombs/node/prison.json
[22Mar2025 23:14:56.086] [main/DEBUG] [Dungeon Crawl/]: Loading dungeoncrawl:models/catacombs/node/prison_fork.nbt
[22Mar2025 23:14:56.089] [main/DEBUG] [Dungeon Crawl/]: Loading dungeoncrawl:models/catacombs/node/prison_fork.json
[22Mar2025 23:14:56.090] [main/DEBUG] [Dungeon Crawl/]: Loading dungeoncrawl:models/catacombs/node/room.nbt
[22Mar2025 23:14:56.092] [main/DEBUG] [Dungeon Crawl/]: Loading dungeoncrawl:models/catacombs/node/room.json
[22Mar2025 23:14:56.092] [main/DEBUG] [Dungeon Crawl/]: Loading dungeoncrawl:models/catacombs/node/room_2.nbt
[22Mar2025 23:14:56.095] [main/DEBUG] [Dungeon Crawl/]: Loading dungeoncrawl:models/catacombs/node/room_2.json
[22Mar2025 23:14:56.095] [main/DEBUG] [Dungeon Crawl/]: Loading dungeoncrawl:models/catacombs/node/sarcophagus.nbt
[22Mar2025 23:14:56.099] [main/DEBUG] [Dungeon Crawl/]: Loading dungeoncrawl:models/catacombs/node/sarcophagus.json
[22Mar2025 23:14:56.099] [main/DEBUG] [Dungeon Crawl/]: Loading dungeoncrawl:models/catacombs/node/sewers.nbt
[22Mar2025 23:14:56.106] [main/DEBUG] [Dungeon Crawl/]: Loading dungeoncrawl:models/catacombs/node/sewers.json
[22Mar2025 23:14:56.106] [main/DEBUG] [Dungeon Crawl/]: Loading dungeoncrawl:models/catacombs/node/sewers_dead_end.nbt
[22Mar2025 23:14:56.110] [main/DEBUG] [Dungeon Crawl/]: Loading dungeoncrawl:models/catacombs/node/sewers_dead_end.json
[22Mar2025 23:14:56.111] [main/DEBUG] [Dungeon Crawl/]: Loading dungeoncrawl:models/catacombs/node/sewers_fork.nbt
[22Mar2025 23:14:56.114] [main/DEBUG] [Dungeon Crawl/]: Loading dungeoncrawl:models/catacombs/node/sewers_fork.json
[22Mar2025 23:14:56.115] [main/DEBUG] [Dungeon Crawl/]: Loading dungeoncrawl:models/catacombs/node/sewers_straight.nbt
[22Mar2025 23:14:56.118] [main/DEBUG] [Dungeon Crawl/]: Loading dungeoncrawl:models/catacombs/node/sewers_straight.json
[22Mar2025 23:14:56.119] [main/DEBUG] [Dungeon Crawl/]: Loading dungeoncrawl:models/catacombs/room/spawner_room.nbt
[22Mar2025 23:14:56.119] [main/DEBUG] [Dungeon Crawl/]: Loading dungeoncrawl:models/catacombs/room/spawner_room.json
[22Mar2025 23:14:56.120] [main/DEBUG] [Dungeon Crawl/]: Loading dungeoncrawl:models/default/corridor/corridor.nbt
[22Mar2025 23:14:56.120] [main/DEBUG] [Dungeon Crawl/]: Loading dungeoncrawl:models/default/corridor/corridor.json
[22Mar2025 23:14:56.121] [main/DEBUG] [Dungeon Crawl/]: Loading dungeoncrawl:models/default/corridor/corridor_2.nbt
[22Mar2025 23:14:56.121] [main/DEBUG] [Dungeon Crawl/]: Loading dungeoncrawl:models/default/corridor/corridor_2.json
[22Mar2025 23:14:56.121] [main/DEBUG] [Dungeon Crawl/]: Loading dungeoncrawl:models/default/corridor/corridor_3.nbt
[22Mar2025 23:14:56.122] [main/DEBUG] [Dungeon Crawl/]: Loading dungeoncrawl:models/default/corridor/corridor_3.json
[22Mar2025 23:14:56.123] [main/DEBUG] [Dungeon Crawl/]: Loading dungeoncrawl:models/default/corridor/corridor_fire.nbt
[22Mar2025 23:14:56.123] [main/DEBUG] [Dungeon Crawl/]: Loading dungeoncrawl:models/default/corridor/corridor_fire.json
[22Mar2025 23:14:56.123] [main/DEBUG] [Dungeon Crawl/]: Loading dungeoncrawl:models/default/corridor/corridor_light.nbt
[22Mar2025 23:14:56.124] [main/DEBUG] [Dungeon Crawl/]: Loading dungeoncrawl:models/default/corridor/corridor_light.json
[22Mar2025 23:14:56.124] [main/DEBUG] [Dungeon Crawl/]: Loading dungeoncrawl:models/default/corridor/corridor_room.nbt
[22Mar2025 23:14:56.125] [main/DEBUG] [Dungeon Crawl/]: Loading dungeoncrawl:models/default/corridor/corridor_room.json
[22Mar2025 23:14:56.125] [main/DEBUG] [Dungeon Crawl/]: Loading dungeoncrawl:models/default/corridor/corridor_spawner.nbt
[22Mar2025 23:14:56.126] [main/DEBUG] [Dungeon Crawl/]: Loading dungeoncrawl:models/default/corridor/corridor_spawner.json
[22Mar2025 23:14:56.126] [main/DEBUG] [Dungeon Crawl/]: Loading dungeoncrawl:models/default/corridor/linker/cake_room.nbt
[22Mar2025 23:14:56.126] [main/DEBUG] [Dungeon Crawl/]: Loading dungeoncrawl:models/default/corridor/linker/cake_room.json
[22Mar2025 23:14:56.126] [main/DEBUG] [Dungeon Crawl/]: Loading dungeoncrawl:models/default/corridor/linker/linker.nbt
[22Mar2025 23:14:56.127] [main/DEBUG] [Dungeon Crawl/]: Loading dungeoncrawl:models/default/corridor/linker/linker.json
[22Mar2025 23:14:56.127] [main/DEBUG] [Dungeon Crawl/]: Loading dungeoncrawl:models/default/corridor/linker/linker_2.nbt
[22Mar2025 23:14:56.128] [main/DEBUG] [Dungeon Crawl/]: Loading dungeoncrawl:models/default/corridor/linker/linker_2.json
[22Mar2025 23:14:56.128] [main/DEBUG] [Dungeon Crawl/]: Loading dungeoncrawl:models/default/corridor/linker/linker_3.nbt
[22Mar2025 23:14:56.128] [main/DEBUG] [Dungeon Crawl/]: Loading dungeoncrawl:models/default/corridor/linker/linker_3.json
[22Mar2025 23:14:56.129] [main/DEBUG] [Dungeon Crawl/]: Loading dungeoncrawl:models/default/corridor/linker/linker_4.nbt
[22Mar2025 23:14:56.129] [main/DEBUG] [Dungeon Crawl/]: Loading dungeoncrawl:models/default/corridor/linker/linker_4.json
[22Mar2025 23:14:56.129] [main/DEBUG] [Dungeon Crawl/]: Loading dungeoncrawl:models/default/corridor/linker/linker_5.nbt
[22Mar2025 23:14:56.130] [main/DEBUG] [Dungeon Crawl/]: Loading dungeoncrawl:models/default/corridor/linker/linker_5.json
[22Mar2025 23:14:56.130] [main/DEBUG] [Dungeon Crawl/]: Loading dungeoncrawl:models/default/corridor/linker/linker_6.nbt
[22Mar2025 23:14:56.131] [main/DEBUG] [Dungeon Crawl/]: Loading dungeoncrawl:models/default/corridor/linker/linker_6.json
[22Mar2025 23:14:56.131] [main/DEBUG] [Dungeon Crawl/]: Loading dungeoncrawl:models/default/corridor/old_corridor.nbt
[22Mar2025 23:14:56.131] [main/DEBUG] [Dungeon Crawl/]: Loading dungeoncrawl:models/default/corridor/old_corridor.json
[22Mar2025 23:14:56.131] [main/DEBUG] [Dungeon Crawl/]: Loading dungeoncrawl:models/default/corridor/old_corridor_3.nbt
[22Mar2025 23:14:56.132] [main/DEBUG] [Dungeon Crawl/]: Loading dungeoncrawl:models/default/corridor/old_corridor_3.json
[22Mar2025 23:14:56.132] [main/DEBUG] [Dungeon Crawl/]: Loading dungeoncrawl:models/default/corridor/secret_room_entrance.nbt
[22Mar2025 23:14:56.132] [main/DEBUG] [Dungeon Crawl/]: Loading dungeoncrawl:models/default/corridor/secret_room_entrance.json
[22Mar2025 23:14:56.133] [main/DEBUG] [Dungeon Crawl/]: Loading dungeoncrawl:models/default/corridor/stone_corridor.nbt
[22Mar2025 23:14:56.134] [main/DEBUG] [Dungeon Crawl/]: Loading dungeoncrawl:models/default/corridor/stone_corridor.json
[22Mar2025 23:14:56.134] [main/DEBUG] [Dungeon Crawl/]: Loading dungeoncrawl:models/default/loot_room.nbt
[22Mar2025 23:14:56.141] [main/DEBUG] [Dungeon Crawl/]: Loading dungeoncrawl:models/default/loot_room.json
[22Mar2025 23:14:56.141] [main/DEBUG] [Dungeon Crawl/]: Loading dungeoncrawl:models/default/multipart/corridor/bookshelf.nbt
[22Mar2025 23:14:56.141] [main/DEBUG] [Dungeon Crawl/]: Loading dungeoncrawl:models/default/multipart/corridor/chest.nbt
[22Mar2025 23:14:56.142] [main/DEBUG] [Dungeon Crawl/]: Loading dungeoncrawl:models/default/multipart/corridor/chest_room.nbt
[22Mar2025 23:14:56.142] [main/DEBUG] [Dungeon Crawl/]: Loading dungeoncrawl:models/default/multipart/corridor/chest_room_2.nbt
[22Mar2025 23:14:56.142] [main/DEBUG] [Dungeon Crawl/]: Loading dungeoncrawl:models/default/multipart/corridor/crops.nbt
[22Mar2025 23:14:56.142] [main/DEBUG] [Dungeon Crawl/]: Loading dungeoncrawl:models/default/multipart/corridor/crops.json
[22Mar2025 23:14:56.142] [main/DEBUG] [Dungeon Crawl/]: Loading dungeoncrawl:models/default/multipart/corridor/default.nbt
[22Mar2025 23:14:56.143] [main/DEBUG] [Dungeon Crawl/]: Loading dungeoncrawl:models/default/multipart/corridor/empty_room.nbt
[22Mar2025 23:14:56.143] [main/DEBUG] [Dungeon Crawl/]: Loading dungeoncrawl:models/default/multipart/corridor/empty_room_2.nbt
[22Mar2025 23:14:56.143] [main/DEBUG] [Dungeon Crawl/]: Loading dungeoncrawl:models/default/multipart/corridor/empty_room_3.nbt
[22Mar2025 23:14:56.143] [main/DEBUG] [Dungeon Crawl/]: Loading dungeoncrawl:models/default/multipart/corridor/empty_room_4.nbt
[22Mar2025 23:14:56.143] [main/DEBUG] [Dungeon Crawl/]: Loading dungeoncrawl:models/default/multipart/corridor/fire.nbt
[22Mar2025 23:14:56.144] [main/DEBUG] [Dungeon Crawl/]: Loading dungeoncrawl:models/default/multipart/corridor/light.nbt
[22Mar2025 23:14:56.144] [main/DEBUG] [Dungeon Crawl/]: Loading dungeoncrawl:models/default/multipart/corridor/light_switch.nbt
[22Mar2025 23:14:56.144] [main/DEBUG] [Dungeon Crawl/]: Loading dungeoncrawl:models/default/multipart/corridor/secret_room_entrance.nbt
[22Mar2025 23:14:56.144] [main/DEBUG] [Dungeon Crawl/]: Loading dungeoncrawl:models/default/multipart/corridor/secret_room_entrance_2.nbt
[22Mar2025 23:14:56.144] [main/DEBUG] [Dungeon Crawl/]: Loading dungeoncrawl:models/default/multipart/corridor/secret_room_entrance_3.nbt
[22Mar2025 23:14:56.144] [main/DEBUG] [Dungeon Crawl/]: Loading dungeoncrawl:models/default/multipart/corridor/secret_room_entrance_bookshelf.nbt
[22Mar2025 23:14:56.145] [main/DEBUG] [Dungeon Crawl/]: Loading dungeoncrawl:models/default/multipart/corridor/spawner.nbt
[22Mar2025 23:14:56.145] [main/DEBUG] [Dungeon Crawl/]: Loading dungeoncrawl:models/default/multipart/corridor/spawner_room.nbt
[22Mar2025 23:14:56.145] [main/DEBUG] [Dungeon Crawl/]: Loading dungeoncrawl:models/default/multipart/corridor/variant.nbt
[22Mar2025 23:14:56.145] [main/DEBUG] [Dungeon Crawl/]: Loading dungeoncrawl:models/default/multipart/corridor/variant_2.nbt
[22Mar2025 23:14:56.145] [main/DEBUG] [Dungeon Crawl/]: Loading dungeoncrawl:models/default/multipart/large_wall.nbt
[22Mar2025 23:14:56.146] [main/DEBUG] [Dungeon Crawl/]: Loading dungeoncrawl:models/default/multipart/node_connector.nbt
[22Mar2025 23:14:56.146] [main/DEBUG] [Dungeon Crawl/]: Loading dungeoncrawl:models/default/multipart/short_node_connector.nbt
[22Mar2025 23:14:56.146] [main/DEBUG] [Dungeon Crawl/]: Loading dungeoncrawl:models/default/multipart/wall.nbt
[22Mar2025 23:14:56.146] [main/DEBUG] [Dungeon Crawl/]: Loading dungeoncrawl:models/default/multipart/wall_2.nbt
[22Mar2025 23:14:56.147] [main/DEBUG] [Dungeon Crawl/]: Loading dungeoncrawl:models/default/node/connector/connector.nbt
[22Mar2025 23:14:56.147] [main/DEBUG] [Dungeon Crawl/]: Loading dungeoncrawl:models/default/node/connector/connector.json
[22Mar2025 23:14:56.148] [main/DEBUG] [Dungeon Crawl/]: Loading dungeoncrawl:models/default/node/connector/connector_2.nbt
[22Mar2025 23:14:56.149] [main/DEBUG] [Dungeon Crawl/]: Loading dungeoncrawl:models/default/node/connector/connector_2.json
[22Mar2025 23:14:56.149] [main/DEBUG] [Dungeon Crawl/]: Loading dungeoncrawl:models/default/node/connector/connector_3.nbt
[22Mar2025 23:14:56.149] [main/DEBUG] [Dungeon Crawl/]: Loading dungeoncrawl:models/default/node/connector/connector_3.json
[22Mar2025 23:14:56.149] [main/DEBUG] [Dungeon Crawl/]: Loading dungeoncrawl:models/default/node/connector/connector_4.nbt
[22Mar2025 23:14:56.149] [main/DEBUG] [Dungeon Crawl/]: Loading dungeoncrawl:models/default/node/connector/connector_4.json
[22Mar2025 23:14:56.149] [main/DEBUG] [Dungeon Crawl/]: Loading dungeoncrawl:models/default/node/connector/connector_6.nbt
[22Mar2025 23:14:56.150] [main/DEBUG] [Dungeon Crawl/]: Loading dungeoncrawl:models/default/node/connector/connector_6.json
[22Mar2025 23:14:56.150] [main/DEBUG] [Dungeon Crawl/]: Loading dungeoncrawl:models/default/node/connector/connector_lava.nbt
[22Mar2025 23:14:56.150] [main/DEBUG] [Dungeon Crawl/]: Loading dungeoncrawl:models/default/node/connector/node_connector_catacomb.nbt
[22Mar2025 23:14:56.150] [main/DEBUG] [Dungeon Crawl/]: Loading dungeoncrawl:models/default/node/connector/node_connector_catacomb.json
[22Mar2025 23:14:56.150] [main/DEBUG] [Dungeon Crawl/]: Loading dungeoncrawl:models/default/node/dark_hall.nbt
[22Mar2025 23:14:56.153] [main/DEBUG] [Dungeon Crawl/]: Loading dungeoncrawl:models/default/node/fire_hall.nbt
[22Mar2025 23:14:56.155] [main/DEBUG] [Dungeon Crawl/]: Loading dungeoncrawl:models/default/node/fireplace.nbt
[22Mar2025 23:14:56.160] [main/DEBUG] [Dungeon Crawl/]: Loading dungeoncrawl:models/default/node/fireplace.json
[22Mar2025 23:14:56.160] [main/DEBUG] [Dungeon Crawl/]: Loading dungeoncrawl:models/default/node/forge.nbt
[22Mar2025 23:14:56.162] [main/DEBUG] [Dungeon Crawl/]: Loading dungeoncrawl:models/default/node/forge.json
[22Mar2025 23:14:56.162] [main/DEBUG] [Dungeon Crawl/]: Loading dungeoncrawl:models/default/node/jukebox_room.nbt
[22Mar2025 23:14:56.163] [main/DEBUG] [Dungeon Crawl/]: Loading dungeoncrawl:models/default/node/jukebox_room.json
[22Mar2025 23:14:56.164] [main/DEBUG] [Dungeon Crawl/]: Loading dungeoncrawl:models/default/node/library.nbt
[22Mar2025 23:14:56.171] [main/DEBUG] [Dungeon Crawl/]: Loading dungeoncrawl:models/default/node/library.json
[22Mar2025 23:14:56.171] [main/DEBUG] [Dungeon Crawl/]: Loading dungeoncrawl:models/default/node/node_turn.nbt
[22Mar2025 23:14:56.176] [main/DEBUG] [Dungeon Crawl/]: Loading dungeoncrawl:models/default/node/node_turn.json
[22Mar2025 23:14:56.176] [main/DEBUG] [Dungeon Crawl/]: Loading dungeoncrawl:models/default/node/old_fire_hall.nbt
[22Mar2025 23:14:56.179] [main/DEBUG] [Dungeon Crawl/]: Loading dungeoncrawl:models/default/node/old_fire_hall.json
[22Mar2025 23:14:56.179] [main/DEBUG] [Dungeon Crawl/]: Loading dungeoncrawl:models/default/node/old_jukebox_room.nbt
[22Mar2025 23:14:56.181] [main/DEBUG] [Dungeon Crawl/]: Loading dungeoncrawl:models/default/node/old_jukebox_room.json
[22Mar2025 23:14:56.181] [main/DEBUG] [Dungeon Crawl/]: Loading dungeoncrawl:models/default/node/room.nbt
[22Mar2025 23:14:56.182] [main/DEBUG] [Dungeon Crawl/]: Loading dungeoncrawl:models/default/node/room.json
[22Mar2025 23:14:56.183] [main/DEBUG] [Dungeon Crawl/]: Loading dungeoncrawl:models/default/node/room_2.nbt
[22Mar2025 23:14:56.258] [main/DEBUG] [Dungeon Crawl/]: Loading dungeoncrawl:models/default/node/room_2.json
[22Mar2025 23:14:56.259] [main/DEBUG] [Dungeon Crawl/]: Loading dungeoncrawl:models/default/node/spawner_hall.nbt
[22Mar2025 23:14:56.268] [main/DEBUG] [Dungeon Crawl/]: Loading dungeoncrawl:models/default/node/spawner_hall.json
[22Mar2025 23:14:56.268] [main/DEBUG] [Dungeon Crawl/]: Loading dungeoncrawl:models/default/old_loot_room.nbt
[22Mar2025 23:14:56.277] [main/DEBUG] [Dungeon Crawl/]: Loading dungeoncrawl:models/default/old_loot_room.json
[22Mar2025 23:14:56.277] [main/DEBUG] [Dungeon Crawl/]: Loading dungeoncrawl:models/default/room/food_side_room.nbt
[22Mar2025 23:14:56.278] [main/DEBUG] [Dungeon Crawl/]: Loading dungeoncrawl:models/default/room/food_side_room.json
[22Mar2025 23:14:56.278] [main/DEBUG] [Dungeon Crawl/]: Loading dungeoncrawl:models/default/room/secret_room.nbt
[22Mar2025 23:14:56.280] [main/DEBUG] [Dungeon Crawl/]: Loading dungeoncrawl:models/default/room/secret_room.json
[22Mar2025 23:14:56.280] [main/DEBUG] [Dungeon Crawl/]: Loading dungeoncrawl:models/default/room/spawner_room.nbt
[22Mar2025 23:14:56.281] [main/DEBUG] [Dungeon Crawl/]: Loading dungeoncrawl:models/default/room/spawner_room.json
[22Mar2025 23:14:56.281] [main/DEBUG] [Dungeon Crawl/]: Loading dungeoncrawl:models/default/room/spawner_room_2.nbt
[22Mar2025 23:14:56.282] [main/DEBUG] [Dungeon Crawl/]: Loading dungeoncrawl:models/default/room/spawner_room_2.json
[22Mar2025 23:14:56.282] [main/DEBUG] [Dungeon Crawl/]: Loading dungeoncrawl:models/default/room/spawner_room_material.nbt
[22Mar2025 23:14:56.283] [main/DEBUG] [Dungeon Crawl/]: Loading dungeoncrawl:models/default/room/spawner_room_material.json
[22Mar2025 23:14:56.283] [main/DEBUG] [Dungeon Crawl/]: Loading dungeoncrawl:models/default/room/spawner_room_material_2.nbt
[22Mar2025 23:14:56.284] [main/DEBUG] [Dungeon Crawl/]: Loading dungeoncrawl:models/default/room/spawner_room_material_2.json
[22Mar2025 23:14:56.284] [main/DEBUG] [Dungeon Crawl/]: Loading dungeoncrawl:models/default/room/starter_room.nbt
[22Mar2025 23:14:56.285] [main/DEBUG] [Dungeon Crawl/]: Loading dungeoncrawl:models/default/room/starter_room.json
[22Mar2025 23:14:56.285] [main/DEBUG] [Dungeon Crawl/]: Loading dungeoncrawl:models/default/room/tnt_trap_side_room.nbt
[22Mar2025 23:14:56.286] [main/DEBUG] [Dungeon Crawl/]: Loading dungeoncrawl:models/default/room/tnt_trap_side_room.json
[22Mar2025 23:14:56.286] [main/DEBUG] [Dungeon Crawl/]: Loading dungeoncrawl:models/default/staircase.nbt
[22Mar2025 23:14:56.286] [main/DEBUG] [Dungeon Crawl/]: Loading dungeoncrawl:models/default/staircase.json
[22Mar2025 23:14:56.286] [main/DEBUG] [Dungeon Crawl/]: Loading dungeoncrawl:models/default/staircase_layer.nbt
[22Mar2025 23:14:56.286] [main/DEBUG] [Dungeon Crawl/]: Loading dungeoncrawl:models/default/stairs_bottom.nbt
[22Mar2025 23:14:56.288] [main/DEBUG] [Dungeon Crawl/]: Loading dungeoncrawl:models/default/stairs_bottom.json
[22Mar2025 23:14:56.288] [main/DEBUG] [Dungeon Crawl/]: Loading dungeoncrawl:models/default/stairs_bottom_2.nbt
[22Mar2025 23:14:56.289] [main/DEBUG] [Dungeon Crawl/]: Loading dungeoncrawl:models/default/stairs_bottom_2.json
[22Mar2025 23:14:56.289] [main/DEBUG] [Dungeon Crawl/]: Loading dungeoncrawl:models/default/stairs_top.nbt
[22Mar2025 23:14:56.290] [main/DEBUG] [Dungeon Crawl/]: Loading dungeoncrawl:models/default/stairs_top.json
[22Mar2025 23:14:56.290] [main/DEBUG] [Dungeon Crawl/]: Loading dungeoncrawl:models/entrance/roguelike/eniko_tower.nbt
[22Mar2025 23:14:56.294] [main/DEBUG] [Dungeon Crawl/]: Loading dungeoncrawl:models/entrance/roguelike/eniko_tower.json
[22Mar2025 23:14:56.294] [main/DEBUG] [Dungeon Crawl/]: Loading dungeoncrawl:models/entrance/roguelike/house.nbt
[22Mar2025 23:14:56.298] [main/DEBUG] [Dungeon Crawl/]: Loading dungeoncrawl:models/entrance/roguelike/house.json
[22Mar2025 23:14:56.298] [main/DEBUG] [Dungeon Crawl/]: Loading dungeoncrawl:models/entrance/roguelike/pyramid.nbt
[22Mar2025 23:14:56.300] [main/DEBUG] [Dungeon Crawl/]: Loading dungeoncrawl:models/entrance/roguelike/pyramid.json
[22Mar2025 23:14:56.300] [main/DEBUG] [Dungeon Crawl/]: Loading dungeoncrawl:models/entrance/roguelike/rogue_tower.nbt
[22Mar2025 23:14:56.302] [main/DEBUG] [Dungeon Crawl/]: Loading dungeoncrawl:models/entrance/roguelike/rogue_tower.json
[22Mar2025 23:14:56.302] [main/DEBUG] [Dungeon Crawl/]: Loading dungeoncrawl:models/entrance/roguelike/witch_tower.nbt
[22Mar2025 23:14:56.306] [main/DEBUG] [Dungeon Crawl/]: Loading dungeoncrawl:models/entrance/roguelike/witch_tower.json
[22Mar2025 23:14:56.306] [main/DEBUG] [Dungeon Crawl/]: Loading dungeoncrawl:models/hell/node/lava_hall.nbt
[22Mar2025 23:14:56.312] [main/DEBUG] [Dungeon Crawl/]: Loading dungeoncrawl:models/hell/node/small_loot_room.nbt
[22Mar2025 23:14:56.315] [main/DEBUG] [Dungeon Crawl/]: Loading dungeoncrawl:models/hell/node/small_loot_room.json
[22Mar2025 23:14:56.316] [main/DEBUG] [Dungeon Crawl/]: Loading dungeoncrawl:models/hell/room/empty_room.nbt
[22Mar2025 23:14:56.317] [main/DEBUG] [Dungeon Crawl/]: Loading dungeoncrawl:models/hell/room/empty_room.json
[22Mar2025 23:14:56.317] [main/DEBUG] [Dungeon Crawl/]: Loading dungeoncrawl:models/hell/room/spawner_room.nbt
[22Mar2025 23:14:56.317] [main/DEBUG] [Dungeon Crawl/]: Loading dungeoncrawl:models/hell/room/spawner_room.json
[22Mar2025 23:14:56.319] [main/DEBUG] [Dungeon Crawl/]: Loading dungeoncrawl:dungeon/model_pools.json
[22Mar2025 23:14:56.324] [main/DEBUG] [Dungeon Crawl/]: Loading dungeoncrawl:dungeon/types/default.json
[22Mar2025 23:14:56.332] [main/DEBUG] [Dungeon Crawl/]: Loading dungeoncrawl:dungeon/types/desert/default.json
[22Mar2025 23:14:56.332] [main/DEBUG] [Dungeon Crawl/]: Loading dungeoncrawl:dungeon/types/forest/default.json
[22Mar2025 23:14:56.333] [main/DEBUG] [Dungeon Crawl/]: Loading dungeoncrawl:dungeon/types/mountains/default.json
[22Mar2025 23:14:56.336] [main/DEBUG] [Dungeon Crawl/]: Loading dungeoncrawl:dungeon/biome_mappings/default.json
[22Mar2025 23:14:56.342] [main/DEBUG] [Dungeon Crawl/]: Loading dungeoncrawl:theming/secondary_themes/catacombs/crumbled.json
[22Mar2025 23:14:56.344] [main/DEBUG] [Dungeon Crawl/]: Loading dungeoncrawl:theming/secondary_themes/hell/roguelike.json
[22Mar2025 23:14:56.344] [main/DEBUG] [Dungeon Crawl/]: Loading dungeoncrawl:theming/secondary_themes/vanilla/acacia.json
[22Mar2025 23:14:56.345] [main/DEBUG] [Dungeon Crawl/]: Loading dungeoncrawl:theming/secondary_themes/vanilla/badlands/default.json
[22Mar2025 23:14:56.345] [main/DEBUG] [Dungeon Crawl/]: Loading dungeoncrawl:theming/secondary_themes/vanilla/birch.json
[22Mar2025 23:14:56.345] [main/DEBUG] [Dungeon Crawl/]: Loading dungeoncrawl:theming/secondary_themes/vanilla/catacombs/mossy.json
[22Mar2025 23:14:56.346] [main/DEBUG] [Dungeon Crawl/]: Loading dungeoncrawl:theming/secondary_themes/vanilla/catacombs/overgrown.json
[22Mar2025 23:14:56.347] [main/DEBUG] [Dungeon Crawl/]: Loading dungeoncrawl:theming/secondary_themes/vanilla/dark_oak.json
[22Mar2025 23:14:56.347] [main/DEBUG] [Dungeon Crawl/]: Loading dungeoncrawl:theming/secondary_themes/vanilla/desert/default.json
[22Mar2025 23:14:56.347] [main/DEBUG] [Dungeon Crawl/]: Loading dungeoncrawl:theming/secondary_themes/vanilla/desert/diorite.json
[22Mar2025 23:14:56.348] [main/DEBUG] [Dungeon Crawl/]: Loading dungeoncrawl:theming/secondary_themes/vanilla/desert/granite.json
[22Mar2025 23:14:56.348] [main/DEBUG] [Dungeon Crawl/]: Loading dungeoncrawl:theming/secondary_themes/vanilla/hell/default.json
[22Mar2025 23:14:56.349] [main/DEBUG] [Dungeon Crawl/]: Loading dungeoncrawl:theming/secondary_themes/vanilla/jungle.json
[22Mar2025 23:14:56.349] [main/DEBUG] [Dungeon Crawl/]: Loading dungeoncrawl:theming/secondary_themes/vanilla/mountains/default.json
[22Mar2025 23:14:56.350] [main/DEBUG] [Dungeon Crawl/]: Loading dungeoncrawl:theming/secondary_themes/vanilla/oak.json
[22Mar2025 23:14:56.350] [main/DEBUG] [Dungeon Crawl/]: Loading dungeoncrawl:theming/secondary_themes/vanilla/spruce.json
[22Mar2025 23:14:56.354] [main/DEBUG] [Dungeon Crawl/]: Loading dungeoncrawl:theming/primary_themes/catacombs/crumbled.json
[22Mar2025 23:14:56.358] [main/DEBUG] [Dungeon Crawl/]: Loading dungeoncrawl:theming/primary_themes/create/andesite.json
[22Mar2025 23:14:56.358] [main/DEBUG] [Dungeon Crawl/]: Loading dungeoncrawl:theming/primary_themes/create/crumbled_andesite.json
[22Mar2025 23:14:56.359] [main/DEBUG] [Dungeon Crawl/]: Loading dungeoncrawl:theming/primary_themes/create/mossy_andesite.json
[22Mar2025 23:14:56.359] [main/DEBUG] [Dungeon Crawl/]: Loading dungeoncrawl:theming/primary_themes/create/overgrown_andesite.json
[22Mar2025 23:14:56.360] [main/DEBUG] [Dungeon Crawl/]: Loading dungeoncrawl:theming/primary_themes/hell/roguelike.json
[22Mar2025 23:14:56.361] [main/DEBUG] [Dungeon Crawl/]: Loading dungeoncrawl:theming/primary_themes/vanilla/andesite.json
[22Mar2025 23:14:56.362] [main/DEBUG] [Dungeon Crawl/]: Loading dungeoncrawl:theming/primary_themes/vanilla/badlands/default.json
[22Mar2025 23:14:56.363] [main/DEBUG] [Dungeon Crawl/]: Loading dungeoncrawl:theming/primary_themes/vanilla/bricks.json
[22Mar2025 23:14:56.364] [main/DEBUG] [Dungeon Crawl/]: Loading dungeoncrawl:theming/primary_themes/vanilla/bricks_2.json
[22Mar2025 23:14:56.365] [main/DEBUG] [Dungeon Crawl/]: Loading dungeoncrawl:theming/primary_themes/vanilla/catacombs/ancient.json
[22Mar2025 23:14:56.366] [main/DEBUG] [Dungeon Crawl/]: Loading dungeoncrawl:theming/primary_themes/vanilla/catacombs/bricks.json
[22Mar2025 23:14:56.370] [main/DEBUG] [Dungeon Crawl/]: Loading dungeoncrawl:theming/primary_themes/vanilla/catacombs/crumbled_floor.json
[22Mar2025 23:14:56.371] [main/DEBUG] [Dungeon Crawl/]: Loading dungeoncrawl:theming/primary_themes/vanilla/catacombs/mossy.json
[22Mar2025 23:14:56.372] [main/DEBUG] [Dungeon Crawl/]: Loading dungeoncrawl:theming/primary_themes/vanilla/catacombs/overgrown.json
[22Mar2025 23:14:56.375] [main/DEBUG] [Dungeon Crawl/]: Loading dungeoncrawl:theming/primary_themes/vanilla/default.json
[22Mar2025 23:14:56.376] [main/DEBUG] [Dungeon Crawl/]: Loading dungeoncrawl:theming/primary_themes/vanilla/desert/default.json
[22Mar2025 23:14:56.377] [main/DEBUG] [Dungeon Crawl/]: Loading dungeoncrawl:theming/primary_themes/vanilla/desert/diorite.json
[22Mar2025 23:14:56.378] [main/DEBUG] [Dungeon Crawl/]: Loading dungeoncrawl:theming/primary_themes/vanilla/desert/granite.json
[22Mar2025 23:14:56.378] [main/DEBUG] [Dungeon Crawl/]: Loading dungeoncrawl:theming/primary_themes/vanilla/desert/terracotta.json
[22Mar2025 23:14:56.379] [main/DEBUG] [Dungeon Crawl/]: Loading dungeoncrawl:theming/primary_themes/vanilla/hell/checked_floor.json
[22Mar2025 23:14:56.380] [main/DEBUG] [Dungeon Crawl/]: Loading dungeoncrawl:theming/primary_themes/vanilla/hell/default.json
[22Mar2025 23:14:56.381] [main/DEBUG] [Dungeon Crawl/]: Loading dungeoncrawl:theming/primary_themes/vanilla/hell/mossy.json
[22Mar2025 23:14:56.382] [main/DEBUG] [Dungeon Crawl/]: Loading dungeoncrawl:theming/primary_themes/vanilla/jungle/default.json
[22Mar2025 23:14:56.383] [main/DEBUG] [Dungeon Crawl/]: Loading dungeoncrawl:theming/primary_themes/vanilla/mountains/default.json
[22Mar2025 23:14:56.401] [main/DEBUG] [Dungeon Crawl/]: Loading dungeoncrawl:monster/spawn_rates.json
[22Mar2025 23:14:56.402] [main/DEBUG] [Dungeon Crawl/]: Loading dungeoncrawl:treasure/stage_1.json
[22Mar2025 23:14:56.403] [main/DEBUG] [Dungeon Crawl/]: Loading dungeoncrawl:treasure/stage_2.json
[22Mar2025 23:14:56.403] [main/DEBUG] [Dungeon Crawl/]: Loading dungeoncrawl:treasure/stage_3.json
[22Mar2025 23:14:56.403] [main/DEBUG] [Dungeon Crawl/]: Loading dungeoncrawl:treasure/stage_4.json
[22Mar2025 23:14:56.403] [main/DEBUG] [Dungeon Crawl/]: Loading dungeoncrawl:treasure/stage_5.json
[22Mar2025 23:14:56.405] [main/DEBUG] [Dungeon Crawl/]: Loading dungeoncrawl:monster/entities/stage_1.json
[22Mar2025 23:14:56.410] [main/DEBUG] [Dungeon Crawl/]: Loading dungeoncrawl:monster/entities/stage_2.json
[22Mar2025 23:14:56.410] [main/DEBUG] [Dungeon Crawl/]: Loading dungeoncrawl:monster/entities/stage_3.json
[22Mar2025 23:14:56.410] [main/DEBUG] [Dungeon Crawl/]: Loading dungeoncrawl:monster/entities/stage_4.json
[22Mar2025 23:14:56.410] [main/DEBUG] [Dungeon Crawl/]: Loading dungeoncrawl:monster/entities/stage_5.json
[22Mar2025 23:14:56.410] [main/DEBUG] [Dungeon Crawl/]: Loading dungeoncrawl:monster/equipment/armor/stage_1.json
[22Mar2025 23:14:56.410] [main/DEBUG] [Dungeon Crawl/]: Loading dungeoncrawl:monster/equipment/armor/stage_2.json
[22Mar2025 23:14:56.410] [main/DEBUG] [Dungeon Crawl/]: Loading dungeoncrawl:monster/equipment/armor/stage_3.json
[22Mar2025 23:14:56.411] [main/DEBUG] [Dungeon Crawl/]: Loading dungeoncrawl:monster/equipment/armor/stage_4.json
[22Mar2025 23:14:56.411] [main/DEBUG] [Dungeon Crawl/]: Loading dungeoncrawl:monster/equipment/armor/stage_5.json
[22Mar2025 23:14:56.411] [main/DEBUG] [Dungeon Crawl/]: Loading dungeoncrawl:monster/equipment/weapon/stage_1.json
[22Mar2025 23:14:56.411] [main/DEBUG] [Dungeon Crawl/]: Loading dungeoncrawl:monster/equipment/weapon/stage_2.json
[22Mar2025 23:14:56.411] [main/DEBUG] [Dungeon Crawl/]: Loading dungeoncrawl:monster/equipment/weapon/stage_3.json
[22Mar2025 23:14:56.411] [main/DEBUG] [Dungeon Crawl/]: Loading dungeoncrawl:monster/equipment/weapon/stage_4.json
[22Mar2025 23:14:56.411] [main/DEBUG] [Dungeon Crawl/]: Loading dungeoncrawl:monster/equipment/weapon/stage_5.json
[22Mar2025 23:14:56.413] [main/DEBUG] [Dungeon Crawl/]: Loading dungeoncrawl:monster/potion_effects/stage_1.json
[22Mar2025 23:14:56.413] [main/DEBUG] [Dungeon Crawl/]: Loading dungeoncrawl:monster/potion_effects/stage_2.json
[22Mar2025 23:14:56.414] [main/DEBUG] [Dungeon Crawl/]: Loading dungeoncrawl:monster/potion_effects/stage_3.json
[22Mar2025 23:14:56.414] [main/DEBUG] [Dungeon Crawl/]: Loading dungeoncrawl:monster/potion_effects/stage_4.json
[22Mar2025 23:14:56.414] [main/DEBUG] [Dungeon Crawl/]: Loading dungeoncrawl:monster/potion_effects/stage_5.json
[22Mar2025 23:14:56.414] [main/DEBUG] [Dungeon Crawl/]: Completing...
[22Mar2025 23:14:56.415] [main/INFO] [Dungeon Crawl/]: Done.
[22Mar2025 23:14:56.417] [main/DEBUG] [sophisticatedbackpacks/]: Started loading registry data from sophisticatedbackpacks:compat/woot/block_tools 
[22Mar2025 23:14:56.417] [main/DEBUG] [sophisticatedbackpacks/]: Started loading registry data from sophisticatedbackpacks:compat/fluxnetworks/block_tools 
[22Mar2025 23:14:56.417] [main/DEBUG] [sophisticatedbackpacks/]: Started loading registry data from sophisticatedbackpacks:compat/mob_grinding_utils/entity_tools 
[22Mar2025 23:14:56.417] [main/DEBUG] [sophisticatedbackpacks/]: Started loading registry data from sophisticatedbackpacks:compat/astralsorcery/block_tools 
[22Mar2025 23:14:56.417] [main/DEBUG] [sophisticatedbackpacks/]: Started loading registry data from sophisticatedbackpacks:compat/immersivepetroleum/block_tools 
[22Mar2025 23:14:56.417] [main/DEBUG] [sophisticatedbackpacks/]: Started loading registry data from sophisticatedbackpacks:compat/immersiveengineering/block_tools 
[22Mar2025 23:14:56.417] [main/DEBUG] [sophisticatedbackpacks/]: Started loading registry data from sophisticatedbackpacks:compat/pedestals/block_tools 
[22Mar2025 23:14:56.417] [main/DEBUG] [sophisticatedbackpacks/]: Started loading registry data from sophisticatedbackpacks:compat/platforms/block_tools 
[22Mar2025 23:14:56.417] [main/DEBUG] [sophisticatedbackpacks/]: Started loading registry data from sophisticatedbackpacks:compat/rftoolsutility/entity_tools 
[22Mar2025 23:14:56.417] [main/DEBUG] [sophisticatedbackpacks/]: Started loading registry data from sophisticatedbackpacks:compat/compactmachines/block_tools 
[22Mar2025 23:14:56.417] [main/DEBUG] [sophisticatedbackpacks/]: Started loading registry data from sophisticatedbackpacks:compat/mcwwindows/block_tools 
[22Mar2025 23:14:56.417] [main/DEBUG] [sophisticatedbackpacks/]: Started loading registry data from sophisticatedbackpacks:compat/integrateddynamics/block_tools 
[22Mar2025 23:14:56.417] [main/DEBUG] [sophisticatedbackpacks/]: Started loading registry data from sophisticatedbackpacks:entity_tools 
[22Mar2025 23:14:56.419] [main/DEBUG] [sophisticatedbackpacks/]: Finished loading registry data for sophisticatedbackpacks:entity_tools
[22Mar2025 23:14:56.419] [main/DEBUG] [sophisticatedbackpacks/]: Started loading registry data from sophisticatedbackpacks:compat/mekanism/block_tools 
[22Mar2025 23:14:56.419] [main/DEBUG] [sophisticatedbackpacks/]: Started loading registry data from sophisticatedbackpacks:compat/powah/block_tools 
[22Mar2025 23:14:56.419] [main/DEBUG] [sophisticatedbackpacks/]: Started loading registry data from sophisticatedbackpacks:compat/apotheosis/entity_tools 
[22Mar2025 23:14:56.419] [main/DEBUG] [sophisticatedbackpacks/]: Started loading registry data from sophisticatedbackpacks:compat/bloodmagic/block_tools 
[22Mar2025 23:14:56.419] [main/DEBUG] [sophisticatedbackpacks/]: Started loading registry data from sophisticatedbackpacks:compat/immersiveposts/block_tools 
[22Mar2025 23:14:56.419] [main/DEBUG] [sophisticatedbackpacks/]: Started loading registry data from sophisticatedbackpacks:compat/rats/entity_tools 
[22Mar2025 23:14:56.419] [main/DEBUG] [sophisticatedbackpacks/]: Started loading registry data from sophisticatedbackpacks:compat/framedcompactdrawers/block_tools 
[22Mar2025 23:14:56.419] [main/DEBUG] [sophisticatedbackpacks/]: Started loading registry data from sophisticatedbackpacks:compat/iceandfire/entity_tools 
[22Mar2025 23:14:56.419] [main/DEBUG] [sophisticatedbackpacks/]: Finished loading registry data for sophisticatedbackpacks:compat/iceandfire/entity_tools
[22Mar2025 23:14:56.419] [main/DEBUG] [sophisticatedbackpacks/]: Started loading registry data from sophisticatedbackpacks:compat/storagedrawers/block_tools 
[22Mar2025 23:14:56.419] [main/DEBUG] [sophisticatedbackpacks/]: Started loading registry data from sophisticatedbackpacks:compat/mcwroofs/block_tools 
[22Mar2025 23:14:56.419] [main/DEBUG] [sophisticatedbackpacks/]: Started loading registry data from sophisticatedbackpacks:compat/morphtool/block_tools 
[22Mar2025 23:14:56.419] [main/DEBUG] [sophisticatedbackpacks/]: Started loading registry data from sophisticatedbackpacks:compat/botania/block_tools 
[22Mar2025 23:14:56.419] [main/DEBUG] [sophisticatedbackpacks/]: Started loading registry data from sophisticatedbackpacks:compat/pneumaticraft/block_tools 
[22Mar2025 23:14:56.419] [main/DEBUG] [sophisticatedbackpacks/]: Started loading registry data from sophisticatedbackpacks:compat/shrink/entity_tools 
[22Mar2025 23:14:56.419] [main/DEBUG] [sophisticatedbackpacks/]: Started loading registry data from sophisticatedbackpacks:compat/blockcarpentry/block_tools 
[22Mar2025 23:14:56.419] [main/DEBUG] [sophisticatedbackpacks/]: Started loading registry data from sophisticatedbackpacks:compat/pipez/block_tools 
[22Mar2025 23:14:56.419] [main/DEBUG] [sophisticatedbackpacks/]: Started loading registry data from sophisticatedbackpacks:compat/transport/block_tools 
[22Mar2025 23:14:56.419] [main/DEBUG] [sophisticatedbackpacks/]: Started loading registry data from sophisticatedbackpacks:compat/thermal/block_tools 
[22Mar2025 23:14:56.419] [main/DEBUG] [sophisticatedbackpacks/]: Started loading registry data from sophisticatedbackpacks:block_tools 
[22Mar2025 23:14:56.419] [main/DEBUG] [sophisticatedbackpacks/]: Finished loading registry data for sophisticatedbackpacks:block_tools
[22Mar2025 23:14:56.419] [main/DEBUG] [sophisticatedbackpacks/]: Started loading registry data from sophisticatedbackpacks:compat/create/block_tools 
[22Mar2025 23:14:56.420] [main/DEBUG] [sophisticatedbackpacks/]: Started loading registry data from sophisticatedbackpacks:compat/farmersdelight/entity_tools 
[22Mar2025 23:14:56.420] [main/DEBUG] [sophisticatedbackpacks/]: Started loading registry data from sophisticatedbackpacks:compat/refinedstorage/block_tools 
[22Mar2025 23:14:56.420] [main/DEBUG] [sophisticatedbackpacks/]: Started loading registry data from sophisticatedbackpacks:compat/chiselsandbits/block_tools 
[22Mar2025 23:14:56.420] [main/DEBUG] [sophisticatedbackpacks/]: Started loading registry data from sophisticatedbackpacks:compat/farmersdelight/block_tools 
[22Mar2025 23:14:56.420] [main/DEBUG] [sophisticatedbackpacks/]: Started loading registry data from sophisticatedbackpacks:compat/resourcefulbees/entity_tools 
[22Mar2025 23:14:56.420] [main/DEBUG] [sophisticatedbackpacks/]: Started loading registry data from sophisticatedbackpacks:compat/tetra/swords 
[22Mar2025 23:14:56.420] [main/DEBUG] [sophisticatedbackpacks/]: Started loading registry data from sophisticatedbackpacks:swords 
[22Mar2025 23:14:56.420] [main/DEBUG] [sophisticatedbackpacks/]: Finished loading registry data for sophisticatedbackpacks:swords
[22Mar2025 23:14:56.420] [main/DEBUG] [sophisticatedbackpacks/]: Started loading registry data from sophisticatedbackpacks:compat/mythicbotany/block_tools 
[22Mar2025 23:14:56.420] [main/DEBUG] [sophisticatedbackpacks/]: Started loading registry data from sophisticatedbackpacks:compat/resourcefulbees/block_tools 
[22Mar2025 23:14:56.420] [main/DEBUG] [sophisticatedbackpacks/]: Started loading registry data from sophisticatedbackpacks:compat/syp/entity_tools 
[22Mar2025 23:14:56.420] [main/DEBUG] [sophisticatedbackpacks/]: Started loading registry data from sophisticatedbackpacks:compat/eidolon/block_tools 
[22Mar2025 23:14:56.420] [main/DEBUG] [sophisticatedbackpacks/]: Started loading registry data from sophisticatedbackpacks:compat/rftoolsbase/block_tools 
[22Mar2025 23:14:56.436] [main/INFO] [top.theillusivec4.curios.Curios/]: Loaded 13 curio slots
[22Mar2025 23:14:56.440] [main/INFO] [top.theillusivec4.curios.Curios/]: Loaded 10 curio entities
[22Mar2025 23:14:56.601] [main/DEBUG] [net.minecraftforge.common.ForgeHooks/WP]: Gathering id map for writing to world save world
[22Mar2025 23:14:56.620] [main/DEBUG] [net.minecraftforge.common.ForgeHooks/WP]: ID Map collection complete world
[22Mar2025 23:14:56.681] [Server thread/INFO] [net.minecraft.server.dedicated.DedicatedServer/]: Starting minecraft server version 1.20.1
[22Mar2025 23:14:56.682] [Server thread/INFO] [net.minecraft.server.dedicated.DedicatedServer/]: Loading properties
[22Mar2025 23:14:56.682] [Server thread/INFO] [net.minecraft.server.dedicated.DedicatedServer/]: Default game type: SURVIVAL
[22Mar2025 23:14:56.682] [Server thread/INFO] [net.minecraft.server.MinecraftServer/]: Generating keypair
[22Mar2025 23:14:56.861] [Server thread/INFO] [net.minecraft.server.dedicated.DedicatedServer/]: Starting Minecraft server on *:25565
[22Mar2025 23:14:56.862] [Server thread/DEBUG] [net.minecraftforge.network.DualStackUtils/]: Detected IPv6 address: "0:0:0:0:0:0:0:0"
[22Mar2025 23:14:56.871] [Server thread/DEBUG] [io.netty.util.internal.NativeLibraryLoader/]: -Dio.netty.native.workdir: /tmp (io.netty.tmpdir)
[22Mar2025 23:14:56.872] [Server thread/DEBUG] [io.netty.util.internal.NativeLibraryLoader/]: -Dio.netty.native.deleteLibAfterLoading: true
[22Mar2025 23:14:56.872] [Server thread/DEBUG] [io.netty.util.internal.NativeLibraryLoader/]: -Dio.netty.native.tryPatchShadedId: true
[22Mar2025 23:14:56.872] [Server thread/DEBUG] [io.netty.util.internal.NativeLibraryLoader/]: -Dio.netty.native.detectNativeLibraryDuplicates: true
[22Mar2025 23:14:56.881] [Server thread/DEBUG] [io.netty.util.internal.NativeLibraryLoader/]: Successfully loaded the library /tmp/libnetty_transport_native_epoll_x86_6416579309922636649623.so
[22Mar2025 23:14:56.884] [Server thread/DEBUG] [io.netty.util.NetUtil/]: -Djava.net.preferIPv4Stack: false
[22Mar2025 23:14:56.884] [Server thread/DEBUG] [io.netty.util.NetUtil/]: -Djava.net.preferIPv6Addresses: true
[22Mar2025 23:14:56.885] [Server thread/DEBUG] [io.netty.util.NetUtilInitializations/]: Loopback interface: lo (lo, 0:0:0:0:0:0:0:1%lo)
[22Mar2025 23:14:56.886] [Server thread/DEBUG] [io.netty.util.NetUtil/]: /proc/sys/net/core/somaxconn: 4096
[22Mar2025 23:14:56.890] [Server thread/INFO] [net.minecraft.server.network.ServerConnectionListener/]: Using epoll channel type
[22Mar2025 23:14:56.902] [Server thread/DEBUG] [mixin/]: Mixing MixinConnection from badpackets.mixins.json into net.minecraft.network.Connection
[22Mar2025 23:14:56.903] [Server thread/DEBUG] [mixin/]: badpackets.mixins.json:MixinConnection: Class version 61 required is higher than the class version supported by the current version of Mixin (JAVA_16 supports class version 60)
[22Mar2025 23:14:56.909] [Server thread/DEBUG] [io.netty.channel.MultithreadEventLoopGroup/]: -Dio.netty.eventLoopThreads: 8
[22Mar2025 23:14:56.921] [Server thread/DEBUG] [io.netty.util.internal.InternalThreadLocalMap/]: -Dio.netty.threadLocalMap.stringBuilder.initialSize: 1024
[22Mar2025 23:14:56.921] [Server thread/DEBUG] [io.netty.util.internal.InternalThreadLocalMap/]: -Dio.netty.threadLocalMap.stringBuilder.maxSize: 4096
[22Mar2025 23:14:56.931] [Server thread/DEBUG] [io.netty.util.internal.PlatformDependent/]: org.jctools-core.MpscChunkedArrayQueue: available
[22Mar2025 23:14:56.940] [Server thread/DEBUG] [io.netty.channel.DefaultChannelId/]: -Dio.netty.processId: 1182 (auto-detected)
[22Mar2025 23:14:56.941] [Server thread/DEBUG] [io.netty.channel.DefaultChannelId/]: -Dio.netty.machineId: 7c:1e:52:ff:fe:25:a5:69 (auto-detected)
[22Mar2025 23:14:56.968] [Server thread/DEBUG] [io.netty.buffer.PooledByteBufAllocator/]: -Dio.netty.allocator.numHeapArenas: 8
[22Mar2025 23:14:56.968] [Server thread/DEBUG] [io.netty.buffer.PooledByteBufAllocator/]: -Dio.netty.allocator.numDirectArenas: 8
[22Mar2025 23:14:56.968] [Server thread/DEBUG] [io.netty.buffer.PooledByteBufAllocator/]: -Dio.netty.allocator.pageSize: 8192
[22Mar2025 23:14:56.968] [Server thread/DEBUG] [io.netty.buffer.PooledByteBufAllocator/]: -Dio.netty.allocator.maxOrder: 9
[22Mar2025 23:14:56.968] [Server thread/DEBUG] [io.netty.buffer.PooledByteBufAllocator/]: -Dio.netty.allocator.chunkSize: 4194304
[22Mar2025 23:14:56.968] [Server thread/DEBUG] [io.netty.buffer.PooledByteBufAllocator/]: -Dio.netty.allocator.smallCacheSize: 256
[22Mar2025 23:14:56.968] [Server thread/DEBUG] [io.netty.buffer.PooledByteBufAllocator/]: -Dio.netty.allocator.normalCacheSize: 64
[22Mar2025 23:14:56.969] [Server thread/DEBUG] [io.netty.buffer.PooledByteBufAllocator/]: -Dio.netty.allocator.maxCachedBufferCapacity: 32768
[22Mar2025 23:14:56.969] [Server thread/DEBUG] [io.netty.buffer.PooledByteBufAllocator/]: -Dio.netty.allocator.cacheTrimInterval: 8192
[22Mar2025 23:14:56.969] [Server thread/DEBUG] [io.netty.buffer.PooledByteBufAllocator/]: -Dio.netty.allocator.cacheTrimIntervalMillis: 0
[22Mar2025 23:14:56.969] [Server thread/DEBUG] [io.netty.buffer.PooledByteBufAllocator/]: -Dio.netty.allocator.useCacheForAllThreads: false
[22Mar2025 23:14:56.969] [Server thread/DEBUG] [io.netty.buffer.PooledByteBufAllocator/]: -Dio.netty.allocator.maxCachedByteBuffersPerChunk: 1023
[22Mar2025 23:14:56.977] [Server thread/DEBUG] [io.netty.buffer.ByteBufUtil/]: -Dio.netty.allocator.type: pooled
[22Mar2025 23:14:56.977] [Server thread/DEBUG] [io.netty.buffer.ByteBufUtil/]: -Dio.netty.threadLocalDirectBufferSize: 0
[22Mar2025 23:14:56.977] [Server thread/DEBUG] [io.netty.buffer.ByteBufUtil/]: -Dio.netty.maxThreadLocalCharBufferSize: 16384
[22Mar2025 23:14:57.001] [Server thread/DEBUG] [net.minecraftforge.fml.config.ConfigTracker/CONFIG]: Loading configs type SERVER
[22Mar2025 23:14:57.002] [Server thread/DEBUG] [net.minecraftforge.fml.config.ConfigFileTypeHandler/CONFIG]: Built TOML config for ./world/serverconfig/journeymap-server.toml
[22Mar2025 23:14:57.002] [Server thread/DEBUG] [net.minecraftforge.fml.config.ConfigFileTypeHandler/CONFIG]: Loaded TOML config file ./world/serverconfig/journeymap-server.toml
[22Mar2025 23:14:57.003] [Server thread/DEBUG] [net.minecraftforge.fml.config.ConfigFileTypeHandler/CONFIG]: Watching TOML config file ./world/serverconfig/journeymap-server.toml for changes
[22Mar2025 23:14:57.004] [Server thread/INFO] [journeymap/]: Loading JourneyMap Forge Configs
[22Mar2025 23:14:57.006] [Server thread/DEBUG] [fuzs.puzzleslib.impl.config.core.ForgeConfigFileTypeHandler/CONFIG]: Built TOML config for /workspaces/paaapule3/servidor_minecraft/config/easymagic-server.toml
[22Mar2025 23:14:57.007] [Server thread/DEBUG] [fuzs.puzzleslib.impl.config.core.ForgeConfigFileTypeHandler/CONFIG]: Loaded TOML config file /workspaces/paaapule3/servidor_minecraft/config/easymagic-server.toml
[22Mar2025 23:14:57.008] [Server thread/DEBUG] [fuzs.puzzleslib.impl.config.core.ForgeConfigFileTypeHandler/CONFIG]: Watching TOML config file /workspaces/paaapule3/servidor_minecraft/config/easymagic-server.toml for changes
[22Mar2025 23:14:57.011] [Server thread/INFO] [Puzzles Lib/]: Loading server config for easymagic
[22Mar2025 23:14:57.012] [Server thread/DEBUG] [net.minecraftforge.fml.config.ConfigFileTypeHandler/CONFIG]: Built TOML config for ./world/serverconfig/jei-server.toml
[22Mar2025 23:14:57.012] [Server thread/DEBUG] [net.minecraftforge.fml.config.ConfigFileTypeHandler/CONFIG]: Loaded TOML config file ./world/serverconfig/jei-server.toml
[22Mar2025 23:14:57.012] [Server thread/DEBUG] [net.minecraftforge.fml.config.ConfigFileTypeHandler/CONFIG]: Watching TOML config file ./world/serverconfig/jei-server.toml for changes
[22Mar2025 23:14:57.013] [Server thread/DEBUG] [net.minecraftforge.fml.config.ConfigFileTypeHandler/CONFIG]: Built TOML config for ./world/serverconfig/travelersbackpack-server.toml
[22Mar2025 23:14:57.014] [Server thread/DEBUG] [net.minecraftforge.fml.config.ConfigFileTypeHandler/CONFIG]: Loaded TOML config file ./world/serverconfig/travelersbackpack-server.toml
[22Mar2025 23:14:57.014] [Server thread/DEBUG] [net.minecraftforge.fml.config.ConfigFileTypeHandler/CONFIG]: Watching TOML config file ./world/serverconfig/travelersbackpack-server.toml for changes
[22Mar2025 23:14:57.023] [Server thread/DEBUG] [net.minecraftforge.fml.config.ConfigFileTypeHandler/CONFIG]: Built TOML config for ./world/serverconfig/sophisticatedbackpacks-server.toml
[22Mar2025 23:14:57.024] [Server thread/DEBUG] [net.minecraftforge.fml.config.ConfigFileTypeHandler/CONFIG]: Loaded TOML config file ./world/serverconfig/sophisticatedbackpacks-server.toml
[22Mar2025 23:14:57.024] [Server thread/DEBUG] [net.minecraftforge.fml.config.ConfigFileTypeHandler/CONFIG]: Watching TOML config file ./world/serverconfig/sophisticatedbackpacks-server.toml for changes
[22Mar2025 23:14:57.026] [Server thread/DEBUG] [net.minecraftforge.fml.config.ConfigFileTypeHandler/CONFIG]: Built TOML config for ./world/serverconfig/forge-server.toml
[22Mar2025 23:14:57.027] [Server thread/DEBUG] [net.minecraftforge.fml.config.ConfigFileTypeHandler/CONFIG]: Loaded TOML config file ./world/serverconfig/forge-server.toml
[22Mar2025 23:14:57.027] [Server thread/DEBUG] [net.minecraftforge.fml.config.ConfigFileTypeHandler/CONFIG]: Watching TOML config file ./world/serverconfig/forge-server.toml for changes
[22Mar2025 23:14:57.027] [Server thread/DEBUG] [net.minecraftforge.common.ForgeConfig/FORGEMOD]: Loaded forge config file forge-server.toml
[22Mar2025 23:14:57.027] [Server thread/DEBUG] [net.minecraftforge.fml.config.ConfigFileTypeHandler/CONFIG]: Built TOML config for ./world/serverconfig/curios-server.toml
[22Mar2025 23:14:57.027] [Server thread/DEBUG] [net.minecraftforge.fml.config.ConfigFileTypeHandler/CONFIG]: Loaded TOML config file ./world/serverconfig/curios-server.toml
[22Mar2025 23:14:57.027] [Server thread/DEBUG] [net.minecraftforge.fml.config.ConfigFileTypeHandler/CONFIG]: Watching TOML config file ./world/serverconfig/curios-server.toml for changes
[22Mar2025 23:14:57.028] [Server thread/DEBUG] [net.minecraftforge.fml.config.ConfigFileTypeHandler/CONFIG]: Built TOML config for /workspaces/paaapule3/servidor_minecraft/config/tombstone-server.toml
[22Mar2025 23:14:57.029] [Server thread/DEBUG] [net.minecraftforge.fml.config.ConfigFileTypeHandler/CONFIG]: Loaded TOML config file /workspaces/paaapule3/servidor_minecraft/config/tombstone-server.toml
[22Mar2025 23:14:57.029] [Server thread/DEBUG] [net.minecraftforge.fml.config.ConfigFileTypeHandler/CONFIG]: Watching TOML config file /workspaces/paaapule3/servidor_minecraft/config/tombstone-server.toml for changes
[22Mar2025 23:14:57.031] [Server thread/DEBUG] [mixin/]: Mixing accessor.BiomeSpecialEffectsBuilderForgeAccessor from puzzleslib.forge.mixins.json into net.minecraft.world.level.biome.BiomeSpecialEffects$Builder
[22Mar2025 23:14:57.053] [Server thread/DEBUG] [com.github.alexthe666.iceandfire.IceAndFire/]: Added the following features to the biome [terralith:alpha_islands]: 
	- iceandfire:silver_ore
[22Mar2025 23:14:57.055] [Server thread/DEBUG] [com.github.alexthe666.iceandfire.IceAndFire/]: Added the following features to the biome [terralith:alpha_islands_winter]: 
	- iceandfire:frost_lily
	- iceandfire:silver_ore
	- iceandfire:sapphire_ore
	- iceandfire:ice_dragon_roost
	- iceandfire:ice_dragon_cave
	- iceandfire:spawn_dragon_skeleton_ice
[22Mar2025 23:14:57.059] [Server thread/DEBUG] [com.github.alexthe666.iceandfire.IceAndFire/]: Added the following features to the biome [terralith:alpine_grove]: 
	- iceandfire:frost_lily
	- iceandfire:silver_ore
	- iceandfire:sapphire_ore
	- iceandfire:ice_dragon_roost
	- iceandfire:ice_dragon_cave
	- iceandfire:spawn_dragon_skeleton_ice
[22Mar2025 23:14:57.061] [Server thread/DEBUG] [com.github.alexthe666.iceandfire.IceAndFire/]: Added the following features to the biome [terralith:alpine_highlands]: 
	- iceandfire:silver_ore
	- iceandfire:ice_dragon_roost
	- iceandfire:ice_dragon_cave
	- iceandfire:spawn_wandering_cyclops
[22Mar2025 23:14:57.063] [Server thread/DEBUG] [com.github.alexthe666.iceandfire.IceAndFire/]: Added the following features to the biome [terralith:amethyst_canyon]: 
	- iceandfire:fire_lily
	- iceandfire:silver_ore
	- iceandfire:lightning_dragon_roost
	- iceandfire:lightning_dragon_cave
	- iceandfire:myrmex_hive_jungle
[22Mar2025 23:14:57.065] [Server thread/DEBUG] [com.github.alexthe666.iceandfire.IceAndFire/]: Added the following features to the biome [terralith:amethyst_rainforest]: 
	- iceandfire:fire_lily
	- iceandfire:silver_ore
	- iceandfire:lightning_dragon_roost
	- iceandfire:lightning_dragon_cave
	- iceandfire:myrmex_hive_jungle
[22Mar2025 23:14:57.067] [Server thread/DEBUG] [com.github.alexthe666.iceandfire.IceAndFire/]: Added the following features to the biome [terralith:ancient_sands]: 
	- iceandfire:fire_lily
	- iceandfire:silver_ore
	- iceandfire:fire_dragon_roost
	- iceandfire:fire_dragon_cave
	- iceandfire:myrmex_hive_desert
	- iceandfire:spawn_death_worm
	- iceandfire:spawn_dragon_skeleton_fire
[22Mar2025 23:14:57.069] [Server thread/DEBUG] [com.github.alexthe666.iceandfire.IceAndFire/]: Added the following features to the biome [terralith:arid_highlands]: 
	- iceandfire:fire_lily
	- iceandfire:silver_ore
	- iceandfire:fire_dragon_roost
	- iceandfire:fire_dragon_cave
[22Mar2025 23:14:57.072] [Server thread/DEBUG] [com.github.alexthe666.iceandfire.IceAndFire/]: Added the following features to the biome [terralith:ashen_savanna]: 
	- iceandfire:fire_lily
	- iceandfire:silver_ore
	- iceandfire:fire_dragon_roost
	- iceandfire:lightning_dragon_roost
	- iceandfire:fire_dragon_cave
	- iceandfire:lightning_dragon_cave
[22Mar2025 23:14:57.075] [Server thread/DEBUG] [com.github.alexthe666.iceandfire.IceAndFire/]: Added the following features to the biome [minecraft:badlands]: 
	- iceandfire:silver_ore
	- iceandfire:lightning_dragon_roost
	- iceandfire:lightning_dragon_cave
[22Mar2025 23:14:57.076] [Server thread/DEBUG] [com.github.alexthe666.iceandfire.IceAndFire/]: Added the following features to the biome [minecraft:bamboo_jungle]: 
	- iceandfire:fire_lily
	- iceandfire:silver_ore
	- iceandfire:lightning_dragon_roost
	- iceandfire:lightning_dragon_cave
	- iceandfire:myrmex_hive_jungle
[22Mar2025 23:14:57.077] [Server thread/DEBUG] [com.github.alexthe666.iceandfire.IceAndFire/]: Added the following features to the biome [terralith:basalt_cliffs]: 
	- iceandfire:fire_lily
	- iceandfire:silver_ore
	- iceandfire:fire_dragon_roost
	- iceandfire:fire_dragon_cave
[22Mar2025 23:14:57.079] [Server thread/DEBUG] [com.github.alexthe666.iceandfire.IceAndFire/]: Added the following features to the biome [minecraft:beach]: 
	- iceandfire:silver_ore
	- iceandfire:cyclops_cave
[22Mar2025 23:14:57.081] [Server thread/DEBUG] [com.github.alexthe666.iceandfire.IceAndFire/]: Added the following features to the biome [minecraft:birch_forest]: 
	- iceandfire:silver_ore
[22Mar2025 23:14:57.086] [Server thread/DEBUG] [com.github.alexthe666.iceandfire.IceAndFire/]: Added the following features to the biome [terralith:birch_taiga]: 
	- iceandfire:silver_ore
	- iceandfire:ice_dragon_roost
	- iceandfire:ice_dragon_cave
[22Mar2025 23:14:57.088] [Server thread/DEBUG] [com.github.alexthe666.iceandfire.IceAndFire/]: Added the following features to the biome [terralith:blooming_plateau]: 
	- iceandfire:silver_ore
[22Mar2025 23:14:57.089] [Server thread/DEBUG] [com.github.alexthe666.iceandfire.IceAndFire/]: Added the following features to the biome [terralith:blooming_valley]: 
	- iceandfire:silver_ore
[22Mar2025 23:14:57.090] [Server thread/DEBUG] [com.github.alexthe666.iceandfire.IceAndFire/]: Added the following features to the biome [terralith:brushland]: 
	- iceandfire:fire_lily
	- iceandfire:silver_ore
	- iceandfire:fire_dragon_roost
	- iceandfire:fire_dragon_cave
[22Mar2025 23:14:57.091] [Server thread/DEBUG] [com.github.alexthe666.iceandfire.IceAndFire/]: Added the following features to the biome [terralith:bryce_canyon]: 
	- iceandfire:fire_lily
	- iceandfire:silver_ore
	- iceandfire:lightning_dragon_roost
	- iceandfire:lightning_dragon_cave
[22Mar2025 23:14:57.093] [Server thread/DEBUG] [com.github.alexthe666.iceandfire.IceAndFire/]: Added the following features to the biome [terralith:caldera]: 
	- iceandfire:silver_ore
	- iceandfire:ice_dragon_roost
	- iceandfire:ice_dragon_cave
[22Mar2025 23:14:57.094] [Server thread/DEBUG] [com.github.alexthe666.iceandfire.IceAndFire/]: Added the following features to the biome [terralith:cave/andesite_caves]: 
	- iceandfire:silver_ore
[22Mar2025 23:14:57.095] [Server thread/DEBUG] [com.github.alexthe666.iceandfire.IceAndFire/]: Added the following features to the biome [terralith:cave/crystal_caves]: 
	- iceandfire:silver_ore
[22Mar2025 23:14:57.096] [Server thread/DEBUG] [com.github.alexthe666.iceandfire.IceAndFire/]: Added the following features to the biome [terralith:cave/deep_caves]: 
	- iceandfire:silver_ore
[22Mar2025 23:14:57.096] [Server thread/DEBUG] [com.github.alexthe666.iceandfire.IceAndFire/]: Added the following features to the biome [terralith:cave/desert_caves]: 
	- iceandfire:fire_lily
	- iceandfire:silver_ore
	- iceandfire:fire_dragon_roost
	- iceandfire:fire_dragon_cave
[22Mar2025 23:14:57.097] [Server thread/DEBUG] [com.github.alexthe666.iceandfire.IceAndFire/]: Added the following features to the biome [terralith:cave/diorite_caves]: 
	- iceandfire:silver_ore
[22Mar2025 23:14:57.097] [Server thread/DEBUG] [com.github.alexthe666.iceandfire.IceAndFire/]: Added the following features to the biome [terralith:cave/frostfire_caves]: 
	- iceandfire:fire_lily
	- iceandfire:silver_ore
	- iceandfire:fire_dragon_roost
	- iceandfire:ice_dragon_roost
	- iceandfire:fire_dragon_cave
	- iceandfire:ice_dragon_cave
[22Mar2025 23:14:57.098] [Server thread/DEBUG] [com.github.alexthe666.iceandfire.IceAndFire/]: Added the following features to the biome [terralith:cave/fungal_caves]: 
	- iceandfire:silver_ore
[22Mar2025 23:14:57.098] [Server thread/DEBUG] [com.github.alexthe666.iceandfire.IceAndFire/]: Added the following features to the biome [terralith:cave/granite_caves]: 
	- iceandfire:silver_ore
[22Mar2025 23:14:57.099] [Server thread/DEBUG] [com.github.alexthe666.iceandfire.IceAndFire/]: Added the following features to the biome [terralith:cave/ice_caves]: 
	- iceandfire:silver_ore
	- iceandfire:ice_dragon_roost
	- iceandfire:ice_dragon_cave
[22Mar2025 23:14:57.099] [Server thread/DEBUG] [com.github.alexthe666.iceandfire.IceAndFire/]: Added the following features to the biome [terralith:cave/infested_caves]: 
	- iceandfire:silver_ore
[22Mar2025 23:14:57.100] [Server thread/DEBUG] [com.github.alexthe666.iceandfire.IceAndFire/]: Added the following features to the biome [terralith:cave/mantle_caves]: 
	- iceandfire:fire_lily
	- iceandfire:silver_ore
	- iceandfire:fire_dragon_roost
	- iceandfire:fire_dragon_cave
[22Mar2025 23:14:57.100] [Server thread/DEBUG] [com.github.alexthe666.iceandfire.IceAndFire/]: Added the following features to the biome [terralith:cave/thermal_caves]: 
	- iceandfire:fire_lily
	- iceandfire:silver_ore
	- iceandfire:fire_dragon_roost
	- iceandfire:fire_dragon_cave
[22Mar2025 23:14:57.100] [Server thread/DEBUG] [com.github.alexthe666.iceandfire.IceAndFire/]: Added the following features to the biome [terralith:cave/tuff_caves]: 
	- iceandfire:silver_ore
[22Mar2025 23:14:57.101] [Server thread/DEBUG] [com.github.alexthe666.iceandfire.IceAndFire/]: Added the following features to the biome [terralith:cave/underground_jungle]: 
	- iceandfire:fire_lily
	- iceandfire:silver_ore
	- iceandfire:fire_dragon_roost
	- iceandfire:fire_dragon_cave
[22Mar2025 23:14:57.101] [Server thread/DEBUG] [com.github.alexthe666.iceandfire.IceAndFire/]: Added the following features to the biome [minecraft:cherry_grove]: 
	- iceandfire:silver_ore
[22Mar2025 23:14:57.102] [Server thread/DEBUG] [com.github.alexthe666.iceandfire.IceAndFire/]: Added the following features to the biome [terralith:cloud_forest]: 
	- iceandfire:silver_ore
	- iceandfire:ice_dragon_roost
	- iceandfire:ice_dragon_cave
[22Mar2025 23:14:57.103] [Server thread/DEBUG] [com.github.alexthe666.iceandfire.IceAndFire/]: Added the following features to the biome [minecraft:cold_ocean]: 
	- iceandfire:silver_ore
	- iceandfire:ice_dragon_roost
	- iceandfire:ice_dragon_cave
	- iceandfire:siren_island
	- iceandfire:spawn_hippocampus
	- iceandfire:spawn_sea_serpent
[22Mar2025 23:14:57.103] [Server thread/DEBUG] [com.github.alexthe666.iceandfire.IceAndFire/]: Added the following features to the biome [terralith:cold_shrubland]: 
	- iceandfire:frost_lily
	- iceandfire:silver_ore
	- iceandfire:sapphire_ore
	- iceandfire:ice_dragon_roost
	- iceandfire:ice_dragon_cave
	- iceandfire:spawn_dragon_skeleton_ice
[22Mar2025 23:14:57.104] [Server thread/DEBUG] [com.github.alexthe666.iceandfire.IceAndFire/]: Added the following features to the biome [minecraft:dark_forest]: 
	- iceandfire:silver_ore
	- iceandfire:pixie_village
[22Mar2025 23:14:57.105] [Server thread/DEBUG] [com.github.alexthe666.iceandfire.IceAndFire/]: Added the following features to the biome [minecraft:deep_cold_ocean]: 
	- iceandfire:silver_ore
	- iceandfire:ice_dragon_roost
	- iceandfire:ice_dragon_cave
	- iceandfire:siren_island
	- iceandfire:spawn_hippocampus
	- iceandfire:spawn_sea_serpent
[22Mar2025 23:14:57.105] [Server thread/DEBUG] [com.github.alexthe666.iceandfire.IceAndFire/]: Added the following features to the biome [minecraft:deep_dark]: 
	- iceandfire:silver_ore
[22Mar2025 23:14:57.106] [Server thread/DEBUG] [com.github.alexthe666.iceandfire.IceAndFire/]: Added the following features to the biome [minecraft:deep_frozen_ocean]: 
	- iceandfire:silver_ore
	- iceandfire:ice_dragon_roost
	- iceandfire:ice_dragon_cave
	- iceandfire:siren_island
	- iceandfire:spawn_hippocampus
	- iceandfire:spawn_sea_serpent
[22Mar2025 23:14:57.106] [Server thread/DEBUG] [com.github.alexthe666.iceandfire.IceAndFire/]: Added the following features to the biome [minecraft:deep_lukewarm_ocean]: 
	- iceandfire:silver_ore
	- iceandfire:siren_island
	- iceandfire:spawn_hippocampus
	- iceandfire:spawn_sea_serpent
[22Mar2025 23:14:57.107] [Server thread/DEBUG] [com.github.alexthe666.iceandfire.IceAndFire/]: Added the following features to the biome [minecraft:deep_ocean]: 
	- iceandfire:silver_ore
	- iceandfire:siren_island
	- iceandfire:spawn_hippocampus
	- iceandfire:spawn_sea_serpent
[22Mar2025 23:14:57.107] [Server thread/DEBUG] [com.github.alexthe666.iceandfire.IceAndFire/]: Added the following features to the biome [minecraft:desert]: 
	- iceandfire:fire_lily
	- iceandfire:silver_ore
	- iceandfire:fire_dragon_roost
	- iceandfire:fire_dragon_cave
	- iceandfire:myrmex_hive_desert
	- iceandfire:spawn_death_worm
	- iceandfire:spawn_dragon_skeleton_fire
[22Mar2025 23:14:57.108] [Server thread/DEBUG] [com.github.alexthe666.iceandfire.IceAndFire/]: Added the following features to the biome [terralith:desert_canyon]: 
	- iceandfire:fire_lily
	- iceandfire:silver_ore
	- iceandfire:fire_dragon_roost
	- iceandfire:fire_dragon_cave
	- iceandfire:myrmex_hive_desert
	- iceandfire:spawn_death_worm
	- iceandfire:spawn_dragon_skeleton_fire
[22Mar2025 23:14:57.108] [Server thread/DEBUG] [com.github.alexthe666.iceandfire.IceAndFire/]: Added the following features to the biome [terralith:desert_oasis]: 
	- iceandfire:fire_lily
	- iceandfire:silver_ore
	- iceandfire:fire_dragon_roost
	- iceandfire:fire_dragon_cave
	- iceandfire:myrmex_hive_desert
	- iceandfire:spawn_death_worm
	- iceandfire:spawn_dragon_skeleton_fire
[22Mar2025 23:14:57.109] [Server thread/DEBUG] [com.github.alexthe666.iceandfire.IceAndFire/]: Added the following features to the biome [terralith:desert_spires]: 
	- iceandfire:fire_lily
	- iceandfire:silver_ore
	- iceandfire:fire_dragon_roost
	- iceandfire:fire_dragon_cave
	- iceandfire:myrmex_hive_desert
	- iceandfire:spawn_death_worm
	- iceandfire:spawn_dragon_skeleton_fire
[22Mar2025 23:14:57.109] [Server thread/DEBUG] [com.github.alexthe666.iceandfire.IceAndFire/]: Added the following features to the biome [minecraft:dripstone_caves]: 
	- iceandfire:silver_ore
[22Mar2025 23:14:57.110] [Server thread/DEBUG] [com.github.alexthe666.iceandfire.IceAndFire/]: Added the following features to the biome [terralith:emerald_peaks]: 
	- iceandfire:frost_lily
	- iceandfire:silver_ore
	- iceandfire:sapphire_ore
	- iceandfire:ice_dragon_roost
	- iceandfire:ice_dragon_cave
	- iceandfire:spawn_dragon_skeleton_ice
[22Mar2025 23:14:57.112] [Server thread/DEBUG] [com.github.alexthe666.iceandfire.IceAndFire/]: Added the following features to the biome [minecraft:eroded_badlands]: 
	- iceandfire:fire_lily
	- iceandfire:silver_ore
	- iceandfire:lightning_dragon_roost
	- iceandfire:lightning_dragon_cave
[22Mar2025 23:14:57.112] [Server thread/DEBUG] [com.github.alexthe666.iceandfire.IceAndFire/]: Added the following features to the biome [minecraft:flower_forest]: 
	- iceandfire:silver_ore
[22Mar2025 23:14:57.113] [Server thread/DEBUG] [com.github.alexthe666.iceandfire.IceAndFire/]: Added the following features to the biome [minecraft:forest]: 
	- iceandfire:silver_ore
[22Mar2025 23:14:57.113] [Server thread/DEBUG] [com.github.alexthe666.iceandfire.IceAndFire/]: Added the following features to the biome [terralith:forested_highlands]: 
	- iceandfire:silver_ore
	- iceandfire:ice_dragon_roost
	- iceandfire:ice_dragon_cave
[22Mar2025 23:14:57.114] [Server thread/DEBUG] [com.github.alexthe666.iceandfire.IceAndFire/]: Added the following features to the biome [terralith:fractured_savanna]: 
	- iceandfire:fire_lily
	- iceandfire:lightning_lily
	- iceandfire:silver_ore
	- iceandfire:lightning_dragon_roost
	- iceandfire:lightning_dragon_cave
	- iceandfire:spawn_dragon_skeleton_lightning
[22Mar2025 23:14:57.115] [Server thread/DEBUG] [com.github.alexthe666.iceandfire.IceAndFire/]: Added the following features to the biome [terralith:frozen_cliffs]: 
	- iceandfire:silver_ore
	- iceandfire:ice_dragon_roost
	- iceandfire:ice_dragon_cave
[22Mar2025 23:14:57.115] [Server thread/DEBUG] [com.github.alexthe666.iceandfire.IceAndFire/]: Added the following features to the biome [minecraft:frozen_ocean]: 
	- iceandfire:frost_lily
	- iceandfire:silver_ore
	- iceandfire:sapphire_ore
	- iceandfire:ice_dragon_roost
	- iceandfire:ice_dragon_cave
	- iceandfire:siren_island
	- iceandfire:spawn_dragon_skeleton_ice
	- iceandfire:spawn_hippocampus
	- iceandfire:spawn_sea_serpent
[22Mar2025 23:14:57.116] [Server thread/DEBUG] [com.github.alexthe666.iceandfire.IceAndFire/]: Added the following features to the biome [minecraft:frozen_peaks]: 
	- iceandfire:frost_lily
	- iceandfire:silver_ore
	- iceandfire:sapphire_ore
	- iceandfire:ice_dragon_roost
	- iceandfire:ice_dragon_cave
	- iceandfire:spawn_dragon_skeleton_ice
[22Mar2025 23:14:57.116] [Server thread/DEBUG] [com.github.alexthe666.iceandfire.IceAndFire/]: Added the following features to the biome [minecraft:frozen_river]: 
	- iceandfire:frost_lily
	- iceandfire:silver_ore
	- iceandfire:sapphire_ore
	- iceandfire:ice_dragon_roost
	- iceandfire:ice_dragon_cave
	- iceandfire:spawn_dragon_skeleton_ice
[22Mar2025 23:14:57.117] [Server thread/DEBUG] [com.github.alexthe666.iceandfire.IceAndFire/]: Added the following features to the biome [terralith:glacial_chasm]: 
	- iceandfire:silver_ore
	- iceandfire:ice_dragon_roost
	- iceandfire:ice_dragon_cave
[22Mar2025 23:14:57.117] [Server thread/DEBUG] [com.github.alexthe666.iceandfire.IceAndFire/]: Added the following features to the biome [terralith:granite_cliffs]: 
	- iceandfire:fire_lily
	- iceandfire:silver_ore
	- iceandfire:fire_dragon_roost
	- iceandfire:fire_dragon_cave
[22Mar2025 23:14:57.118] [Server thread/DEBUG] [com.github.alexthe666.iceandfire.IceAndFire/]: Added the following features to the biome [terralith:gravel_beach]: 
	- iceandfire:silver_ore
	- iceandfire:cyclops_cave
[22Mar2025 23:14:57.118] [Server thread/DEBUG] [com.github.alexthe666.iceandfire.IceAndFire/]: Added the following features to the biome [terralith:gravel_desert]: 
	- iceandfire:frost_lily
	- iceandfire:silver_ore
	- iceandfire:sapphire_ore
	- iceandfire:ice_dragon_roost
	- iceandfire:ice_dragon_cave
	- iceandfire:spawn_dragon_skeleton_ice
[22Mar2025 23:14:57.119] [Server thread/DEBUG] [com.github.alexthe666.iceandfire.IceAndFire/]: Added the following features to the biome [minecraft:grove]: 
	- iceandfire:frost_lily
	- iceandfire:silver_ore
	- iceandfire:sapphire_ore
	- iceandfire:ice_dragon_roost
	- iceandfire:ice_dragon_cave
	- iceandfire:spawn_dragon_skeleton_ice
[22Mar2025 23:14:57.119] [Server thread/DEBUG] [com.github.alexthe666.iceandfire.IceAndFire/]: Added the following features to the biome [terralith:haze_mountain]: 
	- iceandfire:silver_ore
	- iceandfire:ice_dragon_roost
	- iceandfire:ice_dragon_cave
[22Mar2025 23:14:57.120] [Server thread/DEBUG] [com.github.alexthe666.iceandfire.IceAndFire/]: Added the following features to the biome [terralith:highlands]: 
	- iceandfire:silver_ore
	- iceandfire:ice_dragon_roost
	- iceandfire:ice_dragon_cave
	- iceandfire:spawn_wandering_cyclops
[22Mar2025 23:14:57.120] [Server thread/DEBUG] [com.github.alexthe666.iceandfire.IceAndFire/]: Added the following features to the biome [terralith:hot_shrubland]: 
	- iceandfire:fire_lily
	- iceandfire:silver_ore
	- iceandfire:fire_dragon_roost
	- iceandfire:fire_dragon_cave
[22Mar2025 23:14:57.121] [Server thread/DEBUG] [com.github.alexthe666.iceandfire.IceAndFire/]: Added the following features to the biome [terralith:ice_marsh]: 
	- iceandfire:silver_ore
	- iceandfire:ice_dragon_roost
	- iceandfire:ice_dragon_cave
	- iceandfire:hydra_cave
	- iceandfire:spawn_stymphalian_bird
[22Mar2025 23:14:57.121] [Server thread/DEBUG] [com.github.alexthe666.iceandfire.IceAndFire/]: Added the following features to the biome [minecraft:ice_spikes]: 
	- iceandfire:frost_lily
	- iceandfire:silver_ore
	- iceandfire:sapphire_ore
	- iceandfire:ice_dragon_roost
	- iceandfire:ice_dragon_cave
	- iceandfire:spawn_dragon_skeleton_ice
[22Mar2025 23:14:57.122] [Server thread/DEBUG] [com.github.alexthe666.iceandfire.IceAndFire/]: Added the following features to the biome [minecraft:jagged_peaks]: 
	- iceandfire:frost_lily
	- iceandfire:silver_ore
	- iceandfire:sapphire_ore
	- iceandfire:ice_dragon_roost
	- iceandfire:ice_dragon_cave
	- iceandfire:spawn_dragon_skeleton_ice
[22Mar2025 23:14:57.122] [Server thread/DEBUG] [com.github.alexthe666.iceandfire.IceAndFire/]: Added the following features to the biome [minecraft:jungle]: 
	- iceandfire:fire_lily
	- iceandfire:silver_ore
	- iceandfire:lightning_dragon_roost
	- iceandfire:lightning_dragon_cave
	- iceandfire:myrmex_hive_jungle
[22Mar2025 23:14:57.123] [Server thread/DEBUG] [com.github.alexthe666.iceandfire.IceAndFire/]: Added the following features to the biome [terralith:jungle_mountains]: 
	- iceandfire:fire_lily
	- iceandfire:silver_ore
	- iceandfire:lightning_dragon_roost
	- iceandfire:lightning_dragon_cave
	- iceandfire:myrmex_hive_jungle
[22Mar2025 23:14:57.124] [Server thread/DEBUG] [com.github.alexthe666.iceandfire.IceAndFire/]: Added the following features to the biome [terralith:lavender_forest]: 
	- iceandfire:silver_ore
[22Mar2025 23:14:57.125] [Server thread/DEBUG] [com.github.alexthe666.iceandfire.IceAndFire/]: Added the following features to the biome [terralith:lavender_valley]: 
	- iceandfire:silver_ore
[22Mar2025 23:14:57.126] [Server thread/DEBUG] [com.github.alexthe666.iceandfire.IceAndFire/]: Added the following features to the biome [minecraft:lukewarm_ocean]: 
	- iceandfire:silver_ore
	- iceandfire:siren_island
	- iceandfire:spawn_hippocampus
	- iceandfire:spawn_sea_serpent
[22Mar2025 23:14:57.126] [Server thread/DEBUG] [com.github.alexthe666.iceandfire.IceAndFire/]: Added the following features to the biome [minecraft:lush_caves]: 
	- iceandfire:silver_ore
[22Mar2025 23:14:57.127] [Server thread/DEBUG] [com.github.alexthe666.iceandfire.IceAndFire/]: Added the following features to the biome [terralith:lush_desert]: 
	- iceandfire:fire_lily
	- iceandfire:silver_ore
	- iceandfire:fire_dragon_roost
	- iceandfire:fire_dragon_cave
	- iceandfire:myrmex_hive_desert
	- iceandfire:spawn_death_worm
	- iceandfire:spawn_dragon_skeleton_fire
[22Mar2025 23:14:57.128] [Server thread/DEBUG] [com.github.alexthe666.iceandfire.IceAndFire/]: Added the following features to the biome [terralith:lush_valley]: 
	- iceandfire:silver_ore
[22Mar2025 23:14:57.128] [Server thread/DEBUG] [com.github.alexthe666.iceandfire.IceAndFire/]: Added the following features to the biome [minecraft:mangrove_swamp]: 
	- iceandfire:fire_lily
	- iceandfire:silver_ore
	- iceandfire:fire_dragon_roost
	- iceandfire:fire_dragon_cave
	- iceandfire:hydra_cave
	- iceandfire:spawn_stymphalian_bird
[22Mar2025 23:14:57.129] [Server thread/DEBUG] [com.github.alexthe666.iceandfire.IceAndFire/]: Added the following features to the biome [minecraft:meadow]: 
	- iceandfire:silver_ore
	- iceandfire:fire_dragon_roost
	- iceandfire:fire_dragon_cave
	- iceandfire:spawn_wandering_cyclops
[22Mar2025 23:14:57.129] [Server thread/DEBUG] [com.github.alexthe666.iceandfire.IceAndFire/]: Added the following features to the biome [terralith:mirage_isles]: 
	- iceandfire:silver_ore
	- iceandfire:pixie_village
[22Mar2025 23:14:57.130] [Server thread/DEBUG] [com.github.alexthe666.iceandfire.IceAndFire/]: Added the following features to the biome [terralith:moonlight_grove]: 
	- iceandfire:silver_ore
[22Mar2025 23:14:57.130] [Server thread/DEBUG] [com.github.alexthe666.iceandfire.IceAndFire/]: Added the following features to the biome [terralith:moonlight_valley]: 
	- iceandfire:silver_ore
[22Mar2025 23:14:57.131] [Server thread/DEBUG] [com.github.alexthe666.iceandfire.IceAndFire/]: Added the following features to the biome [terralith:mountain_steppe]: 
	- iceandfire:silver_ore
[22Mar2025 23:14:57.131] [Server thread/DEBUG] [com.github.alexthe666.iceandfire.IceAndFire/]: Added the following features to the biome [minecraft:mushroom_fields]: 
	- iceandfire:silver_ore
[22Mar2025 23:14:57.132] [Server thread/DEBUG] [com.github.alexthe666.iceandfire.IceAndFire/]: Added the following features to the biome [minecraft:ocean]: 
	- iceandfire:silver_ore
	- iceandfire:siren_island
	- iceandfire:spawn_hippocampus
	- iceandfire:spawn_sea_serpent
[22Mar2025 23:14:57.134] [Server thread/DEBUG] [com.github.alexthe666.iceandfire.IceAndFire/]: Added the following features to the biome [minecraft:old_growth_birch_forest]: 
	- iceandfire:silver_ore
	- iceandfire:pixie_village
[22Mar2025 23:14:57.135] [Server thread/DEBUG] [com.github.alexthe666.iceandfire.IceAndFire/]: Added the following features to the biome [minecraft:old_growth_pine_taiga]: 
	- iceandfire:silver_ore
	- iceandfire:ice_dragon_roost
	- iceandfire:ice_dragon_cave
[22Mar2025 23:14:57.136] [Server thread/DEBUG] [com.github.alexthe666.iceandfire.IceAndFire/]: Added the following features to the biome [minecraft:old_growth_spruce_taiga]: 
	- iceandfire:silver_ore
[22Mar2025 23:14:57.136] [Server thread/DEBUG] [com.github.alexthe666.iceandfire.IceAndFire/]: Added the following features to the biome [terralith:orchid_swamp]: 
	- iceandfire:fire_lily
	- iceandfire:silver_ore
	- iceandfire:fire_dragon_roost
	- iceandfire:fire_dragon_cave
	- iceandfire:hydra_cave
	- iceandfire:spawn_stymphalian_bird
[22Mar2025 23:14:57.137] [Server thread/DEBUG] [com.github.alexthe666.iceandfire.IceAndFire/]: Added the following features to the biome [terralith:painted_mountains]: 
	- iceandfire:fire_lily
	- iceandfire:silver_ore
	- iceandfire:lightning_dragon_roost
	- iceandfire:lightning_dragon_cave
[22Mar2025 23:14:57.138] [Server thread/DEBUG] [com.github.alexthe666.iceandfire.IceAndFire/]: Added the following features to the biome [minecraft:plains]: 
	- iceandfire:silver_ore
	- iceandfire:fire_dragon_roost
	- iceandfire:fire_dragon_cave
	- iceandfire:spawn_wandering_cyclops
[22Mar2025 23:14:57.139] [Server thread/DEBUG] [com.github.alexthe666.iceandfire.IceAndFire/]: Added the following features to the biome [terralith:red_oasis]: 
	- iceandfire:fire_lily
	- iceandfire:silver_ore
	- iceandfire:fire_dragon_roost
	- iceandfire:fire_dragon_cave
[22Mar2025 23:14:57.139] [Server thread/DEBUG] [com.github.alexthe666.iceandfire.IceAndFire/]: Added the following features to the biome [minecraft:river]: 
	- iceandfire:silver_ore
[22Mar2025 23:14:57.139] [Server thread/DEBUG] [com.github.alexthe666.iceandfire.IceAndFire/]: Added the following features to the biome [terralith:rocky_jungle]: 
	- iceandfire:fire_lily
	- iceandfire:silver_ore
	- iceandfire:lightning_dragon_roost
	- iceandfire:lightning_dragon_cave
	- iceandfire:myrmex_hive_jungle
[22Mar2025 23:14:57.140] [Server thread/DEBUG] [com.github.alexthe666.iceandfire.IceAndFire/]: Added the following features to the biome [terralith:rocky_mountains]: 
	- iceandfire:frost_lily
	- iceandfire:silver_ore
	- iceandfire:sapphire_ore
	- iceandfire:ice_dragon_roost
	- iceandfire:ice_dragon_cave
	- iceandfire:spawn_dragon_skeleton_ice
[22Mar2025 23:14:57.140] [Server thread/DEBUG] [com.github.alexthe666.iceandfire.IceAndFire/]: Added the following features to the biome [terralith:rocky_shrubland]: 
	- iceandfire:frost_lily
	- iceandfire:silver_ore
	- iceandfire:sapphire_ore
	- iceandfire:ice_dragon_roost
	- iceandfire:ice_dragon_cave
	- iceandfire:spawn_wandering_cyclops
	- iceandfire:spawn_dragon_skeleton_ice
[22Mar2025 23:14:57.141] [Server thread/DEBUG] [com.github.alexthe666.iceandfire.IceAndFire/]: Added the following features to the biome [terralith:sakura_grove]: 
	- iceandfire:silver_ore
[22Mar2025 23:14:57.141] [Server thread/DEBUG] [com.github.alexthe666.iceandfire.IceAndFire/]: Added the following features to the biome [terralith:sakura_valley]: 
	- iceandfire:silver_ore
[22Mar2025 23:14:57.142] [Server thread/DEBUG] [com.github.alexthe666.iceandfire.IceAndFire/]: Added the following features to the biome [terralith:sandstone_valley]: 
	- iceandfire:fire_lily
	- iceandfire:silver_ore
	- iceandfire:fire_dragon_roost
	- iceandfire:fire_dragon_cave
	- iceandfire:myrmex_hive_desert
	- iceandfire:spawn_death_worm
	- iceandfire:spawn_dragon_skeleton_fire
[22Mar2025 23:14:57.142] [Server thread/DEBUG] [com.github.alexthe666.iceandfire.IceAndFire/]: Added the following features to the biome [minecraft:savanna]: 
	- iceandfire:fire_lily
	- iceandfire:lightning_lily
	- iceandfire:silver_ore
	- iceandfire:lightning_dragon_roost
	- iceandfire:lightning_dragon_cave
	- iceandfire:spawn_dragon_skeleton_lightning
[22Mar2025 23:14:57.143] [Server thread/DEBUG] [com.github.alexthe666.iceandfire.IceAndFire/]: Added the following features to the biome [terralith:savanna_badlands]: 
	- iceandfire:fire_lily
	- iceandfire:lightning_lily
	- iceandfire:silver_ore
	- iceandfire:lightning_dragon_roost
	- iceandfire:lightning_dragon_cave
	- iceandfire:spawn_dragon_skeleton_lightning
[22Mar2025 23:14:57.143] [Server thread/DEBUG] [com.github.alexthe666.iceandfire.IceAndFire/]: Added the following features to the biome [minecraft:savanna_plateau]: 
	- iceandfire:fire_lily
	- iceandfire:lightning_lily
	- iceandfire:silver_ore
	- iceandfire:lightning_dragon_roost
	- iceandfire:lightning_dragon_cave
	- iceandfire:spawn_dragon_skeleton_lightning
[22Mar2025 23:14:57.144] [Server thread/DEBUG] [com.github.alexthe666.iceandfire.IceAndFire/]: Added the following features to the biome [terralith:savanna_slopes]: 
	- iceandfire:fire_lily
	- iceandfire:lightning_lily
	- iceandfire:silver_ore
	- iceandfire:lightning_dragon_roost
	- iceandfire:lightning_dragon_cave
	- iceandfire:spawn_dragon_skeleton_lightning
[22Mar2025 23:14:57.144] [Server thread/DEBUG] [com.github.alexthe666.iceandfire.IceAndFire/]: Added the following features to the biome [terralith:scarlet_mountains]: 
	- iceandfire:silver_ore
	- iceandfire:ice_dragon_roost
	- iceandfire:ice_dragon_cave
[22Mar2025 23:14:57.145] [Server thread/DEBUG] [com.github.alexthe666.iceandfire.IceAndFire/]: Added the following features to the biome [terralith:shield]: 
	- iceandfire:silver_ore
	- iceandfire:ice_dragon_roost
	- iceandfire:ice_dragon_cave
[22Mar2025 23:14:57.145] [Server thread/DEBUG] [com.github.alexthe666.iceandfire.IceAndFire/]: Added the following features to the biome [terralith:shield_clearing]: 
	- iceandfire:silver_ore
[22Mar2025 23:14:57.145] [Server thread/DEBUG] [com.github.alexthe666.iceandfire.IceAndFire/]: Added the following features to the biome [terralith:shrubland]: 
	- iceandfire:fire_lily
	- iceandfire:silver_ore
	- iceandfire:fire_dragon_roost
	- iceandfire:fire_dragon_cave
[22Mar2025 23:14:57.146] [Server thread/DEBUG] [com.github.alexthe666.iceandfire.IceAndFire/]: Added the following features to the biome [terralith:siberian_grove]: 
	- iceandfire:frost_lily
	- iceandfire:silver_ore
	- iceandfire:sapphire_ore
	- iceandfire:ice_dragon_roost
	- iceandfire:ice_dragon_cave
	- iceandfire:spawn_dragon_skeleton_ice
[22Mar2025 23:14:57.146] [Server thread/DEBUG] [com.github.alexthe666.iceandfire.IceAndFire/]: Added the following features to the biome [terralith:siberian_taiga]: 
	- iceandfire:silver_ore
	- iceandfire:ice_dragon_roost
	- iceandfire:ice_dragon_cave
	- iceandfire:pixie_village
[22Mar2025 23:14:57.147] [Server thread/DEBUG] [com.github.alexthe666.iceandfire.IceAndFire/]: Added the following features to the biome [terralith:skylands]: 
	- iceandfire:silver_ore
	- iceandfire:pixie_village
[22Mar2025 23:14:57.147] [Server thread/DEBUG] [com.github.alexthe666.iceandfire.IceAndFire/]: Added the following features to the biome [terralith:skylands_autumn]: 
	- iceandfire:silver_ore
[22Mar2025 23:14:57.147] [Server thread/DEBUG] [com.github.alexthe666.iceandfire.IceAndFire/]: Added the following features to the biome [terralith:skylands_spring]: 
	- iceandfire:silver_ore
[22Mar2025 23:14:57.148] [Server thread/DEBUG] [com.github.alexthe666.iceandfire.IceAndFire/]: Added the following features to the biome [terralith:skylands_summer]: 
	- iceandfire:fire_lily
	- iceandfire:silver_ore
	- iceandfire:fire_dragon_roost
	- iceandfire:fire_dragon_cave
[22Mar2025 23:14:57.148] [Server thread/DEBUG] [com.github.alexthe666.iceandfire.IceAndFire/]: Added the following features to the biome [terralith:skylands_winter]: 
	- iceandfire:frost_lily
	- iceandfire:silver_ore
	- iceandfire:sapphire_ore
	- iceandfire:ice_dragon_roost
	- iceandfire:ice_dragon_cave
	- iceandfire:spawn_dragon_skeleton_ice
[22Mar2025 23:14:57.149] [Server thread/DEBUG] [com.github.alexthe666.iceandfire.IceAndFire/]: Added the following features to the biome [terralith:snowy_badlands]: 
	- iceandfire:frost_lily
	- iceandfire:silver_ore
	- iceandfire:sapphire_ore
	- iceandfire:ice_dragon_roost
	- iceandfire:ice_dragon_cave
	- iceandfire:spawn_dragon_skeleton_ice
[22Mar2025 23:14:57.149] [Server thread/DEBUG] [com.github.alexthe666.iceandfire.IceAndFire/]: Added the following features to the biome [minecraft:snowy_beach]: 
	- iceandfire:frost_lily
	- iceandfire:silver_ore
	- iceandfire:sapphire_ore
	- iceandfire:ice_dragon_roost
	- iceandfire:ice_dragon_cave
	- iceandfire:cyclops_cave
	- iceandfire:spawn_dragon_skeleton_ice
[22Mar2025 23:14:57.150] [Server thread/DEBUG] [com.github.alexthe666.iceandfire.IceAndFire/]: Added the following features to the biome [terralith:snowy_cherry_grove]: 
	- iceandfire:frost_lily
	- iceandfire:silver_ore
	- iceandfire:sapphire_ore
	- iceandfire:ice_dragon_roost
	- iceandfire:ice_dragon_cave
	- iceandfire:spawn_dragon_skeleton_ice
[22Mar2025 23:14:57.150] [Server thread/DEBUG] [com.github.alexthe666.iceandfire.IceAndFire/]: Added the following features to the biome [terralith:snowy_maple_forest]: 
	- iceandfire:frost_lily
	- iceandfire:silver_ore
	- iceandfire:sapphire_ore
	- iceandfire:ice_dragon_roost
	- iceandfire:ice_dragon_cave
	- iceandfire:spawn_dragon_skeleton_ice
[22Mar2025 23:14:57.151] [Server thread/DEBUG] [com.github.alexthe666.iceandfire.IceAndFire/]: Added the following features to the biome [minecraft:snowy_plains]: 
	- iceandfire:frost_lily
	- iceandfire:silver_ore
	- iceandfire:sapphire_ore
	- iceandfire:ice_dragon_roost
	- iceandfire:ice_dragon_cave
	- iceandfire:spawn_wandering_cyclops
	- iceandfire:spawn_dragon_skeleton_ice
[22Mar2025 23:14:57.151] [Server thread/DEBUG] [com.github.alexthe666.iceandfire.IceAndFire/]: Added the following features to the biome [terralith:snowy_shield]: 
	- iceandfire:frost_lily
	- iceandfire:silver_ore
	- iceandfire:sapphire_ore
	- iceandfire:ice_dragon_roost
	- iceandfire:ice_dragon_cave
	- iceandfire:spawn_dragon_skeleton_ice
[22Mar2025 23:14:57.152] [Server thread/DEBUG] [com.github.alexthe666.iceandfire.IceAndFire/]: Added the following features to the biome [minecraft:snowy_slopes]: 
	- iceandfire:frost_lily
	- iceandfire:silver_ore
	- iceandfire:sapphire_ore
	- iceandfire:ice_dragon_roost
	- iceandfire:ice_dragon_cave
	- iceandfire:spawn_dragon_skeleton_ice
[22Mar2025 23:14:57.152] [Server thread/DEBUG] [com.github.alexthe666.iceandfire.IceAndFire/]: Added the following features to the biome [minecraft:snowy_taiga]: 
	- iceandfire:frost_lily
	- iceandfire:silver_ore
	- iceandfire:sapphire_ore
	- iceandfire:ice_dragon_roost
	- iceandfire:ice_dragon_cave
	- iceandfire:spawn_dragon_skeleton_ice
[22Mar2025 23:14:57.153] [Server thread/DEBUG] [com.github.alexthe666.iceandfire.IceAndFire/]: Added the following features to the biome [minecraft:sparse_jungle]: 
	- iceandfire:fire_lily
	- iceandfire:silver_ore
	- iceandfire:lightning_dragon_roost
	- iceandfire:lightning_dragon_cave
	- iceandfire:myrmex_hive_jungle
[22Mar2025 23:14:57.153] [Server thread/DEBUG] [com.github.alexthe666.iceandfire.IceAndFire/]: Added the following features to the biome [terralith:steppe]: 
	- iceandfire:silver_ore
	- iceandfire:fire_dragon_roost
	- iceandfire:fire_dragon_cave
	- iceandfire:spawn_wandering_cyclops
[22Mar2025 23:14:57.153] [Server thread/DEBUG] [com.github.alexthe666.iceandfire.IceAndFire/]: Added the following features to the biome [minecraft:stony_peaks]: 
	- iceandfire:fire_lily
	- iceandfire:silver_ore
	- iceandfire:fire_dragon_roost
	- iceandfire:fire_dragon_cave
[22Mar2025 23:14:57.154] [Server thread/DEBUG] [com.github.alexthe666.iceandfire.IceAndFire/]: Added the following features to the biome [minecraft:stony_shore]: 
	- iceandfire:silver_ore
[22Mar2025 23:14:57.154] [Server thread/DEBUG] [com.github.alexthe666.iceandfire.IceAndFire/]: Added the following features to the biome [terralith:stony_spires]: 
	- iceandfire:silver_ore
[22Mar2025 23:14:57.154] [Server thread/DEBUG] [com.github.alexthe666.iceandfire.IceAndFire/]: Added the following features to the biome [minecraft:sunflower_plains]: 
	- iceandfire:silver_ore
	- iceandfire:fire_dragon_roost
	- iceandfire:fire_dragon_cave
	- iceandfire:spawn_wandering_cyclops
[22Mar2025 23:14:57.155] [Server thread/DEBUG] [com.github.alexthe666.iceandfire.IceAndFire/]: Added the following features to the biome [minecraft:swamp]: 
	- iceandfire:silver_ore
	- iceandfire:hydra_cave
	- iceandfire:spawn_stymphalian_bird
[22Mar2025 23:14:57.155] [Server thread/DEBUG] [com.github.alexthe666.iceandfire.IceAndFire/]: Added the following features to the biome [minecraft:taiga]: 
	- iceandfire:silver_ore
	- iceandfire:ice_dragon_roost
	- iceandfire:ice_dragon_cave
[22Mar2025 23:14:57.156] [Server thread/DEBUG] [com.github.alexthe666.iceandfire.IceAndFire/]: Added the following features to the biome [terralith:temperate_highlands]: 
	- iceandfire:silver_ore
[22Mar2025 23:14:57.160] [Server thread/DEBUG] [com.github.alexthe666.iceandfire.IceAndFire/]: Added the following features to the biome [terralith:tropical_jungle]: 
	- iceandfire:fire_lily
	- iceandfire:silver_ore
	- iceandfire:lightning_dragon_roost
	- iceandfire:lightning_dragon_cave
	- iceandfire:myrmex_hive_jungle
[22Mar2025 23:14:57.161] [Server thread/DEBUG] [com.github.alexthe666.iceandfire.IceAndFire/]: Added the following features to the biome [terralith:valley_clearing]: 
	- iceandfire:silver_ore
[22Mar2025 23:14:57.163] [Server thread/DEBUG] [com.github.alexthe666.iceandfire.IceAndFire/]: Added the following features to the biome [terralith:volcanic_crater]: 
	- iceandfire:fire_lily
	- iceandfire:silver_ore
	- iceandfire:fire_dragon_roost
	- iceandfire:fire_dragon_cave
[22Mar2025 23:14:57.163] [Server thread/DEBUG] [com.github.alexthe666.iceandfire.IceAndFire/]: Added the following features to the biome [terralith:volcanic_peaks]: 
	- iceandfire:fire_lily
	- iceandfire:silver_ore
	- iceandfire:fire_dragon_roost
	- iceandfire:fire_dragon_cave
[22Mar2025 23:14:57.164] [Server thread/DEBUG] [com.github.alexthe666.iceandfire.IceAndFire/]: Added the following features to the biome [minecraft:warm_ocean]: 
	- iceandfire:fire_lily
	- iceandfire:silver_ore
	- iceandfire:fire_dragon_roost
	- iceandfire:fire_dragon_cave
	- iceandfire:siren_island
	- iceandfire:spawn_hippocampus
	- iceandfire:spawn_sea_serpent
[22Mar2025 23:14:57.164] [Server thread/DEBUG] [com.github.alexthe666.iceandfire.IceAndFire/]: Added the following features to the biome [terralith:warm_river]: 
	- iceandfire:fire_lily
	- iceandfire:silver_ore
	- iceandfire:fire_dragon_roost
	- iceandfire:fire_dragon_cave
[22Mar2025 23:14:57.165] [Server thread/DEBUG] [com.github.alexthe666.iceandfire.IceAndFire/]: Added the following features to the biome [terralith:warped_mesa]: 
	- iceandfire:fire_lily
	- iceandfire:silver_ore
	- iceandfire:fire_dragon_roost
	- iceandfire:fire_dragon_cave
[22Mar2025 23:14:57.165] [Server thread/DEBUG] [com.github.alexthe666.iceandfire.IceAndFire/]: Added the following features to the biome [terralith:white_cliffs]: 
	- iceandfire:silver_ore
[22Mar2025 23:14:57.165] [Server thread/DEBUG] [com.github.alexthe666.iceandfire.IceAndFire/]: Added the following features to the biome [terralith:white_mesa]: 
	- iceandfire:fire_lily
	- iceandfire:silver_ore
	- iceandfire:fire_dragon_roost
	- iceandfire:fire_dragon_cave
[22Mar2025 23:14:57.166] [Server thread/DEBUG] [com.github.alexthe666.iceandfire.IceAndFire/]: Added the following features to the biome [minecraft:windswept_forest]: 
	- iceandfire:silver_ore
[22Mar2025 23:14:57.166] [Server thread/DEBUG] [com.github.alexthe666.iceandfire.IceAndFire/]: Added the following features to the biome [minecraft:windswept_gravelly_hills]: 
	- iceandfire:silver_ore
[22Mar2025 23:14:57.167] [Server thread/DEBUG] [com.github.alexthe666.iceandfire.IceAndFire/]: Added the following features to the biome [minecraft:windswept_hills]: 
	- iceandfire:silver_ore
[22Mar2025 23:14:57.167] [Server thread/DEBUG] [com.github.alexthe666.iceandfire.IceAndFire/]: Added the following features to the biome [minecraft:windswept_savanna]: 
	- iceandfire:fire_lily
	- iceandfire:lightning_lily
	- iceandfire:silver_ore
	- iceandfire:lightning_dragon_roost
	- iceandfire:lightning_dragon_cave
	- iceandfire:spawn_dragon_skeleton_lightning
[22Mar2025 23:14:57.167] [Server thread/DEBUG] [com.github.alexthe666.iceandfire.IceAndFire/]: Added the following features to the biome [terralith:windswept_spires]: 
	- iceandfire:silver_ore
[22Mar2025 23:14:57.169] [Server thread/DEBUG] [com.github.alexthe666.iceandfire.IceAndFire/]: Added the following features to the biome [terralith:wintry_forest]: 
	- iceandfire:frost_lily
	- iceandfire:silver_ore
	- iceandfire:sapphire_ore
	- iceandfire:ice_dragon_roost
	- iceandfire:ice_dragon_cave
	- iceandfire:spawn_dragon_skeleton_ice
[22Mar2025 23:14:57.170] [Server thread/DEBUG] [com.github.alexthe666.iceandfire.IceAndFire/]: Added the following features to the biome [terralith:wintry_lowlands]: 
	- iceandfire:frost_lily
	- iceandfire:silver_ore
	- iceandfire:sapphire_ore
	- iceandfire:ice_dragon_roost
	- iceandfire:ice_dragon_cave
	- iceandfire:spawn_dragon_skeleton_ice
[22Mar2025 23:14:57.171] [Server thread/DEBUG] [com.github.alexthe666.iceandfire.IceAndFire/]: Added the following features to the biome [minecraft:wooded_badlands]: 
	- iceandfire:silver_ore
	- iceandfire:lightning_dragon_roost
	- iceandfire:lightning_dragon_cave
[22Mar2025 23:14:57.172] [Server thread/DEBUG] [com.github.alexthe666.iceandfire.IceAndFire/]: Added the following features to the biome [terralith:yellowstone]: 
	- iceandfire:silver_ore
	- iceandfire:ice_dragon_roost
	- iceandfire:ice_dragon_cave
[22Mar2025 23:14:57.172] [Server thread/DEBUG] [com.github.alexthe666.iceandfire.IceAndFire/]: Added the following features to the biome [terralith:yosemite_cliffs]: 
	- iceandfire:silver_ore
[22Mar2025 23:14:57.173] [Server thread/DEBUG] [com.github.alexthe666.iceandfire.IceAndFire/]: Added the following features to the biome [terralith:yosemite_lowlands]: 
	- iceandfire:silver_ore
[22Mar2025 23:14:57.180] [Server thread/INFO] [atomicstryker.dynamiclights.server.modules.PlayerSelfLightSource/]: item config parser identified itemstack 1 torch
[22Mar2025 23:14:57.180] [Server thread/INFO] [atomicstryker.dynamiclights.server.modules.PlayerSelfLightSource/]: item config parser identified itemstack 1 glowstone
[22Mar2025 23:14:57.181] [Server thread/INFO] [atomicstryker.dynamiclights.server.modules.PlayerSelfLightSource/]: item config parser finished, item count: 2
[22Mar2025 23:14:57.181] [Server thread/INFO] [atomicstryker.dynamiclights.server.modules.PlayerSelfLightSource/]: item config parser identified itemstack 1 torch
[22Mar2025 23:14:57.181] [Server thread/INFO] [atomicstryker.dynamiclights.server.modules.PlayerSelfLightSource/]: item config parser finished, item count: 1
[22Mar2025 23:14:57.182] [Server thread/INFO] [atomicstryker.dynamiclights.server.modules.DroppedItemsLightSource/]: item config parser identified itemstack 1 torch
[22Mar2025 23:14:57.182] [Server thread/INFO] [atomicstryker.dynamiclights.server.modules.DroppedItemsLightSource/]: item config parser identified itemstack 1 glowstone
[22Mar2025 23:14:57.182] [Server thread/INFO] [atomicstryker.dynamiclights.server.modules.DroppedItemsLightSource/]: item config parser finished, item count: 2
[22Mar2025 23:14:57.183] [Server thread/INFO] [atomicstryker.dynamiclights.server.modules.DroppedItemsLightSource/]: item config parser identified itemstack 1 torch
[22Mar2025 23:14:57.183] [Server thread/INFO] [atomicstryker.dynamiclights.server.modules.DroppedItemsLightSource/]: item config parser finished, item count: 1
[22Mar2025 23:14:57.198] [Server thread/DEBUG] [SpectreLib/CONFIG]: Loading server configs from ./world/serverconfig on server
[22Mar2025 23:14:57.199] [Server thread/DEBUG] [SpectreLib/CONFIG]: Built TOML config for /workspaces/paaapule3/servidor_minecraft/config/comforts-server.toml
[22Mar2025 23:14:57.199] [Server thread/DEBUG] [SpectreLib/CONFIG]: Loaded TOML config file /workspaces/paaapule3/servidor_minecraft/config/comforts-server.toml
[22Mar2025 23:14:57.204] [Server thread/INFO] [net.minecraft.server.dedicated.DedicatedServer/]: Preparing level "world"
[22Mar2025 23:14:57.205] [Server thread/DEBUG] [mixin/]: Mixing feature.branding.BrandingControlMixin from modernfix-forge.mixins.json into net.minecraftforge.internal.BrandingControl
[22Mar2025 23:14:57.212] [Server thread/DEBUG] [net.minecraftforge.coremod.transformer.CoreModBaseTransformer/COREMOD]: Transforming net/minecraft/world/level/levelgen/PhantomSpawner
[22Mar2025 23:14:57.220] [Server thread/DEBUG] [net.minecraftforge.coremod.transformer.CoreModBaseTransformer/COREMOD]: Transforming net/minecraft/world/level/levelgen/PatrolSpawner
[22Mar2025 23:14:57.224] [Server thread/DEBUG] [net.minecraftforge.coremod.transformer.CoreModBaseTransformer/COREMOD]: Transforming net/minecraft/world/entity/npc/CatSpawner
[22Mar2025 23:14:57.230] [Server thread/DEBUG] [net.minecraftforge.coremod.transformer.CoreModBaseTransformer/COREMOD]: Transforming net/minecraft/world/entity/ai/village/VillageSiege
[22Mar2025 23:14:57.241] [Server thread/DEBUG] [mixin/]: Mixing bugfix.chunk_deadlock.ServerChunkCache_CurrentLoadingMixin from modernfix-forge.mixins.json into net.minecraft.server.level.ServerChunkCache
[22Mar2025 23:14:57.252] [Server thread/DEBUG] [mixin/]: Mixing CustomDeathMessageMixin from takesapillage.mixins.json into net.minecraft.world.damagesource.DamageSources
[22Mar2025 23:14:57.284] [Server thread/DEBUG] [mixin/]: Mixing perf.ticking_chunk_alloc.ChunkHolderMixin from modernfix-common.mixins.json into net.minecraft.server.level.ChunkHolder
[22Mar2025 23:14:57.292] [Server thread/DEBUG] [mixin/]: Mixing bugfix.paper_chunk_patches.ChunkMapMixin from modernfix-common.mixins.json into net.minecraft.server.level.ChunkMap
[22Mar2025 23:14:57.293] [Server thread/DEBUG] [mixin/]: Renaming synthetic method lambda$useLegacySchedulingLogic$1(Lnet/minecraft/world/level/chunk/ChunkStatus;Lnet/minecraft/world/level/ChunkPos;Lnet/minecraft/server/level/ChunkHolder;Lcom/mojang/datafixers/util/Either;)Ljava/util/concurrent/CompletionStage; to md30edc7$lambda$useLegacySchedulingLogic$1$0 in modernfix-common.mixins.json:bugfix.paper_chunk_patches.ChunkMapMixin
[22Mar2025 23:14:57.293] [Server thread/DEBUG] [mixin/]: Renaming synthetic method lambda$useLegacySchedulingLogic$0(Lnet/minecraft/server/level/ChunkHolder;Lnet/minecraft/world/level/chunk/ChunkAccess;)Ljava/util/concurrent/CompletableFuture; to md30edc7$lambda$useLegacySchedulingLogic$0$1 in modernfix-common.mixins.json:bugfix.paper_chunk_patches.ChunkMapMixin
[22Mar2025 23:14:57.294] [Server thread/DEBUG] [mixin/]: Mixing bugfix.chunk_deadlock.ChunkMapLoadMixin from modernfix-forge.mixins.json into net.minecraft.server.level.ChunkMap
[22Mar2025 23:14:57.306] [Server thread/DEBUG] [mixin/]: Mixing common.chunk.ProtoChunkMixin from starlight.mixins.json into net.minecraft.world.level.chunk.ProtoChunk
[22Mar2025 23:14:57.503] [Server thread/DEBUG] [mixin/]: Mixing perf.cache_strongholds.ChunkGeneratorMixin from modernfix-common.mixins.json into net.minecraft.world.level.chunk.ChunkGeneratorStructureState
[22Mar2025 23:14:57.503] [Server thread/DEBUG] [mixin/]: Renaming synthetic method lambda$saveCachedData$0(Ljava/util/List;)Ljava/util/List; to md30edc7$lambda$saveCachedData$0$0 in modernfix-common.mixins.json:perf.cache_strongholds.ChunkGeneratorMixin
[22Mar2025 23:14:57.568] [Server thread/DEBUG] [mixin/]: Mixing perf.faster_structure_location.StructureCheckMixin from modernfix-common.mixins.json into net.minecraft.world.level.levelgen.structure.StructureCheck
[22Mar2025 23:14:57.575] [Server thread/DEBUG] [mixin/]: Mixing MixinSleepStatus from comforts.mixins.json into net.minecraft.server.players.SleepStatus
[22Mar2025 23:14:57.596] [Server thread/DEBUG] [ModernFix/]: Loaded stronghold cache for dimension minecraft:overworld with 128 positions
[22Mar2025 23:14:57.989] [Server thread/DEBUG] [mixin/]: Mixing MixinPiglinAi from curios.mixins.json into net.minecraft.world.entity.monster.piglin.PiglinAi
[22Mar2025 23:14:58.162] [Server thread/INFO] [Ksyxis/MinecraftServerMixin/]: Ksyxis: Hey. This is Ksyxis. We will now load the world and will try to do it quickly. If the game is not responding after this, it's probably us to blame or delete for good. This message appears always, even if the mod works flawlessly. (modern)
[22Mar2025 23:14:58.162] [Server thread/INFO] [net.minecraft.server.MinecraftServer/]: Preparing start region for dimension minecraft:overworld
[22Mar2025 23:14:58.163] [Server thread/DEBUG] [Ksyxis/MinecraftServerMixin/]: Ksyxis: Adding zero-level ticket instead of 11 (expected 11) ticket in MinecraftServerMixin.
[22Mar2025 23:14:58.164] [Server thread/DEBUG] [mixin/]: Mixing bugfix.paper_chunk_patches.SortedArraySetMixin from modernfix-common.mixins.json into net.minecraft.util.SortedArraySet
[22Mar2025 23:14:58.166] [Server thread/DEBUG] [Ksyxis/MinecraftServerMixin/]: Ksyxis: Reporting 0 (expected 0 or 441) loaded chunks instead of 441 (expected 441) in MinecraftServerMixin.
[22Mar2025 23:14:58.199] [Server thread/DEBUG] [mixin/]: Mixing common.world.ChunkSerializerMixin from starlight.mixins.json into net.minecraft.world.level.chunk.storage.ChunkSerializer
[22Mar2025 23:14:58.200] [Server thread/DEBUG] [mixin/]: Mixing MixinChunkSerializer from architectury.mixins.json into net.minecraft.world.level.chunk.storage.ChunkSerializer
[22Mar2025 23:14:58.210] [Server thread/DEBUG] [mixin/]: Mixing common.chunk.ImposterProtoChunkMixin from starlight.mixins.json into net.minecraft.world.level.chunk.ImposterProtoChunk
[22Mar2025 23:14:58.216] [Server thread/DEBUG] [mixin/]: Mixing perf.compact_bit_storage.PalettedContainerMixin from modernfix-common.mixins.json into net.minecraft.world.level.chunk.PalettedContainer
[22Mar2025 23:14:58.279] [Server thread/INFO] [net.minecraft.server.level.progress.LoggerChunkProgressListener/]: Time elapsed: 115 ms
[22Mar2025 23:14:58.279] [Server thread/INFO] [net.minecraft.server.dedicated.DedicatedServer/]: Done (1.278s)! For help, type "help"
[22Mar2025 23:14:58.286] [Server thread/DEBUG] [net.minecraftforge.network.DualStackUtils/]: Detected IPv6 address: "0:0:0:0:0:0:0:0"
[22Mar2025 23:14:58.314] [Server thread/DEBUG] [net.minecraftforge.common.ForgeI18n/CORE]: Loading I18N data entries: 8945
[22Mar2025 23:14:58.317] [Server thread/INFO] [net.minecraftforge.server.permission.PermissionAPI/]: Successfully initialized permission handler forge:default_handler
[22Mar2025 23:14:58.350] [Server thread/INFO] [mcp.mobius.waila.config.PluginConfig/]: [WTHIT] Plugin config reloaded
[22Mar2025 23:14:58.353] [Server thread/INFO] [com.github.alexthe666.iceandfire.IceAndFire/]: {iceandfire:fire_dragon_roost=true, iceandfire:fire_lily=true, iceandfire:spawn_dragon_skeleton_fire=true, iceandfire:lightning_dragon_roost=true, iceandfire:spawn_dragon_skeleton_lightning=true, iceandfire:ice_dragon_roost=true, iceandfire:ice_dragon_cave=true, iceandfire:lightning_dragon_cave=true, iceandfire:cyclops_cave=true, iceandfire:spawn_wandering_cyclops=true, iceandfire:spawn_sea_serpent=true, iceandfire:frost_lily=true, iceandfire:hydra_cave=true, iceandfire:lightning_lily=true, iceandfire:pixie_village=true, iceandfire:myrmex_hive_jungle=true, iceandfire:myrmex_hive_desert=true, iceandfire:silver_ore=true, iceandfire:siren_island=true, iceandfire:spawn_dragon_skeleton_ice=true, iceandfire:spawn_stymphalian_bird=true, iceandfire:fire_dragon_cave=true, iceandfire:sapphire_ore=true, iceandfire:spawn_hippocampus=true, iceandfire:spawn_death_worm=true}
[22Mar2025 23:14:58.354] [Server thread/INFO] [com.github.alexthe666.iceandfire.IceAndFire/]: {TROLL_S=true, HIPPOGRYPH=true, AMPHITHERE=true, COCKATRICE=true, TROLL_M=true, DREAD_LICH=true, TROLL_F=true}
[22Mar2025 23:14:58.366] [Server thread/INFO] [atomicstryker.infernalmobs.common.InfernalMobsCore/]: item config parser finished, item count: 14
[22Mar2025 23:14:58.367] [Server thread/INFO] [atomicstryker.infernalmobs.common.InfernalMobsCore/]: item config parser finished, item count: 17
[22Mar2025 23:14:58.367] [Server thread/INFO] [atomicstryker.infernalmobs.common.InfernalMobsCore/]: item config parser finished, item count: 16
[22Mar2025 23:14:58.367] [Server thread/INFO] [atomicstryker.infernalmobs.common.InfernalMobsCore/]: InfernalMobsCore commonSetup completed! Modifiers ready: 28
[22Mar2025 23:14:58.368] [Server thread/INFO] [atomicstryker.infernalmobs.common.InfernalMobsCore/]: InfernalMobsCore commonSetup completed! config file at: /workspaces/paaapule3/servidor_minecraft/./config/infernalmobs.cfg
[22Mar2025 23:14:58.369] [Server thread/WARN] [ModernFix/]: Dedicated server took 28.75 seconds to load
[22Mar2025 23:14:58.389] [Server thread/DEBUG] [io.netty.buffer.AbstractByteBuf/]: -Dio.netty.buffer.checkAccessible: true
[22Mar2025 23:14:58.389] [Server thread/DEBUG] [io.netty.buffer.AbstractByteBuf/]: -Dio.netty.buffer.checkBounds: true
[22Mar2025 23:14:58.390] [Server thread/DEBUG] [io.netty.util.ResourceLeakDetectorFactory/]: Loaded default ResourceLeakDetector: io.netty.util.ResourceLeakDetector@5f06275c
[22Mar2025 23:14:58.418] [Server thread/DEBUG] [net.minecraftforge.coremod.transformer.CoreModBaseTransformer/COREMOD]: Transforming net/minecraft/world/level/NaturalSpawner
[22Mar2025 23:14:58.439] [Server thread/DEBUG] [mixin/]: Mixing item.wearable.NaturalSpawnerMixin from mixins.artifacts.common.json into net.minecraft.world.level.NaturalSpawner
[22Mar2025 23:14:58.439] [Server thread/DEBUG] [mixin/]: Renaming synthetic method lambda$spawnCategoryForPosition$0(Lnet/minecraft/world/entity/Mob;Lnet/minecraft/world/item/ItemStack;)V to md30edc7$lambda$spawnCategoryForPosition$0$0 in mixins.artifacts.common.json:item.wearable.NaturalSpawnerMixin
[22Mar2025 23:14:58.441] [Server thread/DEBUG] [mixin/]: Mixing NaturalSpawnerMixin from alexscaves.mixins.json into net.minecraft.world.level.NaturalSpawner
[22Mar2025 23:14:58.499] [Server thread/DEBUG] [tombstone/]: Updating LootTables
[22Mar2025 23:14:58.578] [Server thread/DEBUG] [mixin/]: Mixing perf.cache_blockstate_cache_arrays.AbstractBlockStateCacheMixin from modernfix-common.mixins.json into net.minecraft.world.level.block.state.BlockBehaviour$BlockStateBase$Cache
[22Mar2025 23:14:58.579] [Server thread/DEBUG] [mixin/]: Mixing BlockStateCacheMixin from ferritecore.blockstatecache.mixin.json into net.minecraft.world.level.block.state.BlockBehaviour$BlockStateBase$Cache
[22Mar2025 23:14:58.664] [Worker-Main-3/DEBUG] [mixin/]: Mixing SubShapeAccess from ferritecore.blockstatecache.mixin.json into net.minecraft.world.phys.shapes.SubShape
[22Mar2025 23:19:58.363] [Server thread/DEBUG] [net.minecraftforge.common.ForgeHooks/WP]: Gathering id map for writing to world save world
[22Mar2025 23:19:58.388] [Server thread/DEBUG] [net.minecraftforge.common.ForgeHooks/WP]: ID Map collection complete world
